lambda,G,tau_f,Phi,PM_deg,GM,e_ss_pct_pred,noise_std_Ta_pred,noise_std_cmd_pred,R_RMS_eT_Nm,S_HF_RMS_Ta_Nm,TV_Ta_Nm_per_s,e_rel_pct,MaxAbs_Ta_Nm,S_HF_RMS_cmd_Nm,std_R,std_S,pareto,knee
30,60,0.01,2.5,84.1426031017188,28.9892123987292,279.554536073155,1.06546233771546,1.99762452075781,4.36060220531591,1.04015195750095,852.316268192681,306.754229205482,7.79943362542694,1.95421108127789,0.000406963523543231,0.003647081360283,0,0
30,60,0.03,2.5,84.1426031017188,28.9892123987292,279.554536073155,0.482687713414051,0.884085036208566,4.3620443821254,0.511256340056676,375.778801117903,305.415724399902,5.95756565270078,0.887657393790978,0.00062427291099983,0.0012703158323838,1,0
30,60,0.1,2.5,84.1426031017188,28.9892123987292,279.554536073155,0.360587203507062,0.65826732447156,4.51429416625925,0.415072696174953,280.434341464673,304.289992402989,7.39646561073749,0.68250214694613,0.000784929757106123,0.000659858026634536,0,0
30,100,0.01,1.5,74.4814003527221,18.8602966825641,167.732721643893,1.58024740184804,2.94035394292563,2.70872557293175,1.46619184000254,1213.1740637837,186.22251033976,7.80392705532917,2.85434217634211,0.0005342117017422,0.00172611868482019,0,0
30,100,0.03,1.5,74.4814003527221,18.8602966825641,167.732721643893,0.726364467538025,1.32562184152131,2.69437964652248,0.75290602005819,559.245856629951,184.830389190057,7.80199255230204,1.32008033087362,5.20679889228294e-05,0.00182316202452022,0,0
30,100,0.1,1.5,74.4814003527221,18.8602966825641,167.732721643893,0.552092973205231,1.00558573208225,2.88824255716945,0.606750914447991,425.075265227638,184.747146655773,7.80392709425741,1.02642700103563,0.000965164484195842,0.00208874095941104,0,0
30,150,0.01,1,67.8151837418847,13.1240779326696,111.821814429262,2.2450827423566,4.1519500014512,1.92544713070756,1.84175566055512,1538.39949346955,131.033190656201,7.80392709423541,3.96589014836202,0.00151366123177171,0.0022386266947275,0,0
30,150,0.03,1,67.8151837418847,13.1240779326696,111.821814429262,1.0397966571203,1.89265945664104,1.84162186530142,1.02807262451243,777.901178283267,123.88310921078,7.80392705620483,1.86225270238745,0.000797612090253997,0.00225234009306461,0,0
30,150,0.1,1,67.8151837418847,13.1240779326696,111.821814429262,0.798469580790892,1.45144963224347,2.07833144161375,0.830200462528798,599.105190389557,123.681722740372,7.80392709425749,1.45685291148225,0.00145758247128971,0.0017236584129293,0,0
30,250,0.01,0.6,58.3036320258135,8.15915286388302,67.0930886575572,3.63934679119179,6.68671296910118,1.38000050512951,2.2762722641686,1890.11189891551,94.334059067081,7.80392709425444,5.88709818943694,0.00117869382117164,0.000724411717151025,0,0
30,250,0.03,0.6,58.3036320258135,8.15915286388302,67.0930886575572,1.69417042125868,3.07757856717106,1.20090270904643,1.47189091267971,1138.12601533934,77.8433309522002,7.80392709425749,2.95328710695042,0.000871782709101664,0.000934040457786995,0,0
30,250,0.1,0.6,58.3036320258135,8.15915286388302,67.0930886575572,1.31282598922685,2.38292177251197,1.48422254062583,1.2238038844049,917.057312334548,75.788340330462,7.80392709425749,2.3216267376454,0.000158436982741863,0.00146223388733832,0,0
30,400,0.01,0.375,47.3915647883092,5.20499967337937,41.9331804109732,5.89607534961007,10.7927161091941,1.12884721068332,2.588081404702,2115.06112509666,77.4881890751532,7.80392709425464,7.91064284034853,0.000699787566259844,0.00297914408129073,0,0
30,400,0.03,0.375,47.3915647883092,5.20499967337937,41.9331804109732,2.74955527431315,4.99500755610059,0.90075104806282,1.91833799037059,1491.5290367504,55.5525279554033,7.80392709425749,4.4828956617464,0.00134728597085067,0.00433704498014406,0,0
30,400,0.1,0.375,47.3915647883092,5.20499967337937,41.9331804109732,2.1423198649425,3.88999347972848,1.20960924869101,1.66706996272908,1273.07256690308,51.7326663569598,7.80392709425749,3.60635955138785,0.000996765202898785,0.000436778286806362,0,0
60,30,0.01,5,84.1426031017187,28.9892123987293,279.554536073155,1.06546233771546,1.99762452075781,4.36060220531572,1.04015195718668,852.316267851392,306.754229205475,7.79943362542675,1.95427722478686,0.000406963523584054,0.00364708091597509,0,0
60,30,0.03,5,84.1426031017187,28.9892123987293,279.554536073155,0.482687713414051,0.884085036208567,4.36204438212545,0.511256339616001,375.778801439068,305.415724399911,5.9575656527004,0.887657393790978,0.000624272911029348,0.001270315209163,1,0
60,30,0.1,5,84.1426031017187,28.9892123987293,279.554536073155,0.360587203507062,0.658267324471561,4.51429416625917,0.415072696174949,280.434341464671,304.289992402991,7.39646561073737,0.68250214694613,0.000784929757126848,0.000659858026622368,1,0
60,60,0.01,2.5,72.2350658282786,20.3470706333142,139.777268036577,1.45747252961736,2.70713563258673,2.28285367093988,1.36674925206467,1115.47845922358,155.478407876043,7.80392706122518,2.64016273174222,8.38360687170009e-05,0.00344242612094796,0,0
60,60,0.03,2.5,72.2350658282786,20.3470706333142,139.777268036577,0.668614347764374,1.21669301951303,2.26299887223454,0.716899567535286,513.26953773506,154.245379165137,7.80391787429945,1.23007693460766,0.000441484604995662,0.00337168138625831,1,0
60,60,0.1,2.5,72.2350658282786,20.3470706333142,139.777268036577,0.506480961842862,0.919824422607805,2.40293421197778,0.585275906585774,388.67747008063,154.219533557752,7.80392709425595,0.95907319097516,0.000833495371426745,0.0034116396085277,1,0
60,100,0.01,1.5,64.889547522538,14.5447196209526,83.8663608219465,1.99700972359818,3.6764461238114,1.47024323790892,1.67842037277457,1359.97822213691,98.4939089805791,7.80392709413544,3.5530564307479,0.000499534200177291,0.00202569573175806,0,0
60,100,0.03,1.5,64.889547522538,14.5447196209526,83.8663608219465,0.923834819718294,1.67100378412626,1.40128058108607,0.956583312655192,681.491689219596,93.0196632375323,7.80392709425273,1.68274638869478,0.000310607454580358,0.00442870183556292,0,0
60,100,0.1,1.5,64.889547522538,14.5447196209526,83.8663608219465,0.707087820235392,1.27714955845293,1.54447996582926,0.791191873932978,525.32096976068,92.8800569846775,7.80392709425749,1.32783148354679,0.000514710627167978,0.00479800893245797,1,1
60,150,0.01,1,59.3137649744701,10.7170266106945,55.910907214631,2.69441289704069,4.9241487047528,1.09704384523368,1.95823805836514,1563.05115698264,72.7945290419864,7.80392709425749,4.64557220434911,8.17524865992352e-05,4.28861712890891e-05,0,0
60,150,0.03,1,59.3137649744701,10.7170266106945,55.910907214631,1.25237261485855,2.2552181112972,0.9951849967554,1.21759767897222,868.300037001335,63.2546201499403,7.80392709425749,2.25098269056658,0.000507352774818679,0.00427036587782495,0,0
60,150,0.1,1,59.3137649744701,10.7170266106945,55.910907214631,0.965391209931065,1.7365966797986,1.13992993280099,1.02343731701486,686.736503092271,62.4995341549457,7.80392709425749,1.78776077107672,0.000993536392967362,0.00277934217198964,0,0
60,250,0.01,0.6,51.1903819411621,7.01840098403923,33.5465443287786,4.16083347665103,7.54277592452659,0.837551073854293,2.30738280423863,1793.74834749742,54.4533929840001,7.80392709425749,6.44494513956643,0.00114793209480016,0.00418051577459929,0,0
60,250,0.03,0.6,51.1903819411621,7.01840098403923,33.5465443287786,1.94034731092306,3.47993271598616,0.71050614630148,1.62385183461968,1159.30258036582,41.0659904360488,7.80392709425749,3.37330024210931,0.00137216660160707,0.0019151784793562,0,0
60,250,0.1,0.6,51.1903819411621,7.01840098403923,33.5465443287786,1.50631052936695,2.69964282195117,0.852723930463786,1.40232059164688,956.353084381654,39.392957038479,7.80392709425749,2.70328264020019,0.000224227480755883,0.00218099088649603,0,0
100,30,0.01,5,74.4814003527221,18.8602966825641,167.732721643893,1.58024740184804,2.94035394292563,2.70869959333532,1.46615852932417,1213.16704124056,186.222510339729,7.80392697189397,2.85866353078202,0.000503824713680091,0.00162170785337104,0,0
100,30,0.03,5,74.4814003527221,18.8602966825641,167.732721643893,0.726364467538025,1.32562184152131,2.69437365324039,0.752800771468477,559.189781112855,184.830389014905,7.80199255230205,1.32011654514333,0.00010492225070785,0.00192340302015817,0,0
100,30,0.1,5,74.4814003527221,18.8602966825641,167.732721643893,0.552092973205231,1.00558573208225,2.88817580900036,0.610328470124117,424.758505307238,184.747166776201,7.80392709425741,1.02800515046709,0.000988540650928205,0.00218804816213392,0,0
100,60,0.01,2.5,64.889547522538,14.5447196209526,83.8663608219465,1.99700972359818,3.6764461238114,1.47028063558504,1.67806509579682,1360.00776059817,98.4937844803864,7.80392709113161,3.55788430397441,0.000463160405086989,0.00227445066486755,0,0
100,60,0.03,2.5,64.889547522538,14.5447196209526,83.8663608219465,0.923834819718294,1.67100378412626,1.4012607334687,0.956403057002751,681.527205184162,93.0196381440463,7.80392709425252,1.68331299014055,0.000275494673155503,0.00425837972957367,1,0
100,60,0.1,2.5,64.889547522538,14.5447196209526,83.8663608219465,0.707087820235392,1.27714955845293,1.5445386461945,0.794186005482226,525.529163671252,92.8800654630735,7.80392709425749,1.32981269355575,0.000437826356373892,0.00476427350192851,0,0
100,100,0.01,1.5,57.7513182188099,11.1236694439629,50.3198164931679,2.57149966446952,4.68415287501023,0.996113429550209,1.90482038829852,1494.36450771915,65.1983872487816,7.80392709425749,4.47813477592268,0.000441882243080296,0.00121321332115173,0,0
100,100,0.03,1.5,57.7513182188099,11.1236694439629,50.3198164931679,1.19526749807212,2.14366043902995,0.909346645064766,1.19765288635129,824.914014402435,56.9003364819766,7.80392709425749,2.17670371057706,0.000668346110618759,0.00399105530622591,1,0
100,100,0.1,1.5,57.7513182188099,11.1236694439629,50.3198164931679,0.9204671325349,1.64898944618784,1.0260388222803,1.02147133614054,652.872379754615,56.2300599278,7.80392709425749,1.74734898350411,0.000884203747930138,0.00418253076952505,1,0
100,150,0.01,1,52.0580034674997,8.58536587553046,33.5465443287786,3.31624465721767,5.9852378396336,0.779732000021911,2.12390382489037,1614.92577748059,49.2221437354493,7.80392709425749,5.54675407028583,0.00157483413421811,0.00139741015027006,0,0
100,150,0.03,1,52.0580034674997,8.58536587553046,33.5465443287786,1.54589936937785,2.75341639637921,0.688678613698854,1.45035179999312,975.908148836764,39.4734416163111,7.80392709425749,2.79191344861999,0.00103654992071338,0.00539113493747872,1,0
100,150,0.1,1,52.0580034674997,8.58536587553046,33.5465443287786,1.19623812325269,2.12876964140923,0.787753383631625,1.26476171176941,792.722196270658,38.3494483979234,7.80392709425749,2.26697204342065,0.000467465522513227,0.00152168059492169,1,0
150,30,0.01,5,67.8151837418847,13.1240779326696,111.821814429262,2.2450827423566,4.1519500014512,1.92543042355193,1.84157877932027,1538.65613600489,131.033203652838,7.8039270570695,3.99533826704558,0.00146416860167643,0.00210082536915795,0,0
150,30,0.03,5,67.8151837418847,13.1240779326696,111.821814429262,1.0397966571203,1.89265945664104,1.84147531118071,1.02751368967706,777.770927758278,123.88311135276,7.8039072984267,1.86290845887697,0.000700860508594176,0.00239190948239545,0,0
150,30,0.1,5,67.8151837418847,13.1240779326696,111.821814429262,0.798469580790892,1.45144963224347,2.07859967934852,0.836024146665554,599.179667169071,123.681739114089,7.80392709425749,1.4598257267208,0.00176262940523483,0.00167831904426063,0,0
150,60,0.01,2.5,59.3137649744701,10.7170266106945,55.910907214631,2.69441289704069,4.9241487047528,1.09710474934551,1.95840287883732,1563.51777663844,72.7942694674742,7.80392709425749,4.70806098155268,1.46166166387973e-06,0.000292620496569139,0,0
150,60,0.03,2.5,59.3137649744701,10.7170266106945,55.910907214631,1.25237261485855,2.2552181112972,0.99522941836707,1.21788781984981,868.618050442012,63.2546757695445,7.80392709425749,2.25952919489005,0.000427183010220976,0.00392389426651788,0,0
150,60,0.1,2.5,59.3137649744701,10.7170266106945,55.910907214631,0.965391209931065,1.7365966797986,1.14025856436931,1.02830996070596,688.018985096889,62.4995983520036,7.80392709425749,1.80038711791155,0.00116007102286296,0.00244403927727139,0,0
150,100,0.01,1.5,52.0580034674997,8.58536587553046,33.5465443287786,3.31624465721767,5.9852378396336,0.780458528468755,2.12432395963047,1615.26820552104,49.2221335356247,7.80392709425749,5.62928110246252,0.000845945038993118,0.00125837695305675,0,0
150,100,0.03,1.5,52.0580034674997,8.58536587553046,33.5465443287786,1.54589936937785,2.75341639637921,0.688681882006717,1.45011514562256,976.207326189838,39.4734361652934,7.80392709425749,2.79797143452363,0.00116280561695396,0.00513138798757167,1,0
150,100,0.1,1.5,52.0580034674997,8.58536587553046,33.5465443287786,1.19623812325269,2.12876964140923,0.788652241128046,1.26556702396119,792.946452941398,38.3496897501802,7.80392709425749,2.27637549205839,0.000818282579777015,0.00184398350746172,0,0
150,150,0.01,1,45.9746943283286,6.85837119326669,22.3643628858524,4.12709134844976,7.36237280725632,0.638276182195195,2.29941842027323,1677.74712884795,37.3356646659635,7.80392709425749,6.66894733942551,0.000104939304189763,0.00367635816441137,0,0
150,150,0.03,1,45.9746943283286,6.85837119326669,22.3643628858524,1.92766841790605,3.39977196848676,0.555964181785494,1.69689087342636,1096.85945709023,27.7449278911149,7.80392709425749,3.50386126482572,0.00137966957376392,0.00181341728668339,1,0
150,150,0.1,1,45.9746943283286,6.85837119326669,22.3643628858524,1.49671814520602,2.63783363970734,0.633822977115781,1.50991794099416,911.263301160701,26.503817491059,7.80392709425749,2.90043981667516,0.000660763859232761,0.00491268570183553,1,0
250,30,0.01,5,58.3036320258135,8.15915286388302,67.0930886575572,3.63934679119179,6.68671296910118,1.37999598416461,2.27708969245335,1891.34599422559,94.3340539042158,7.80392708422028,6.28457899337698,0.001312082764091,0.000609785556673906,0,0
250,30,0.03,5,58.3036320258135,8.15915286388302,67.0930886575572,1.69417042125868,3.07757856717106,1.20099979930407,1.47275477115941,1138.95605989285,77.8432565084954,7.80392709425739,2.96830176278149,0.000836512531290103,0.00120303072333537,0,0
250,30,0.1,5,58.3036320258135,8.15915286388302,67.0930886575572,1.31282598922685,2.38292177251197,2.40459491285196,1.23600529475615,924.026211120836,75.7886096119241,7.80392709425749,2.34768281831706,0.0123085948603239,0.00169418568385768,0,0
250,60,0.01,2.5,51.1903819411621,7.01840098403923,33.5465443287786,4.16083347665103,7.54277592452659,0.849560095558543,2.30829017617896,1797.90251671755,54.4533939608957,7.80392709425748,6.99475999643031,0.0014406588191169,0.0032611306851133,0,0
250,60,0.03,2.5,51.1903819411621,7.01840098403923,33.5465443287786,1.94034731092306,3.47993271598616,0.710529740850578,1.62516434528953,1161.03221303382,41.0659865398982,7.80392709425749,3.41122808669906,0.00121118217132612,0.00278462264019153,0,0
250,60,0.1,2.5,51.1903819411621,7.01840098403923,33.5465443287786,1.50631052936695,2.69964282195117,1.92681907361848,1.40985131252843,968.040654417277,39.3930187867945,7.80392709425749,2.73839063495786,0.0097068912216623,0.00213575764636191,0,0
