lambda,G,tau_f,Phi,PM_deg,GM,e_ss_pct_pred,noise_std_Ta_pred,noise_std_cmd_pred,R_RMS_eT_Nm,S_HF_RMS_Ta_Nm,TV_Ta_Nm_per_s,e_rel_pct,MaxAbs_Ta_Nm,S_HF_RMS_cmd_Nm,std_R,std_S,pareto,knee_distance
60,30,0.1,5,84.1426031017187,28.9892123987293,279.554536073155,0.360587203507062,0.658267324471561,4.51429416625917,0.415072696174949,280.434341464671,304.289992402991,7.39646561073737,0.68250214694613,0.000784929757126848,0.000659858026622368,1,0
60,30,0.03,5,84.1426031017187,28.9892123987293,279.554536073155,0.482687713414051,0.884085036208567,4.36204438212545,0.511256339616001,375.778801439068,305.415724399911,5.9575656527004,0.887657393790978,0.000624272911029348,0.001270315209163,1,-0.0258615461578526
30,60,0.03,2.5,84.1426031017188,28.9892123987292,279.554536073155,0.482687713414051,0.884085036208566,4.3620443821254,0.511256340056676,375.778801117903,305.415724399902,5.95756565270078,0.887657393790978,0.00062427291099983,0.0012703158323838,1,-0.0258615464009392
60,60,0.1,2.5,72.2350658282786,20.3470706333142,139.777268036577,0.506480961842862,0.919824422607805,2.40293421197778,0.585275906585774,388.67747008063,154.219533557752,7.80392709425595,0.95907319097516,0.000833495371426745,0.0034116396085277,1,0.283276878408371
60,60,0.03,2.5,72.2350658282786,20.3470706333142,139.777268036577,0.668614347764374,1.21669301951303,2.26299887223454,0.716899567535286,513.26953773506,154.245379165137,7.80391787429945,1.23007693460766,0.000441484604995662,0.00337168138625831,1,0.235665250304933
60,100,0.1,1.5,64.889547522538,14.5447196209526,83.8663608219465,0.707087820235392,1.27714955845293,1.54447996582926,0.791191873932978,525.32096976068,92.8800569846775,7.80392709425749,1.32783148354679,0.000514710627167978,0.00479800893245797,1,0.323036907298821
100,60,0.03,2.5,64.889547522538,14.5447196209526,83.8663608219465,0.923834819718294,1.67100378412626,1.4012607334687,0.956403057002751,681.527205184162,93.0196381440463,7.80392709425252,1.68331299014055,0.000275494673155503,0.00425837972957367,1,0.257483564781874
100,100,0.1,1.5,57.7513182188099,11.1236694439629,50.3198164931679,0.9204671325349,1.64898944618784,1.0260388222803,1.02147133614054,652.872379754615,56.2300599278,7.80392709425749,1.74734898350411,0.000884203747930138,0.00418253076952505,1,0.288617827524565
100,100,0.03,1.5,57.7513182188099,11.1236694439629,50.3198164931679,1.19526749807212,2.14366043902995,0.909346645064766,1.19765288635129,824.914014402435,56.9003364819766,7.80392709425749,2.17670371057706,0.000668346110618759,0.00399105530622591,1,0.212274021401028
100,150,0.1,1,52.0580034674997,8.58536587553046,33.5465443287786,1.19623812325269,2.12876964140923,0.787753383631625,1.26476171176941,792.722196270658,38.3494483979234,7.80392709425749,2.26697204342065,0.000467465522513227,0.00152168059492169,1,0.196975002952276
150,100,0.03,1.5,52.0580034674997,8.58536587553046,33.5465443287786,1.54589936937785,2.75341639637921,0.688681882006717,1.45011514562256,976.207326189838,39.4734361652934,7.80392709425749,2.79797143452363,0.00116280561695396,0.00513138798757167,1,0.112423869863075
100,150,0.03,1,52.0580034674997,8.58536587553046,33.5465443287786,1.54589936937785,2.75341639637921,0.688678613698854,1.45035179999312,975.908148836764,39.4734416163111,7.80392709425749,2.79191344861999,0.00103654992071338,0.00539113493747872,1,0.112293904839324
150,150,0.1,1,45.9746943283286,6.85837119326669,22.3643628858524,1.49671814520602,2.63783363970734,0.633822977115781,1.50991794099416,911.263301160701,26.503817491059,7.80392709425749,2.90043981667516,0.000660763859232761,0.00491268570183553,1,0.0892339071816673
150,150,0.03,1,45.9746943283286,6.85837119326669,22.3643628858524,1.92766841790605,3.39977196848676,0.555964181785494,1.69689087342636,1096.85945709023,27.7449278911149,7.80392709425749,3.50386126482572,0.00137966957376392,0.00181341728668339,1,0
