G,lambda,PM_deg,e_ss_pct,noise_std_Ta_tau10ms
20,20,-52.1872388177923,1257.9954123292,0.450335730473601
23,20,-57.2033750354758,1093.9090541993,0.486032408614168
27,20,-63.4093534301958,931.848453577183,0.533883411621567
32,20,-70.3738226016557,786.247132705748,0.594081018365534
37,20,-76.5309296527863,679.997520177944,0.654675299245401
43,20,-83.0316065087627,585.114145269394,0.727874316081945
51,20,-90.5563193097405,493.331534246744,0.826235699907496
59,20,91.9499116369592,426.439122823457,0.925403262521432
69,20,87.7064315466537,364.636351399767,1.05041162988168
81,20,83.885410908272,310.616151192394,1.20185138698559
94,20,80.6964874351596,267.658598367914,1.36755482940775
110,20,77.5748111949328,228.726438605309,1.57370418345953
129,20,74.5435584283417,195.038048423131,1.82150686171366
150,20,71.6907897517425,167.732721643893,2.09902704283316
176,20,68.5934711292737,142.954024128318,2.44774970244726
205,20,65.4952034803609,122.731259739434,2.8432859123273
239,20,62.1876599641306,105.27158262169,3.31581531033309
280,20,58.5517216995352,89.8568151663712,3.8983889919912
327,20,54.7552074328942,76.9416154329784,4.58380962279162
381,20,50.8138303587038,66.0365045842098,5.39545637758422
445,20,46.6242133489994,56.5391196552448,6.39275865537342
520,20,42.2680096015127,48.3844389357383,7.61402086158231
608,20,37.7802407004736,41.3814280371446,9.12653293807985
709,20,33.2875148822811,35.4864714338278,10.9819727582404
829,20,28.6738856662912,30.349708379474,13.3800518734647
968,20,24.0779251718081,25.9916407506032,16.4777386330752
1130,20,19.486670424871,22.2654055279504,20.6484123468764
1320,20,14.8854118312445,19.0605365504424,26.6274807090562
1541,20,10.3144596349564,16.3270008089448,36.0036160400238
1800,20,5.75663665144266,13.9777268036577,54.253461207731
20,23,-57.2033750354758,1093.9090541993,0.486032408614168
23,23,-62.5018253473743,951.225264521132,0.521904805612349
27,23,-69.0280088073868,810.303003110594,0.569992799388362
32,23,-76.33484066729,683.693158874564,0.630488925970324
37,23,-82.7995359153832,591.302191459082,0.691382803159851
43,23,-89.6530873255646,508.794908929908,0.764941719118087
51,23,93.5455132413375,428.983942823256,0.863782887328955
59,23,89.4295545731779,370.816628542136,0.963430058026963
69,23,85.5206179844303,317.075088173711,1.08903820600471
81,23,81.9767471889212,270.101001036865,1.24119931458653
94,23,78.9970325544053,232.746607276447,1.40768791915832
110,23,76.0586688478257,198.892555308964,1.61481137994499
129,23,73.1813241659855,169.598302976636,1.86378531916065
150,23,70.4563830873771,145.854540559907,2.14262241935876
176,23,67.4777269740521,124.307847068102,2.49301369405415
205,23,64.4814038885726,106.722834556029,2.89046783117712
239,23,61.2675409467762,91.5405066275566,3.36533157750636
280,23,57.7216126661618,78.1363610142358,3.9508576910085
327,23,54.0067353628244,66.905752550416,4.63986939725436
381,23,50.1394441683833,57.4230474645303,5.45594797073756
445,23,46.0192409196067,49.1644518741259,6.45898360429321
520,23,41.7262947467137,42.0734251615116,7.68773170397587
608,23,37.2909127167506,35.9838504670823,9.21027952932014
709,23,32.8544369661668,30.8578012468068,11.0792822516401
829,23,28.2868394873563,26.39105076476,13.4971285090714
968,23,23.7312893267209,22.601426739655,16.6245048551294
1130,23,19.175623269429,19.3612221982177,20.8435801163316
1320,23,14.6058089638178,16.5743796090803,26.9119103557493
1541,23,10.0623189310056,14.1973920077781,36.4865479499258
1800,23,5.52881876193757,12.1545450466589,55.4040742787216
20,27,-63.4093534301958,931.848453577183,0.533883411621567
23,27,-69.0280088073889,810.303003110594,0.569992799388361
27,27,-75.9239209350643,690.258113760876,0.618399617143467
32,27,-83.6387700530904,582.405283485739,0.679296225063861
37,27,-90.4866399811597,503.701866798477,0.740591121711153
43,27,95.0522080819666,433.417885384736,0.814631022810582
51,27,90.1732996740608,365.430766108699,0.914112753571146
59,27,86.4718758302729,315.880831721079,1.01440004339594
69,27,82.9291078295553,270.101001036865,1.14080889476871
81,27,79.6865884851162,230.086037920292,1.29393368043512
94,27,76.9346397108417,198.265628420677,1.46147226478376
110,27,74.1965216297962,169.426991559488,1.66989995299175
129,27,71.4930723522116,144.472628461579,1.92044423932831
150,27,68.9082885139397,124.246460476958,2.20104942782715
176,27,66.065623287428,105.89186972468,2.55368409836705
205,27,63.1881362507431,90.9120442514325,2.95372034379427
239,27,60.0857911777047,77.9789500901408,3.43173090447497
280,27,56.6491785642442,66.5606038269416,4.02124215371004
327,27,53.0349918319851,56.9937892096136,4.71510718367507
381,27,49.2602989572695,48.9159293216369,5.53718290127004
445,27,45.2277884059417,41.8808293742554,6.5479871961076
520,27,41.0154971601818,35.840325137584,7.78689346953077
608,27,36.6544584696203,30.6529096571442,9.32308253343522
709,27,32.283552565113,26.2862751361688,11.2105580965005
829,27,27.7757057724332,22.481265466277,13.6553968207895
968,27,23.2728198190015,19.2530672226691,16.823455723348
1130,27,18.7636885428727,16.492892983667,21.1091830174279
1320,27,14.235104420756,14.1189159632907,27.3013929220381
1541,27,9.72770746306232,12.0940746732924,37.1554209304057
1800,27,5.22624174920958,10.3538717064131,57.0454478152141
20,32,-70.3738226016557,786.247132705748,0.594081018365534
23,32,-76.33484066729,683.693158874564,0.630488925970324
27,32,-83.6387700530904,582.405283485739,0.679296225063861
32,32,-91.8280699119891,491.404457941093,0.740694716578291
37,32,95.1133494682599,424.998450111215,0.802491453240566
43,32,90.9292279471366,365.696340793371,0.877132877971071
51,32,86.6211227106014,308.332208904215,0.977415696351939
59,32,83.3236235257209,266.52445176466,1.07850396984961
69,32,80.131925333215,227.897719624855,1.20591572061638
81,32,77.1770530783836,194.135094495246,1.36024915314862
94,32,74.641314218001,167.286623979946,1.52910662058417
110,32,72.0956662529774,142.954024128318,1.73917521493188
129,32,69.5596392830476,121.898780264457,1.9916986437641
150,32,67.1167208166421,104.832951027433,2.27453596543966
176,32,64.4123809581677,89.3462650801986,2.6300075517429
205,32,61.6596421301256,76.7070373371461,3.03331434338437
239,32,58.6773007842658,65.7947391385563,3.51531688482288
280,32,55.3615808218172,56.160509478982,4.109891398943
327,32,51.8610469610135,48.0885096456115,4.80993228773239
381,32,48.1927253636196,41.2728153651311,5.63965125895273
445,32,44.2623801003121,35.336949784528,6.66037299873395
520,32,40.1451895502468,30.2402743348365,7.91227125954029
608,32,35.8726628262893,25.8633925232154,9.4659449133641
709,32,31.5804050836712,22.1790446461424,11.3771601607248
829,32,27.1446776844256,18.9685677371712,13.8568043594584
968,32,22.7056903808159,16.244775469127,17.0775616681506
1130,32,18.2532660455519,13.915878454969,21.4501958208283
1320,32,13.7751074314554,11.9128353440265,27.8056194091096
1541,32,9.31198801479915,10.2043755055905,38.0348223974271
1800,32,4.84992906860024,8.73607925228609,59.2945583272142
20,37,-76.5309296527863,679.997520177944,0.654675299245401
23,37,-82.7995359153832,591.302191459082,0.691382803159851
27,37,-90.4866399811613,503.701866798477,0.740591121711153
32,37,95.1133494682599,424.998450111215,0.802491453240566
37,37,91.2688899079594,367.566227123213,0.864789744132123
43,37,87.542570919425,316.277916361835,0.940032476089622
51,37,83.6702901560541,266.665694187429,1.04111673172728
59,37,80.6713251054309,230.507633958625,1.14300729548125
69,37,77.7394576083967,197.100730486361,1.2714250191953
81,37,74.9959053434288,167.900622266159,1.42697284646054
94,37,72.6200330041654,144.680323442116,1.59715778302096
110,37,70.21367184778,123.635912759626,1.8088809061884
129,37,67.8002941975363,105.425972120612,2.06340358377216
150,37,65.468440923748,90.6663360237259,2.3484997158089
176,37,62.8725724544503,77.2724454747664,2.70684711545217
205,37,60.2216343292179,66.341221480775,3.1134749144935
239,37,57.3403914908871,56.9035581738866,3.59953760493747
280,37,54.1298389043432,48.5712514412817,4.19927026050573
327,37,50.7305259555789,41.5900623962045,4.90561313742639
381,37,47.1588735719377,35.6954078833567,5.74314462240049
445,37,43.3229170408271,30.5616863001323,6.77402188676639
520,37,39.2947148656631,26.1537507760748,8.03925147741739
608,37,35.1059635552818,22.3683394795376,9.61091008949721
709,37,30.8887712941675,19.1818764507178,11.5466169482064
829,37,26.522367558186,16.4052477726886,14.0623070491519
968,37,22.1451650593175,14.0495355408666,17.3379270867471
1130,37,17.7478409071386,12.0353543394326,21.8017242063027
1320,37,13.3188804586715,10.3029927299689,28.3304345798935
1541,37,8.89910992805015,8.82540584267287,38.966996932965
1800,37,4.47575137754201,7.55552800197716,61.803107694431
20,44,-84.0357625814025,571.816096513271,0.740123102422118
23,44,-90.7159111486044,497.23138827241,0.777250490893003
27,44,94.3600424428977,423.56747889872,0.827019909850896
32,44,90.3208853476084,357.385060320795,0.889621946467055
37,44,86.9980596429512,309.089781899066,0.952621723588463
43,44,83.7394837193985,265.960975122452,1.02870618062646
51,44,80.3048956511261,224.241606475793,1.13091389697392
59,44,77.6045125258377,193.835964919753,1.23393103724162
69,44,74.926559467478,165.743796090803,1.36376394874433
81,44,72.3855110193416,141.189159632906,1.52102366097251
94,44,70.1615381498882,121.662999258143,1.69308370426222
110,44,67.889472764476,103.966563002413,1.90714869463375
129,44,65.5955520857143,88.6536583741506,2.16450709051846
150,44,63.3701781386469,76.2421462017695,2.45281354711399
176,44,60.8870180135352,64.9791018765081,2.81525626535471
205,44,58.3453267323377,55.7869362451972,3.22662253041193
239,44,55.5842977214911,47.8507193734955,3.71848914661332
280,44,52.4933101940242,40.8440068938051,4.32560933168206
327,44,49.2170145786722,34.9734615604447,5.04099555063744
381,44,45.7658669882825,30.0165929928226,5.8897605257644
445,44,42.0498579772314,25.6995998432931,6.93527228987016
520,44,38.1365571504437,21.992926788972,8.21976107256904
608,44,34.0574923748221,18.8097400168839,9.81747940296408
709,44,29.9395847624015,16.1302142881036,11.7888042925382
829,44,25.6656642749827,13.79532199067,14.3571665003845
968,44,21.3714808013469,11.8143821593651,17.7134814571832
1130,44,17.048671860662,10.1206388763411,22.3126513333453
1320,44,12.6865116443419,8.66388025020108,29.1026798725496
1541,44,8.32587815359405,7.42136400406582,40.3717337493123
1800,44,3.9555160351902,6.35351218348079,65.8592671835763
20,51,-90.5563193097409,493.331534246744,0.826235699907497
23,51,93.5455132413364,428.983942823256,0.863782887328955
27,51,90.1732996740608,365.430766108699,0.914112753571146
32,51,86.6211227106013,308.332208904215,0.977415696351939
37,51,83.6702901560541,266.665694187429,1.04111673172728
43,51,80.7397243676193,229.456527556625,1.11804373100249
51,51,77.6064579499495,193.463346763429,1.22137803129616
59,51,75.1069814601467,167.231028558218,1.3255271642024
69,51,72.5939887407127,142.994647607752,1.45678504597252
81,51,70.1838843309228,121.810255369566,1.61577240527682
94,51,68.0510209457672,104.964156222711,1.7897290909488
110,51,65.8584348811983,89.6966425903171,2.00616817521469
129,51,63.6398509505468,76.4855091855417,2.26640795801047
150,51,61.4823498252894,65.7775378995659,2.5579837287885
176,51,59.0760046301023,56.0604016189482,2.92460624468932
205,51,56.6154210212342,48.1299057801701,3.3408193024567
239,51,53.9431368783899,41.2829735771334,3.83863518671861
280,51,50.9483023919883,35.2379667319103,4.4533444863075
327,51,47.7794830986696,30.1731825227366,5.17804183804316
381,51,44.4337682490369,25.896668464396,6.03840021169101
445,51,40.8240360359189,22.1722037863705,7.0990545063921
520,51,37.0152182308821,18.9742897787209,8.4035306386797
608,51,33.0374471527316,16.2280109949587,10.0283908222177
709,51,29.0123340931138,13.9162633073835,12.0369770660673
829,51,24.8257392740289,11.9018464233231,14.6607610659509
968,51,20.6106153518241,10.1928002943542,18.1026639947431
1130,51,16.3593000253694,8.73153157958839,22.8471076970179
1320,51,12.0615616526353,7.47472021585976,29.922986486882
1541,51,7.75826927505523,6.40274541527247,41.9100181186595
1800,51,3.43952731085256,5.48146149163049,70.7510782071995
20,60,91.4668421856264,419.331804109732,0.937852937232457
23,60,88.9827428447897,364.636351399767,0.975939685527894
27,60,86.0710741921454,310.616151192394,1.02698969196936
32,60,82.9643123989037,262.082377568583,1.09119379442649
37,60,80.3428903607372,226.665840059315,1.15579753120692
43,60,77.7019222594147,195.038048423131,1.23381079408148
51,60,74.8290352492745,164.443844748915,1.3386004920592
59,60,72.4961699930916,142.146374274486,1.44421519494297
69,60,70.1195928810616,121.545450466589,1.57732206213556
81,60,67.8038653596358,103.538717064131,1.738556557298
94,60,65.7340917616804,89.2195327893048,1.91498610700705
110,60,63.5956648781784,76.2421462017695,2.13452802737228
129,60,61.423646295424,65.0126828077104,2.3985430867699
150,60,59.3137649744701,55.910907214631,2.69441289704069
176,60,56.96629978325,47.6513413761059,3.06653879087812
205,60,54.576033359221,40.9104199131446,3.48914910227843
239,60,51.9885527752605,35.0905275405634,3.99483639187213
280,60,49.0945864466918,29.9522717221237,4.61961197712948
327,60,46.0355477029116,25.6472051443261,5.35669207444154
381,60,42.8039520002957,22.0121681947366,6.23251078321275
445,60,39.3141733930102,18.8463732184149,7.31341994431438
520,60,35.6255694637326,16.1281463119128,8.64472612661203
608,60,31.7665382354367,13.7938093457149,10.3061757280572
709,60,27.8517114583823,11.8288238112759,12.365259947612
829,60,23.7701356883485,10.1165694598247,15.0646790656335
968,60,19.651031272305,8.66388025020108,18.6245234194366
1130,60,15.4872679535593,7.42180184265013,23.5720563076475
1320,60,11.26900959339,6.35351218348079,31.0572034859934
1541,60,7.03678332905975,5.4423336029816,44.1224419021014
1800,60,2.78240063317587,4.65924226788591,78.8386146571508
20,70,87.3436790885011,359.427260665485,1.06297348187597
23,70,85.1852484429238,312.545444056943,1.10166008428227
27,70,82.6236568700606,266.242415307767,1.15351093211485
32,70,79.8549708373326,224.642037915928,1.21871822535506
37,70,77.4835115335607,194.285005765127,1.28432838608327
43,70,75.0576530202326,167.17547007697,1.36355487205414
51,70,72.3717877439607,140.951866927641,1.46997364818239
59,70,70.1577309151466,121.83974937813,1.57723266198842
69,70,67.8637522522767,104.181814685648,1.71241898191529
81,70,65.599356790499,88.7474717692555,1.87618731972126
94,70,63.5586758274295,76.4738852479755,2.05541257939871
110,70,61.4355129263863,65.3504110300882,2.27847184532974
129,70,59.276582879493,55.7251566923232,2.54677863372431
150,70,57.1819236584069,47.923634755398,2.84754361390118
176,70,54.8688625502116,40.8440068938051,3.22596123576268
205,70,52.5215576534848,35.0660742112668,3.655906371615
239,70,49.9976146938025,30.0775950347686,4.17064474576724
280,70,47.1870704776236,25.6733757618203,4.80703029627203
327,70,44.2222843809958,21.9833186951367,5.55843757773612
381,70,41.0952064132782,18.8675727383457,6.45220469370335
445,70,37.7161787187273,16.1540341872128,7.55671689621114
520,70,34.1471474289934,13.824125410211,8.91942556578478
608,70,30.4061027608298,11.8232651534699,10.6239281598257
709,70,26.6026837161284,10.1389918382365,12.7428262507497
829,70,22.6287131078692,8.67134525127828,15.5326241323335
968,70,18.6092815983684,7.42618307160093,19.2351461902533
1130,70,14.5372047559779,6.36154443655725,24.4329428813944
1320,70,10.402072161065,5.44586758584068,32.4384361939272
1541,70,6.24611278814039,4.66485737398423,46.966465169875
1800,70,2.06061374210949,3.9936362296165,91.8341384706021
20,82,83.6111435423506,306.828149348585,1.21453847498571
23,82,81.7213034494356,266.807086390074,1.25394664095451
27,82,79.4516236667454,227.280110628581,1.30676152190761
32,82,76.9616242554488,191.767593342865,1.37317805762882
37,82,74.794773671811,165.853053701938,1.44000338995267
43,82,72.5417382808079,142.710767138877,1.52069746071083
51,82,70.0048736584055,120.324764450425,1.62909131738331
59,82,67.873900832465,104.009542152063,1.73834866434156
69,82,65.6324423874058,88.9356954633579,1.87606838432982
81,82,63.392078319566,75.7600368761937,2.04293215090312
94,82,61.350684385623,65.282584967784,2.22558230563454
110,82,59.2147883536135,55.7869362451972,2.45296304234941
129,82,57.0405975377579,47.5702557129589,2.72655919635242
150,82,54.9396752590779,40.9104199131446,3.03337630960101
176,82,52.6288315631811,34.8668351532483,3.41959811624543
205,82,50.3081154449032,29.9344535949839,3.85867188483038
239,82,47.8234771968452,25.6759957613878,4.38471320167141
280,82,45.0823435344575,21.9162963820418,5.03564956615697
327,82,42.2023716783402,18.7662476665801,5.80508209383516
381,82,39.1748769741709,16.1064645327341,6.72152287465212
445,82,35.9109013041086,13.7900291842061,7.85598917243977
520,82,32.4591500225143,11.8010826672533,9.25876510578886
608,82,28.8422411729405,10.0930312285719,11.0185611010542
709,82,25.1582936647838,8.65523693507996,13.2149134106072
829,82,21.3019305286408,7.40236789743268,16.1230362534284
968,82,17.3927028745591,6.33942457331786,20.0152782777434
1130,82,13.4228468263577,5.43058671413424,25.5538214287628
1320,82,9.38182259140323,4.64891135376643,34.2975165275434
1541,82,5.31258734049909,3.98219531925483,51.0970344099255
1800,82,1.20614982151671,3.40920165942872,120.375892672897
20,96,80.2665423737801,262.082377568583,1.39319292310023
23,96,78.5935883759949,227.897719624855,1.43344725855801
27,96,76.557385452197,194.135094495246,1.4873938454786
32,96,74.2948176743921,163.801485980364,1.55523216977836
37,96,72.293506987255,141.666150037072,1.62348882575976
43,96,70.1797069169176,121.898780264457,1.70591486018206
51,96,67.7548558617507,102.777402968072,1.81664500828561
59,96,65.6840325638708,88.8414839215535,1.928271998281
69,96,63.4751751125712,75.9659065416182,2.06900358494096
81,96,61.2345217424402,64.7116981650821,2.23955807260293
94,96,59.1721979622404,55.7622079933155,2.42630413718317
110,96,57.0016245438989,47.6513413761059,2.65886961443858
129,96,54.7879463857055,40.632926754819,2.93883409927177
150,96,52.6565766924044,34.9443170091444,3.25296437149644
176,96,50.3240639175683,29.7820883600662,3.64865258327119
205,96,48.0026419237851,25.5690124457154,4.09884374910309
239,96,45.5423417002279,21.9315797128521,4.63870724373312
280,96,42.8475114899792,18.7201698263273,5.30751652461382
327,96,40.0365074502388,16.0295032152038,6.09919528001507
381,96,37.0936827834338,13.7576051217104,7.04376294842105
445,96,33.9369185178757,11.7789832615093,8.21560325342097
520,96,30.6010708360974,10.0800914449455,9.66871395031249
608,96,27.1073137902794,8.6211308410718,11.4985551944795
709,96,23.5455680770887,7.39301488204747,13.7940670977418
829,96,19.8110670160681,6.32285591239041,16.855840009211
968,96,16.0178682014361,5.41492515637568,20.9995042548236
1130,96,12.1577395989481,4.63862615165633,27.004104327736
1320,96,8.21926068235526,3.9709451146755,36.8164838503516
1541,96,4.24451908085028,3.4014585018635,57.3816621280496
1800,96,0.225455421975898,2.9120264174287,279.328989748059
20,112,77.2280860186467,224.642037915928,1.59963781861384
23,112,75.7306419494806,195.34090253559,1.64086750529646
27,112,73.8891493204306,166.401509567354,1.696120199054
32,112,71.8080532010749,140.401273697455,1.76560214040615
37,112,69.9407724516369,121.428128603204,1.8355164343138
43,112,67.9419847421177,104.484668798106,1.91995211010992
51,112,65.6087134612489,88.0949168297757,2.03339933844204
59,112,63.5858456301617,76.1498433613315,2.14778898999663
69,112,61.3944172819893,65.1136341785299,2.29204112209094
81,112,59.1424900433508,55.4671698557847,2.46692255267695
94,112,57.0489364159603,47.7961782799847,2.65848587203971
110,112,54.8304018755121,40.8440068938051,2.89717021874146
129,112,52.5644175852211,34.828222932702,3.18467946109211
150,112,50.383199180153,29.9522717221237,3.50750916620411
176,112,48.0131502996541,25.5275043086282,3.91450768973895
205,112,45.6708953158655,21.9162963820418,4.37804409013792
239,112,43.2104887582629,18.7984968967304,4.93458109717346
280,112,40.5409895850831,16.0458598511377,5.62506598680053
327,112,37.7797418054095,13.7395741844604,6.44388189703954
381,112,34.9101988575518,11.792232961466,7.42297850943943
445,112,31.8419187646991,10.096271367008,8.64103216861045
520,112,28.6130693706424,8.64007838138185,10.1569183130843
608,112,25.2357396640975,7.38954072091868,12.0750442838879
709,112,21.7921662961516,6.33686989889783,14.4972282555415
829,112,18.178916241342,5.41959078204893,17.7589032856173
968,112,14.5038017364526,4.64136441975058,22.238491420832
1130,112,10.7570089439031,3.97596527284828,28.8927468342231
1320,112,6.92607260241522,3.40366724115042,40.3189218844361
1541,112,3.05149556240415,2.91553585874014,67.9516414867388
1800,112,-0.873953193785145,2.49602264351031,NaN
20,131,74.2530294160235,192.060368294534,1.84777508107924
23,131,72.9076365455478,167.00901590829,1.89017788605785
27,131,71.2320781219979,142.266939477432,1.94700364960239
32,131,69.3108832998611,120.037730184084,2.01846852644276
37,131,67.5657829002821,103.816415294343,2.0903862853581
43,131,65.6694524548916,89.3304038579227,2.17725544941866
51,131,63.4232792022133,75.3177914880525,2.29400029569719
59,131,61.4430641261838,65.1052095913674,2.41175116271158
69,131,59.2679292309552,55.6696719694301,2.56029793725274
81,131,57.0033569844383,47.4223131591442,2.74047404947499
94,131,54.8752155343014,40.8639081477732,2.93795183765138
110,131,52.6057484975633,34.9200669626425,3.18417671642018
129,131,50.2756971483031,29.7768012859742,3.48102339071896
150,131,48.0363142419964,25.6080491059378,3.814669186988
176,131,45.6111373705775,21.8250418516516,4.23580144630611
205,131,43.2306390010881,18.7375969067838,4.71610711421948
239,131,40.7516419639096,16.0719973468229,5.29371991177686
280,131,38.087840177868,13.7185977353238,6.01178438713878
327,131,35.3565399012287,11.7468115164853,6.86538145616154
381,131,32.5440431395993,10.0819090968259,7.88908968476075
445,131,29.5526515150054,8.63192666492287,9.16740525585428
520,131,26.4220075331319,7.38693724209746,10.7660608809701
608,131,23.1536369626919,6.31777527284651,12.8022011705367
709,131,19.8260990666799,5.41778189829433,15.3967348803189
829,131,16.3353052411048,4.63354326404183,18.9371130679076
968,131,12.782134049857,3.96818942757301,23.9023508695303
1130,131,9.15133344514916,3.39929855388556,31.5538768659707
1320,131,5.43864220679538,2.91000558022021,45.7787416688135
1541,131,1.67269926131568,2.49267187922821,92.1604744255238
1800,131,-2.14991113875086,2.13400409216149,NaN
20,153,71.3130940613047,164.443844748915,2.13897716735491
23,153,70.0941391565323,142.994647607752,2.1827628183689
27,153,68.5635713814078,121.810255369566,2.24144547945564
32,153,66.7898060331225,102.777402968072,2.31525505727521
37,153,65.1551273899262,88.888564729143,2.38954601483358
43,153,63.3551115444472,76.4855091855417,2.47930311385737
51,153,61.1920604021882,64.4877822544763,2.59997021670438
59,153,59.2579267336454,55.7436761860728,2.72172886414929
69,153,57.1029834328432,47.6648825359173,2.87541017868904
81,153,54.8350640364788,40.6034184565221,3.06193670018961
94,153,52.6805472680909,34.9880520742372,3.26653341494234
110,153,50.3615782785755,29.898880863439,3.52187085645892
129,153,47.9720430457944,25.4951697285139,3.83005475895862
150,153,45.6704105552454,21.925845966522,4.17690148029586
176,153,43.182897778062,18.6868005396494,4.61538533260567
205,153,40.75285239248,16.0433019267234,5.11641365704698
239,153,38.2405259155018,13.7609911923778,5.72025823405648
280,153,35.5619930888034,11.7459889106368,6.47293018032423
327,153,32.8463063278996,10.0577275075789,7.37057397736256
381,153,30.0684655806484,8.63222282146533,8.45136187503499
445,153,27.1381095257502,7.39073459545684,9.80771156553233
520,153,24.0875471123608,6.32476325957364,11.5151168594241
608,153,20.9157783512257,5.40933699831956,13.7091768011196
709,153,17.6952353416804,4.63875443579449,16.5399127989398
829,153,14.3210089410401,3.96728214110771,20.475307493408
968,153,10.8810720988917,3.39760009811807,26.1652964867306
1130,153,7.37769573520821,2.91051052652946,35.4451835200624
1320,153,3.78009713368601,2.49157340528659,55.2894455720563
1541,153,0.13388597919565,2.13424847175749,328.258532649475
1800,153,-3.58744632274026,1.8271538305435,NaN
20,179,68.2580492007117,140.558146628961,2.48834684235125
23,179,67.1542015140217,122.224475329531,2.53380634327536
27,179,65.7556744568871,104.117145651082,2.59473980246503
32,179,64.1165161024363,87.8488416431003,2.67139620562577
37,179,62.588044001253,75.9773765561949,2.74857360147668
43,179,60.8854682517326,65.3758821530049,2.84184957768472
51,179,58.8121033123194,55.1208418152786,2.96730647381833
59,179,56.93225126082,47.6468293657493,3.09397141770144
69,179,54.8155610418911,40.7414917765103,3.25395551237239
81,179,52.554086894851,34.7057152170273,3.44830298173057
94,179,50.3836145122483,29.9059886444597,3.66169969952419
110,179,48.0312769354027,25.556026659811,3.92834995323155
129,179,45.5894986969733,21.7919607176683,4.25068107290863
150,179,43.229774900082,18.7410862171947,4.61409681111762
176,179,40.6784327919193,15.9725166623819,5.07450684828602
205,179,38.1930294942028,13.7129899150205,5.60192459188283
239,179,35.6337444965954,11.7621880024235,6.23946505388576
280,179,32.9329180613096,10.0398676163543,7.03704275735745
327,179,30.210527090675,8.59682853999759,7.99250892240154
381,179,27.4505447846813,7.37838040047037,9.14923003789394
445,179,24.5615094867809,6.31722007321171,10.6110399081531
520,179,21.5741765837079,5.40608256265233,12.4683060276403
608,179,18.4846417100864,4.6236232443737,14.8854802349293
709,179,15.3599403629167,3.96496887528803,18.0612221164259
829,179,12.0943559652993,3.39102886921497,22.6021322260291
968,179,8.77284874548177,2.90409393861489,29.4927560915285
1130,179,5.38468891082436,2.48775480759222,41.9007024175511
1320,179,1.90508276537033,2.12966888831758,78.4836253077188
1541,179,-1.62397580962467,1.82424590044076,NaN
1800,179,-5.23802486710043,1.56175718476623,NaN
20,209,65.0900023103728,120.382336108057,2.89838422277208
23,209,64.0884668972416,104.680292267876,2.94583578159728
27,209,62.8097437666332,89.172100820783,3.0094515705099
32,209,61.2966410642555,75.2389600675357,3.08950609427365
37,209,59.8714778072958,65.0715330313822,3.17013471127598
43,209,58.267452007547,55.9917842363056,3.26762555936885
51,209,56.2900429314299,47.2087592580616,3.39883217481885
59,209,54.4766002440721,40.8075715620533,3.53140114476232
69,209,52.4117767392045,34.8934307559586,3.69899056988827
81,209,50.1793965094382,29.7240336069277,3.90280710208374
94,209,48.0128401958946,25.6132630017143,4.1268995007902
110,209,45.643827087396,21.8876974741922,4.40736230593105
129,209,43.1663175755525,18.6639280787685,4.74706341029721
150,209,40.7603574000172,16.0509781477409,5.13095466181574
176,209,38.1532492898911,13.6798109213701,5.61866973891314
205,209,35.6111643868096,11.7446181568836,6.1792495131194
239,209,33.01011399277,10.073835657578,6.85957687180015
280,209,30.270498100092,8.59873829343265,7.7148898882371
327,209,27.5286912338289,7.36283401272521,8.74579990925303
381,209,24.7686118267146,6.31928273533108,10.0033154302085
445,209,21.9020334584906,5.41044207227223,11.6080764205206
520,209,18.9577631166601,4.63008985030989,13.6739239406082
608,209,15.9311222533119,3.95994526671241,16.4126255187662
709,209,12.8850707720596,3.39583458696917,20.1099480965626
829,209,9.7089936273527,2.90427831382526,25.63537918321
968,209,6.49658814963494,2.48723834934002,34.7407821652716
1130,209,3.21709459609537,2.13066081607181,54.8164986576783
1320,209,-0.149185894537747,1.82397478951602,NaN
1541,209,-3.56322188873175,1.56239242190859,NaN
1800,209,-7.06302689282142,1.33758151231175,NaN
20,245,61.6328586293909,102.693503047281,3.40019323627664
23,245,60.7271820388557,89.2986983019838,3.45013181226846
27,245,59.5628143689398,76.0692615165047,3.51710084080886
32,245,58.1733104054325,64.1834394045509,3.60141015401838
37,245,56.8572307110427,55.5100016471791,3.68636722621387
43,245,55.3581348664988,47.7644200219913,3.7891535899799
51,245,53.490755888568,40.271961979326,3.92759992700212
59,245,51.7587360909353,34.8113569651801,4.06762138531648
69,245,49.7620237329679,29.7662327673279,4.24483783321558
81,245,47.5790895736578,25.3564205055016,4.46068251511555
94,245,45.4417998846993,21.8496814994216,4.69841664870656
110,245,43.078882026775,18.6715460085966,4.99658289861438
129,245,40.5872149685881,15.9214733406638,5.35868354894739
150,245,38.152049598498,13.6924670729708,5.76917113125881
176,245,35.4992282166462,11.6697162553729,6.29266851531848
205,245,32.9158994062447,10.0188783460762,6.89717245006865
239,245,30.2657365887687,8.59359858136246,7.63489278964367
280,245,27.4835928949686,7.33525021766296,8.56886302328024
327,245,24.7119475702849,6.28094819861048,9.70451842013621
381,245,21.9384493733821,5.39073506809876,11.1052035129778
445,245,19.0751538661911,4.61543833920366,12.9189049806849
520,245,16.154656836008,3.94975011720313,15.3012170685248
608,245,13.1716387567019,3.37807575813426,18.553280723371
709,245,10.1816014232659,2.89685481092472,23.1472320661526
829,245,7.09151436048788,2.47752721465094,30.5832391061716
968,245,3.96808997485511,2.12176659188598,45.1695432792435
1130,245,0.788210209379525,1.81758412473064,112.144265496575
1320,245,-2.46918588915394,1.55596216738305,NaN
1541,245,-5.77628587324283,1.33281639256692,NaN
1800,245,-9.15475831473482,1.14103892274757,NaN
20,286,58.0467294259409,87.9717071558879,3.98483105786433
23,286,57.2281118479985,76.4971366572938,4.03774541233137
27,286,56.1697600895392,65.1642275228799,4.10873183672639
32,286,54.8979214545683,54.9823169724299,4.19814655053286
37,286,53.6800753113745,47.5522741383178,4.2883059345867
43,286,52.2858028980376,40.9170730957618,4.39746807566351
51,286,50.5292879159821,34.4987086885835,4.54465025096208
59,286,48.8877771332393,29.820917679962,4.69368700189042
69,286,46.977670977075,25.4990455524313,4.88258296737216
81,286,44.867921046282,21.7214091742933,5.11307331384928
94,286,42.7786814917724,18.7173845012527,5.36748922257069
110,286,40.4472945679973,15.9948558465251,5.68741748242453
129,286,37.9671963016511,13.6390243652539,6.07723661930767
150,286,35.5232398745916,11.7295609541184,6.52090186787935
176,286,32.8524425340444,9.99678490407817,7.08948670618721
205,286,30.2350016981533,8.58260557618419,7.75003063850107
239,286,27.5464164461821,7.36164913438393,8.56209300750862
280,286,24.7244999685755,6.28369336827771,9.59992659159721
327,286,21.9161893115001,5.38053254776073,10.8772771560706
381,286,19.1210863889277,4.61793738351118,12.477569420223
445,286,16.2463205724588,3.95378459127586,14.5942601347825
520,286,13.3301385960491,3.38352719830338,17.460779893822
608,286,10.3643066692039,2.89380615644368,21.5616373250697
709,286,7.42060810779155,2.48157142893901,27.8295783378966
829,286,4.38398720520272,2.12235722933385,39.7510930414241
968,286,1.32969834409993,1.81759725528694,79.4435721019804
1130,286,-1.76830141574559,1.55702136559094,NaN
1320,286,-4.93312824652943,1.33290465387709,NaN
1541,286,-8.13866691065539,1.14174830831782,NaN
1800,286,-11.4122229256362,0.977463412843199,NaN
20,334,54.2209045660483,75.3290666065387,4.68754221179541
23,334,53.4830451765164,65.5035361795989,4.74415724525361
27,334,52.5244974486151,55.7993085974361,4.82014598225677
32,334,51.3656072853077,47.0806666290867,4.91592748515127
37,334,50.2486602345872,40.7184143819128,5.01258516302335
43,334,48.9610986938205,35.036775165832,5.12972553007218
51,334,47.3288196238914,29.5408104339368,5.2878638116138
59,334,45.7871902601846,25.5352768157758,5.44823659104839
69,334,43.9755597752127,21.8345120598663,5.65186282833461
81,334,41.9553964262491,18.5997695324787,5.90089494055302
94,334,39.9357410782009,16.0274609801146,6.17652669213583
110,334,37.660711815643,13.6961939284616,6.52428759434545
129,334,35.2169036674786,11.6789250552773,6.94981559764357
150,334,32.7932226105383,10.0438755475385,7.43660614058741
176,334,30.1208722643357,8.56012120528849,8.06446904958059
205,334,27.4883494163778,7.34917722990622,8.79976568987767
239,334,24.7739981314895,6.30368758213713,9.71280968980564
280,334,21.9164586520648,5.38064761475277,10.8951197980821
327,334,19.0791403602323,4.60728236125619,12.3757816712395
381,334,16.2511402661471,3.95428171162933,14.2742865216503
445,334,13.3532225593558,3.38557602726017,16.8693958762475
520,334,10.4208990660115,2.89727179255918,20.5644529293971
608,334,7.46432238362902,2.47792982258351,26.314011177988
709,334,4.53598202749929,2.12493840921125,36.6719800071112
829,334,1.53219606980894,1.81734780715413,68.9399265609832
968,334,-1.47367948946332,1.55638567368882,NaN
1130,334,-4.50934163703685,1.33325781604493,NaN
1320,334,-7.59877323206006,1.14134949403847,NaN
1541,334,-10.7166672018816,0.977664719098491,NaN
1800,334,-13.8962328528585,0.836989628961542,NaN
20,391,50.126870880036,64.3475914234883,5.54869850234533
23,391,49.4644687218331,55.9544273247725,5.61004989123925
27,391,48.6004036016317,47.6648825359173,5.69244914493768
32,391,47.5503074823774,40.2172446396802,5.79640275718368
37,391,46.5325004622628,34.7824818505342,5.90141577103721
43,391,45.3522687905756,29.9291122899946,6.02883373609157
51,391,43.8455543412241,25.2343495778386,6.20111998075061
59,391,42.4101963261586,21.8127428554198,6.37617266309457
69,391,40.7099876795645,18.6514757749242,6.5989369899576
81,391,38.7967630536936,15.8882941786391,6.87216055842592
94,391,36.8637824022969,13.6909768986145,7.17561276184316
110,391,34.6706585039833,11.6995620769979,7.56010106585404
129,391,32.2915668731252,9.97637076333152,8.03313928102886
150,391,29.908685770124,8.57967885646511,8.57790102238227
176,391,27.2611210062321,7.31222629812367,9.28652316719589
205,391,24.6343417395566,6.2778137974135,10.1254510014801
239,391,21.9104937361368,5.38473568397392,11.1816675881458
280,391,19.0331905077405,4.59625653024917,12.5751580008247
327,391,16.1638516089035,3.93563250296565,14.3655808583119
381,391,13.3036940498439,3.37782632144296,16.7450196803838
445,391,10.3706724057027,2.89202658083094,20.178678822456
520,391,7.41979177297154,2.47490736244186,25.5322138782963
608,391,4.44557873929286,2.11669708629896,35.4979796213193
709,391,1.51311225074063,1.81516477922393,65.7215843004656
829,391,-1.48023087519733,1.55241475086823,NaN
968,391,-4.46145531198194,1.32949569056794,NaN
1130,391,-7.45650241113891,1.13889542342457,NaN
1320,391,-10.489313330565,0.97496350641649,NaN
1541,391,-13.5395279525171,0.835140706339887,NaN
1800,391,-16.6398339864753,0.714973238038759,NaN
20,457,45.8901883565648,55.0545038218467,6.58423320933957
23,457,45.2964431276894,47.8734815842145,6.65159711160606
27,457,44.5192616394529,40.7811139421087,6.74214520675672
32,457,43.5706129366842,34.4090648886542,6.85650470261427
37,457,42.6467793223629,29.7591912550523,6.97217691689374
43,457,41.5699279344432,25.6067459636496,7.11273361151733
51,457,40.1860255281378,21.5900014987634,7.30315500128907
59,457,38.8588687443161,18.6625436684226,7.49708394282545
69,457,37.2751551059668,15.9578271947382,7.7445479585698
81,457,35.4782406992591,13.5937046473696,8.04914145650492
94,457,33.6495977769927,11.7137242174142,8.3888770236617
110,457,31.5517884338206,10.0099097857903,8.82161138176108
129,457,29.2569472071483,8.53558198788321,9.35765717030197
150,457,26.9391565794145,7.34060050957956,9.98023211505445
176,457,24.340180683337,6.25619361611894,10.7990007116109
205,457,21.7406932212419,5.37117110457041,11.7823043299991
239,457,19.0263192448623,4.60707144952692,13.0436911853391
280,457,16.1420296793338,3.93246455870334,14.7520886121362
327,457,13.252599973331,3.36724794017411,17.0314333371736
381,457,10.3597924830615,2.89000020062187,20.2358726166496
445,457,7.39961054009885,2.47435972233019,25.3145141839978
520,457,4.41297810821397,2.11748091622487,34.8503447414472
608,457,1.40800118879291,1.81100341519233,65.9678378102327
709,457,-1.54671129124576,1.55301844349356,NaN
829,457,-4.555033582253,1.32821480872971,NaN
968,457,-7.53252820706397,1.13748974838526,NaN
1130,457,-10.5128535870738,0.974415996846844,NaN
1320,457,-13.5140659012259,0.834159148815859,NaN
1541,457,-16.5205101407576,0.714529575883799,NaN
1800,457,-19.564282505524,0.61171670913163,NaN
20,535,41.4585369037667,47.0278658814653,7.86552139344597
23,535,40.9277350766336,40.8937964186655,7.94084073577708
27,535,40.2309131624013,34.8354562084928,8.04218718298746
32,535,39.3771797786056,29.3924161759158,8.17036237270896
37,535,38.542322781456,25.4204680440353,8.30021680123106
43,535,37.5648703795075,21.8734259913792,8.45829633809979
51,535,36.3018227504626,18.4423003456727,8.67297919025975
59,535,35.0831770387704,15.9416494513442,8.89225343823877
69,535,33.6196497284306,13.6312654728885,9.17302492875971
81,535,31.9467972696673,11.6118187361643,9.52015672348652
94,535,30.2317116230149,10.0059289109501,9.90942753385523
110,535,28.2474907666437,8.55052106935733,10.4085949143937
129,535,26.0576563147345,7.2911419971264,11.0323948014514
150,535,23.8232816160094,6.27038211752871,11.7649395118073
176,535,21.2953065942602,5.34407566834833,12.7424694553067
205,535,18.7445674662031,4.58808447624052,13.939523793385
239,535,16.0596640553909,3.93538626623141,15.5160396520617
280,535,13.1857418602463,3.35913327724752,17.7350495199989
327,535,10.2846980356315,2.87632207226088,20.8752972449047
381,535,7.37691242785033,2.46865437697981,25.7385080509179
445,535,4.38252752671624,2.11361194972878,35.070710692504
520,535,1.35634831266334,1.80876407236405,66.5709892991993
608,535,-1.68972614709511,1.54696927241662,NaN
709,535,-4.68221218937128,1.32659706294684,NaN
829,535,-7.72029940387077,1.13456853755043,NaN
968,535,-10.7231366006196,0.971650121517878,NaN
1130,535,-13.7125204957227,0.83235160852151,NaN
1320,535,-16.709781064752,0.712543422446444,NaN
1541,535,-19.698903246385,0.610355170427843,NaN
1800,535,-22.7112867487135,0.522531843127392,NaN
20,625,36.9743201613385,40.2558531945343,9.42944903486459
23,625,36.500006368283,35.0050897343777,9.51531285593225
27,625,35.8758268437304,29.8191505144699,9.63099683241077
32,625,35.1087129556573,25.1599082465839,9.77755703254645
37,625,34.3559822398548,21.7599206456942,9.92633183202772
43,625,33.4713906467547,18.7236526486206,10.107854718225
51,625,32.3229923472126,15.7866090958958,10.355117139167
59,625,31.2091731567785,13.6460519303506,10.6085766279451
69,625,29.8639305646405,11.6683632447926,10.9345075850438
81,625,28.3158270280631,9.93971683815662,11.3397066875505
94,625,26.7161270591539,8.56507514777326,11.7971590768466
110,625,24.851803620925,7.31924603536987,12.388736086123
129,625,22.7750562959964,6.2412175495402,13.1363467555387
150,625,20.6378827655441,5.36744709260457,14.0269248006815
176,625,18.1982681407468,4.57452877210617,15.2384361568227
205,625,15.7145262489055,3.92740031166188,16.7618052169179
239,625,13.0777291842987,3.36869064389408,18.8441309290234
280,625,10.2278517482225,2.87541808532388,21.9493640121132
327,625,7.34117291369118,2.46213169385531,26.7908414662945
381,625,4.42091264842286,2.11316814669471,35.8362665163842
445,625,1.39948611299861,1.80925182896783,66.4697084214843
520,625,-1.66528784892102,1.54830204594363,NaN
608,625,-4.75757325229397,1.32420569718863,NaN
709,625,-7.79920910867721,1.13556708588249,NaN
829,625,-10.8854614746229,0.971190668143168,NaN
968,625,-13.9308859917069,0.831732504019304,NaN
1130,625,-16.9525696003971,0.712492976894412,NaN
1320,625,-19.9730213496569,0.609937169614156,NaN
1541,625,-22.9727993431116,0.522464025886234,NaN
1800,625,-25.9820559125136,0.447287257717048,NaN
20,731,32.3887957652869,34.4184791334938,11.4048768269892
23,731,31.9651493378418,29.9291122899946,11.5054827278627
27,731,31.4064857442913,25.4951697285139,11.6412543524352
32,731,30.7180548976718,21.5115494584336,11.8136441419522
37,731,30.0405304259102,18.604583315402,11.9890838750185
43,731,29.2417416875003,16.0085949458111,12.2037630226401
51,731,28.2005066346779,13.4974427974485,12.4973186884208
59,731,27.1859839477439,11.6672810622013,12.7996238651687
69,731,25.9544749127576,9.97637076333152,13.1905100093299
81,731,24.5287724355796,8.49838990950463,13.6799565339022
94,731,23.0464269537597,7.3230806667008,14.2373902219509
110,731,21.3055897752966,6.25790529699886,14.966340349879
129,731,19.3508464751471,5.33619831527035,15.9014521665686
150,731,17.3224063088024,4.5891305511325,17.0372755574444
176,731,14.9863930598345,3.91119081062429,18.6245616027877
205,731,12.586385380203,3.35790040326768,20.6985317535315
239,731,10.0106931523371,2.88020745886977,23.6998219171836
280,731,7.21524001303752,2.45846279524955,28.6298811112062
327,731,4.35028302352685,2.10510575740023,37.9296649540114
381,731,1.43153243674261,1.80674431146949,68.2535749775914
445,731,-1.60757676307877,1.54689793858399,NaN
520,731,-4.70687719360637,1.32378765898053,NaN
608,731,-7.84772997984076,1.13218681360177,NaN
709,731,-10.9451090890475,0.9709020912128,NaN
829,731,-14.092586472864,0.830361378371381,NaN
968,731,-17.1959760839197,0.711125601931689,NaN
1130,731,-20.2734014815254,0.609176621831748,NaN
1320,731,-23.3425777044542,0.521492108083239,NaN
1541,731,-26.3805254247069,0.446703168507382,NaN
1800,731,-29.4156442947177,0.382427545927708,NaN
20,855,27.7593476971127,29.4267932708584,13.9311802579198
23,855,27.3807540411462,25.588515887703,14.0531824129962
27,855,26.8806201031495,21.7976246450803,14.2181886444186
32,855,26.2629132015647,18.3917457942865,14.4283048143792
37,855,25.6534561999198,15.9063747410045,14.6428506992484
43,855,24.9329260746361,13.6868805910969,14.9063829303687
51,855,23.9904073289243,11.5399189297484,15.2685709644487
59,855,23.068415719194,9.97518415961302,15.6438312665244
69,855,21.9443043398073,8.52950529590099,16.1325994360014
81,855,20.6363839556654,7.26587488169343,16.7504933063196
94,855,19.2681757899177,6.26101984486349,17.4625914288121
110,855,17.6508183146836,5.35032604924698,18.4080863328774
129,855,15.8214350511679,4.56229353036565,19.6465334068395
150,855,13.9081525323672,3.92357243611445,21.1931855765392
176,855,11.6860185141375,3.34395378077936,23.4425925359097
205,855,9.37893014782625,2.87090666057155,26.5636057379313
239,855,6.89155495976165,2.46249316074129,31.5418404340199
280,855,4.15723869642468,2.10191380506131,41.4716676912801
327,855,1.33146452531014,1.79980386977727,75.0331269301931
381,855,-1.57083004819637,1.54471355752538,NaN
445,855,-4.61609851338805,1.32255250655543,NaN
520,855,-7.74256415187152,1.13179974118686,NaN
608,855,-10.9283452144348,0.967986620751921,NaN
709,855,-14.0840900513113,0.830092899036909,NaN
829,855,-17.2980365416195,0.709934698935064,NaN
968,855,-20.4744971163062,0.607991596505339,NaN
1130,855,-23.6259580382001,0.52082819948422,NaN
1320,855,-26.7662196186011,0.445860504103915,NaN
1541,855,-29.8682937837015,0.381918147577656,NaN
1800,855,-32.9585001492688,0.326964369676205,NaN
20,1000,23.1127145462148,25.1599082465839,17.2484505892766
23,1000,22.7739369356454,21.878181083986,17.4033960910187
27,1000,22.325730453128,18.6369690715437,17.6135825956039
32,1000,21.7710880978393,15.724942654115,17.8822905653013
37,1000,21.2226747996521,13.5999504035589,18.1579151384322
43,1000,20.5727768998984,11.7022829053879,18.498244476862
51,1000,19.7200909100903,9.86663068493488,18.969259425889
59,1000,18.8831133379334,8.52878245646913,19.4614143132353
69,1000,17.8588996175548,7.29272702799534,20.1090094877287
81,1000,16.6616153070569,6.21232302384789,20.9388549060972
94,1000,15.4024159618083,5.35317196735828,21.9116059173551
110,1000,13.9054690890979,4.57452877210617,23.2323390647881
129,1000,12.200958685911,3.90076096846263,25.0174782706727
150,1000,10.4004134438503,3.35465443287786,27.3460310088506
176,1000,8.30136762429436,2.85908048256636,30.9649462403663
205,1000,6.10478481859945,2.45462519478868,36.5672398457197
239,1000,3.70901339553888,2.1054316524338,47.6010254856294
280,1000,1.05216875460276,1.79713630332742,90.9294932916233
327,1000,-1.71854861778665,1.53883230865957,NaN
381,1000,-4.59011066835445,1.3207300916842,NaN
445,1000,-7.62745676225817,1.1307823931049,NaN
520,1000,-10.7701409718865,0.967688778714767,NaN
608,1000,-13.993771820812,0.827628560742893,NaN
709,1000,-17.2034020219293,0.709729428676557,NaN
829,1000,-20.4891378604444,0.60699416758948,NaN
968,1000,-23.7475438544266,0.519832815012065,NaN
1130,1000,-26.9867809729821,0.445308110559008,NaN
1320,1000,-30.2166907390427,0.381210731008848,NaN
1541,1000,-33.4057273294767,0.326540016178896,NaN
1800,1000,-36.577719848635,0.279554536073155,NaN
