episodes_done,check,mean_eT_before,mean_eT_after,mean_Ta_before,mean_Ta_after,rms_eT_after,max_abs_Ta
0,C1_mu0p3_seen_range,-1.85651,-3.86721,6.24507,7.51700,3.86750,7.5170
0,C2_mu0p45_holdout,-1.85651,-3.25175,6.24507,7.51700,3.25208,7.5170
5,C1_mu0p3_seen_range,-2.69825,-3.89490,7.51700,7.51700,3.89512,7.5170
5,C2_mu0p45_holdout,-2.69825,-3.36183,7.51700,7.51700,3.36191,7.5170
10,C1_mu0p3_seen_range,-2.69833,-3.89491,7.51700,7.51700,3.89513,7.5170
10,C2_mu0p45_holdout,-2.69833,-3.36184,7.51700,7.51700,3.36192,7.5170
15,C1_mu0p3_seen_range,-2.41252,-3.86938,7.51700,7.51700,3.86966,7.5170
15,C2_mu0p45_holdout,-2.41252,-3.32758,7.51700,7.51700,3.32772,7.5170
20,C1_mu0p3_seen_range,-2.69824,-3.89490,7.51700,7.51700,3.89512,7.5170
20,C2_mu0p45_holdout,-2.69824,-3.36183,7.51700,7.51700,3.36191,7.5170
25,C1_mu0p3_seen_range,-2.69827,-3.89490,7.51700,7.51700,3.89512,7.5170
25,C2_mu0p45_holdout,-2.69827,-3.36183,7.51700,7.51700,3.36191,7.5170
30,C1_mu0p3_seen_range,-2.69846,-3.89492,7.51700,7.51700,3.89514,7.5170
30,C2_mu0p45_holdout,-2.69846,-3.36185,7.51700,7.51700,3.36193,7.5170
