Kp,Ki_1_per_s,Kaw,R_pct,R_static_pct,R_dyn_pct,R_small_pct,R_mu_pct,S_Nm,S_cmd_Nm,TV_Nm_per_s,max_Ta_Nm,erel_pct,rev_pct,R_v20,S_v20,TV_v20,erel_v20,R_v60,S_v60,TV_v60,erel_v60,R_v100,S_v100,TV_v100,erel_v100
1.2,2.5,2.08333333333333,28.3649064704532,3.95561470724931,74.5880337805505,31.9075690449852,3.00840834902777,0.231974878293215,0.256484919737434,13.4865988753094,8.08765001845229,5.72536125172493,2.93301797375675,112.692530876135,0.345158482438496,16.9975059252702,5.72536125172493,20.8388282689766,0.174887047905945,11.8300193378767,4.76604106329756,17.6156006316092,0.16908057375794,12.6488272226402,2.9146356539487
1.2,3,2.5,27.1399056222359,2.86868863667926,73.2903491018454,30.2313695592159,2.16921519120299,0.233918140107338,0.259123871084709,13.4956875251306,8.2031180268055,4.08666741610132,4.62430761471639,109.223283064465,0.346476045526461,16.8603324964083,4.08666741610132,19.6733576080492,0.177541195795873,11.8673218835772,2.83573983855084,16.8574910878479,0.171611261348188,12.7445473993472,2.09019696258986
1.2,3.5,2.91666666666667,26.1243860717193,2.39706337177909,71.9125882724841,28.7220834702083,1.46580917240562,0.236587333134882,0.262573582326405,13.5430004664739,8.30836166807284,10.1293182615153,5.39734437091851,107.241103600848,0.349058530349548,16.9094130820563,10.1293182615153,18.5564313897694,0.180550499825822,11.917978808941,1.32281131171912,16.084146171892,0.174585214447397,12.7863231690665,1.28832127930268
1.25,2.5,2,27.8202309841058,3.86614649635958,73.099537326983,31.3423622833791,2.97287782970144,0.237591877847046,0.264015544256159,14.0301054714946,8.09064672014043,5.95739080341955,2.95040912687716,110.609523464641,0.352237423757984,17.6384199153164,5.95739080341955,20.4228098690451,0.180147803815503,12.3306008963906,4.79580437274049,17.2529182119018,0.174003609389273,13.1653313804969,2.93861628748712
1.25,3,2.4,26.6512202326094,2.79694668511603,71.9052698354617,29.7248846575521,2.17777975230775,0.239546489299353,0.266500941584999,14.0580512519537,8.20671991448611,3.25294820004284,4.50691733115364,107.223701209843,0.35336513518138,17.5333636663115,3.25294820004284,19.3179072200754,0.18327547677155,12.3953443690047,2.77873335810022,16.5353904801012,0.176253663780686,13.2578414023939,2.03235451904412
1.25,3.5,2.8,25.6623660577663,2.27984691944036,70.6244825643503,28.2591881424863,1.48594660478842,0.241940778701465,0.269789329694363,14.0932475071571,8.31001441576469,9.13191805239959,5.32169285484474,105.248019883005,0.355750972411673,17.5817920402463,9.13191805239959,18.2480652402839,0.185693066977066,12.4112181850044,1.36985026683497,15.7920140158559,0.179158640141817,13.3065785628778,1.29018480790484
1.3,2.5,1.92307692307692,27.2998828653039,3.7828190894767,71.6764704689231,30.8068874058467,2.93335449696895,0.243409224242239,0.271707951186172,14.612401932283,8.09593190685605,6.16179968254414,2.98084364483787,108.643437148087,0.359230257222588,18.3132277906209,6.16179968254414,20.0228358557173,0.185308183397123,12.844522717992,4.80422445375156,16.8974892154065,0.180028580723845,13.7569753922555,2.97689718451222
1.3,3,2.30769230769231,26.1835392462726,2.73920196067885,70.5813439819981,29.2365568931741,2.17705414923936,0.245112679138629,0.27394307249073,14.6137347764883,8.2055852766039,2.72723204457745,4.35909252963018,105.331419675159,0.360481110131139,18.2257220395376,2.4961017457348,18.9781056517702,0.188324777240696,12.8781653821446,2.72723204457745,16.2224162453284,0.181137317688697,13.7915781137056,1.97127072176511
1.3,3.5,2.69230769230769,25.2212957864486,2.18198803694938,69.3770904944323,27.8174525713811,1.50865204303165,0.247423862771147,0.277138640410833,14.6390491825364,8.30767152399709,8.21243321976006,5.26691072251546,103.32686927405,0.362673102792983,18.2639572027615,8.21243321976006,17.9592406203359,0.190984710398258,12.9311080769039,1.4186684400748,15.5119429064415,0.183681881407862,13.7711252163703,1.28609841257569
