K,stable_lead_found,z_rad_s,p_rad_s,PM_deg,GM,wc_rad_s,HF_gain,Ta_noise_std_Nm,n_feasible_leads
1,1,42.7779520021357,157.64807829482,45.1721967361245,10.754397703978,59.0829144789911,3.68526474308422,0.0178408188225543,580
2,1,42.7779520021357,309.365411595258,46.2557481682632,6.89706952808094,83.0781048694288,14.4637785174855,0.0626407050311113,346
3,1,47.8367855445243,484.624419320507,46.0730225387841,5.81365271597053,101.50818990801,30.392369416384,0.118156851330042,252
4,1,47.8367855445243,606.735843339804,45.4108779965552,4.6961668916463,124.026813497913,50.7338305810772,0.18427291990961,191
5,1,53.4938664459336,950.458566920149,45.9225388163205,4.75084003979269,136.937613160958,88.8380883704471,0.273166051320912,142
6,1,53.4938664459336,1189.94680657735,45.3574551630602,4.23437836367566,157.591548216009,133.4672797802,0.370720061974544,106
6.75,1,59.8199422214928,1665.95745505585,45.2084037447081,4.56161870284418,160.521886744741,187.984347761317,0.437491860644705,79
7,1,59.8199422214928,1864.06514285541,45.3662445256533,4.52945489023861,165.019875849146,218.128863309061,0.474976947336672,71
7.5,1,59.8199422214928,2085.73084880615,45.0536019689863,4.34373150788017,173.99633078055,261.501111253593,0.530776793923375,54
8,1,59.8199422214928,2611.27507215708,45.1571344626866,4.28377891816884,183.461070791075,349.217999908916,0.608903288884909,40
8.5,1,59.8199422214928,3269.24133397747,45.1111761584762,4.22691994746175,192.551729837239,464.53657938881,0.685533047082557,26
9,1,59.8199422214928,4579.71569985154,45.2311324583534,4.23172167596449,201.627961092976,689.025093773073,0.772068903505334,13
9.5,1,59.8199422214928,6415.49330527681,45.1164735484656,4.19176709632214,210.646343896443,1018.84395298249,0.846299180065845,3
9.75,0,NaN,NaN,NaN,NaN,NaN,Inf,NaN,0
10,0,NaN,NaN,NaN,NaN,NaN,Inf,NaN,0
12,0,NaN,NaN,NaN,NaN,NaN,Inf,NaN,0
