K,R_pct,S_Nm,TV_Nm_per_s,erel_pct,rev_pct,admissible,on_front,finalist,chosen
3,71.2028403643279,0.228403453059268,55.7669284867075,136.527569091594,0.423474578481926,0,0,0,0
4,54.0917587055517,0.270179219562561,93.7154835335023,110.952019193088,0.653037799671307,0,0,0,0
5,40.4325080967104,0.326515295797656,165.097042125784,85.4482757051656,0.764341179641916,0,0,0,0
6,33.7232477618442,0.420429620252642,280.247552515023,62.598821826821,0.944339614438135,0,0,0,0
6.75,32.185119299344,0.477267900640432,367.66967855448,57.1224268522887,1.09042530064956,1,1,1,1
7,31.871155619432,0.508712490960262,411.99354384428,55.7712056738223,1.1730332779715,1,1,1,0
7.5,31.3072700414477,0.55014794098758,465.79730777168,53.07121484155,1.26346727419762,1,1,1,0
8,30.8803621609947,0.619954272806246,563.072311863121,51.2478663385671,1.47476978461057,0,0,0,0
8.5,30.6311280710018,0.693536796823724,665.359214692958,49.6456394660279,1.77215850296954,0,0,0,0
9,30.5898539557357,0.80677661100225,817.950250398959,48.0428949051406,2.39650089999217,0,0,0,0
9.5,30.8340614957967,0.940742523132521,982.241098031106,46.4403217133145,3.41823114581612,0,0,0,0
