K,f_sat_ideal,f_sat_noisy,f_sat_delta,pass_no_bangbang
3,8.69557656020382e-05,8.69557656020382e-05,0,1
4,0.00011304249528265,0.000147824801523465,3.47823062408153e-05,1
5,0.000130433648403057,0.000321736332727542,0.000191302684324484,1
6,0.00018260710776428,0.00121738071842854,0.00103477361066425,1
6.75,0.000243476143685707,0.00193911357292545,0.00169563742923975,1
7,0.000234780567125503,0.00333040582255806,0.00309562525543256,1
7.5,0.000260867296806115,0.00569560264693351,0.00543473535012739,1
8,0.000260867296806115,0.0111042512673803,0.0108433839705742,0
8.5,0.000269562873366319,0.0199302614759872,0.0196606986026208,0
9,0.000286954026486726,0.0389040095303519,0.0386170555038652,0
9.5,0.000278258449926522,0.0629994521786767,0.0627211937287502,0
