episode,chunk,reward,steps,wall_s
1,1,-468.544,10000,907.3
2,1,-531.86,10000,907.3
3,1,-285.286,10000,907.3
4,1,-34.0564,10000,907.3
5,1,-10.5423,10000,907.3
6,1,-47.0404,10000,907.3
7,1,-6.64416,10000,907.3
8,1,-262.915,10000,907.3
9,1,-57.4596,10000,907.3
10,1,-70.0737,10000,907.3
11,2,-81.0935,10000,1848.7
12,2,-89.2987,10000,1848.7
13,2,-6.13848,10000,1848.7
14,2,-26.2352,10000,1848.7
15,2,-341.223,10000,1848.7
16,2,-4.02093,10000,1848.7
17,2,-312.057,10000,1848.7
18,2,-215.561,10000,1848.7
19,2,-53.5494,10000,1848.7
20,2,-29.9682,10000,1848.7
21,3,-13.2499,10000,2876.6
22,3,-43.6319,10000,2876.6
23,3,-266.349,10000,2876.6
24,3,-568.441,10000,2876.6
25,3,-40.7759,10000,2876.6
26,3,-34.5814,10000,2876.6
27,3,-34.7413,10000,2876.6
28,3,-48.2472,10000,2876.6
29,3,-4265.53,10000,2876.6
30,3,-3700.05,10000,2876.6
31,4,-4397.02,10000,3970.5
32,4,-312.911,10000,3970.5
33,4,-4543.36,10000,3970.5
34,4,-154.936,10000,3970.5
35,4,-1198.94,10000,3970.5
36,4,-4949.61,10000,3970.5
37,4,-21018.2,10000,3970.5
38,4,-302.112,10000,3970.5
39,4,-53.4083,10000,3970.5
40,4,-155.693,10000,3970.5
41,5,-1272.62,10000,5102.8
42,5,-4037.83,10000,5102.8
43,5,-1343,10000,5102.8
44,5,-5095.07,10000,5102.8
45,5,-749.881,10000,5102.8
46,5,-1871.74,10000,5102.8
47,5,-4885.55,10000,5102.8
48,5,-493.032,10000,5102.8
49,5,-333.852,10000,5102.8
50,5,-1293.73,10000,5102.8
51,6,-564.462,10000,6302.5
52,6,-3517.09,10000,6302.5
53,6,-804.07,10000,6302.5
54,6,-182.925,10000,6302.5
55,6,-2055.04,10000,6302.5
56,6,-63.7045,10000,6302.5
57,6,-37.5562,10000,6302.5
58,6,-537.841,10000,6302.5
59,6,-711.346,10000,6302.5
60,6,-805.285,10000,6302.5
61,7,-968.586,10000,7544.2
62,7,-140.146,10000,7544.2
63,7,-3586.54,10000,7544.2
64,7,-183.201,10000,7544.2
65,7,-229.875,10000,7544.2
66,7,-20.1939,10000,7544.2
67,7,-207.874,10000,7544.2
68,7,-172.726,10000,7544.2
69,7,-547.718,10000,7544.2
70,7,-329.282,10000,7544.2
71,8,-19.0065,10000,8834.9
72,8,-692.822,10000,8834.9
73,8,-461.801,10000,8834.9
74,8,-2119.76,10000,8834.9
75,8,-565.839,10000,8834.9
76,8,-159.261,10000,8834.9
77,8,-172.901,10000,8834.9
78,8,-474.746,10000,8834.9
79,8,-390.722,10000,8834.9
80,8,-8798,10000,8834.9
81,9,-1732.64,10000,10203.0
82,9,-241.954,10000,10203.0
83,9,-16.9426,10000,10203.0
84,9,-81.8394,10000,10203.0
85,9,-107.235,10000,10203.0
86,9,-508.726,10000,10203.0
87,9,-80.0195,10000,10203.0
88,9,-91.7113,10000,10203.0
89,9,-64.5378,10000,10203.0
90,9,-770.807,10000,10203.0
91,10,-60.4815,10000,11750.8
92,10,-165.781,10000,11750.8
93,10,-266.868,10000,11750.8
94,10,-36.7134,10000,11750.8
95,10,-419.46,10000,11750.8
96,10,-525.446,10000,11750.8
97,10,-116.505,10000,11750.8
98,10,-541.471,10000,11750.8
99,10,-201.933,10000,11750.8
100,10,-1811.44,10000,11750.8
101,11,-1264.81,10000,12726.4
102,11,-1350.47,10000,12726.4
103,11,-277.935,10000,12726.4
104,11,-27.7691,10000,12726.4
105,11,-24.65,10000,12726.4
106,11,-397.874,10000,12726.4
107,11,-168.069,10000,12726.4
108,11,-249.22,10000,12726.4
109,11,-638.608,10000,12726.4
110,11,-147.542,10000,12726.4
