wc_design_rad_s,Kp,Ki_1_per_s,Ti_s,a_wcTi,PM_dry_deg,GM_dry,Ms_dry,PM_sat_deg,GM_sat,Ms_sat,wc_dry_rad_s,wc_sat_rad_s,wcg_dry_rad_s,wcg_sat_rad_s,stable_dry,stable_sat,rms_gain_C,a_max_feasible,S_at_0p5Hz_dry,feasible
6,0.124244616176033,7.06218184812098,0.0175929505708056,0.105557703424833,92.3972646729105,2.39367571766278,1.92415496538614,92.1609428611047,2.00335023326643,2.2928085151402,6.00026441803763,7.41192973868241,43.6220468654662,39.7114088123578,1,1,0.218899577335316,0.264739529048023,0.466743384142882,1
7,0.257937342057882,8.02164183714413,0.0321551806094739,0.225086264266317,98.4329699673522,2.36267766413511,2.33957387001849,46.8274795983605,2.01504764514379,2.81943677050783,7.00003409971774,35.8160777767191,47.9439516148458,43.8205198067355,1,1,0.327871809387087,0.225086264266317,0.413625378475169,1
8,NaN,NaN,NaN,NaN,NaN,NaN,NaN,NaN,NaN,NaN,NaN,NaN,NaN,NaN,NaN,NaN,NaN,NaN,NaN,0
10,NaN,NaN,NaN,NaN,NaN,NaN,NaN,NaN,NaN,NaN,NaN,NaN,NaN,NaN,NaN,NaN,NaN,NaN,NaN,0
12,NaN,NaN,NaN,NaN,NaN,NaN,NaN,NaN,NaN,NaN,NaN,NaN,NaN,NaN,NaN,NaN,NaN,NaN,NaN,0
15,NaN,NaN,NaN,NaN,NaN,NaN,NaN,NaN,NaN,NaN,NaN,NaN,NaN,NaN,NaN,NaN,NaN,NaN,NaN,0
20,NaN,NaN,NaN,NaN,NaN,NaN,NaN,NaN,NaN,NaN,NaN,NaN,NaN,NaN,NaN,NaN,NaN,NaN,NaN,0
30,NaN,NaN,NaN,NaN,NaN,NaN,NaN,NaN,NaN,NaN,NaN,NaN,NaN,NaN,NaN,NaN,NaN,NaN,NaN,0
40,0.357198112431555,5.27330924420627,0.0677369932028934,2.70947972811574,61.9195749963845,4.17462234293868,2.03327038703687,45.6465997081591,3.79162025869305,2.22697268665252,39.9968910842932,38.1984177084332,58.482057502656,54.595973440671,1,1,0.379875888864409,316.227766016838,0.53158891589359,1
60,NaN,NaN,NaN,NaN,NaN,NaN,NaN,NaN,NaN,NaN,NaN,NaN,NaN,NaN,NaN,NaN,NaN,NaN,NaN,0
100,NaN,NaN,NaN,NaN,NaN,NaN,NaN,NaN,NaN,NaN,NaN,NaN,NaN,NaN,NaN,NaN,NaN,NaN,NaN,0
200,NaN,NaN,NaN,NaN,NaN,NaN,NaN,NaN,NaN,NaN,NaN,NaN,NaN,NaN,NaN,NaN,NaN,NaN,NaN,0
