Kp,Ki_1_per_s,feasible,min_PM_deg,min_GM
0.01,0.5,1,90.2277727051079,28.9480441491359
0.01,0.538162921357762,1,90.2024142206167,26.5372130337994
0.01,0.579238659848642,1,90.1741271856745,24.348982571381
0.01,0.623449538695001,1,90.1436582879247,22.3601760088424
0.01,0.671034850126503,1,90.1108656895773,20.5502648932928
0.01,0.722252150553894,1,90.0755647905135,18.901073027315
0.01,0.77737865459802,1,90.0375597543425,17.3965079631195
0.01,0.836712735519275,1,89.996643063023,16.0222856728508
0.01,0.900575540168596,1,89.9525888433423,14.765722726772
0.01,0.969312727200953,1,89.9051537594078,13.6155373068134
0.01,1.04329633795945,1,89.8540748465797,12.5616776215029
0.01,1.12292681015623,1,89.7990677979467,11.5951722623391
0.01,1.20863514524926,1,89.7397928977286,10.7079998543587
0.01,1.30088524124601,1,89.6760047401533,9.89297556377986
0.01,1.4001764035603,1,89.6072693648699,9.14365228728558
0.01,1.50704604751243,1,89.5332078748886,8.45600118416319
0.01,1.62207260709992,1,89.4533972890118,7.82077494220856
0.01,1.74587866578259,1,89.3672626937477,7.23566696042422
0.01,1.8791343262275,1,89.2745620423131,6.69638588398965
0.01,2.02256083725248,1,89.174576181215,6.19905449093909
0.01,2.1769344975992,1,89.066709198538,5.74012050770914
0.01,2.34309085766495,1,88.9503018211755,5.31645743868538
0.01,2.52192924193527,1,88.8246256747105,4.92519192141311
0.01,2.71441761659491,1,88.6888747025946,4.56368104748433
0.01,2.92159782866338,1,88.5421736106695,4.22952451855525
0.01,3.14459124501196,1,88.3835015676003,3.92053682227726
0.01,3.38460482178336,1,88.2117472465078,3.63472412888468
0.01,3.642937637065,1,88.0256477108963,3.37026462567743
0.01,3.92098792217409,1,87.8237774434537,3.12549148581208
0.01,4.22026062961142,1,87.6045056515341,2.8988779420508
0.01,4.54237557864567,1,87.364814387241,2.68902409710149
0.01,4.88907622261622,1,87.1055263346132,2.49464520013932
0.01,5.26223908540784,1,86.8217229267309,2.31456118148114
0.01,5.66388391817216,1,86.5106126192499,2.14768727921639
0.01,6.09618463126956,0,86.1685961659695,1.99302562118082
0.01,6.56148106060065,0,85.7911473990827,1.84965764763806
0.01,7.06229163201295,0,85.3725511907648,1.71673727705589
0.01,7.60132699232913,0,84.9044136628705,1.59348473099286
0.01,8.18150468077492,0,84.3799245689492,1.47918094529463
0.01,8.80596492021608,0,83.7835682636254,1.37316250414299
0.01,9.47808761367492,0,83.0970482102419,1.2748170414079
0.01,10.2015106381202,0,82.292579348163,1.18357905825103
0.01,10.9801495345462,0,81.3255672672967,1.0989261255689
0.01,11.8182187009129,0,4.89842366521545,1.02037541073273
0.01,12.7202542026564,0,NaN,NaN
0.01,13.6911383242299,0,NaN,NaN
0.01,14.7361259945615,0,NaN,NaN
0.01,15.8608732294586,0,NaN,NaN
0.01,17.0714677449011,0,NaN,NaN
0.01,18.3744619069216,0,NaN,NaN
0.01,19.7769081964117,0,NaN,NaN
0.01,21.2863973808104,0,NaN,NaN
0.01,22.9110995992783,0,NaN,NaN
0.01,24.6598085837326,0,NaN,NaN
0.01,26.5419892550895,0,NaN,NaN
0.01,28.5678289523306,0,NaN,NaN
0.01,30.7482925716702,0,NaN,NaN
0.01,33.0951819142664,0,NaN,NaN
0.01,35.6211995636964,0,NaN,NaN
0.01,38.3400176389335,0,NaN,NaN
0.01,41.2663517949531,0,NaN,NaN
0.01,44.4160408714983,0,NaN,NaN
0.01,47.8061326211026,0,NaN,NaN
0.01,51.4549759803784,0,NaN,NaN
0.01,55.3823203839878,0,NaN,NaN
0.01,59.6094226588369,0,NaN,NaN
0.01,64.1591620770585,0,NaN,NaN
0.01,69.056164190512,0,NaN,NaN
0.01,74.3269341170545,0,NaN,NaN
0.01,80,0,NaN,NaN
0.02,0.5,1,90.701576586015,34.4668034972047
0.02,0.538162921357762,1,90.6828022535292,31.3166600197176
0.02,0.579238659848642,1,90.6625956871019,28.4734299054171
0.02,0.623449538695001,1,90.6408454247984,25.9098181011598
0.02,0.671034850126503,1,90.6174645541872,23.59917322362
0.02,0.722252150553894,1,90.5922397516149,21.5165999714694
0.02,0.77737865459802,1,90.5651147292658,19.6389123223921
0.02,0.836712735519275,1,90.5359351711991,17.9449405671637
0.02,0.900575540168596,1,90.5044925872516,16.4157431629646
0.02,0.969312727200953,1,90.4706566959444,15.0341178285796
0.02,1.04329633795945,1,90.4274467837199,13.7650870962477
0.02,1.12292681015623,1,90.3725037147258,12.6253062274898
0.02,1.20863514524926,1,90.3133963127886,11.5899758171315
0.02,1.30088524124601,1,90.2496216343661,10.6482939213863
0.02,1.4001764035603,1,90.1809738894019,9.79068304454244
0.02,1.50704604751243,1,90.1070286538667,9.00868036763018
0.02,1.62207260709992,1,90.0273570716382,8.29477120853327
0.02,1.74587866578259,1,89.9414830933777,7.64228805377418
0.02,1.8791343262275,1,89.8489294243739,7.04530418775495
0.02,2.02256083725248,1,89.7491450576513,6.4985428444054
0.02,2.1769344975992,1,89.6415266924311,5.99729790191795
0.02,2.34309085766495,1,89.5254160078136,5.53736477611932
0.02,2.52192924193527,1,89.4000895996093,5.11498024318105
0.02,2.71441761659491,1,89.2647488979847,4.72677004805408
0.02,2.92159782866338,1,89.1185214239689,4.37072201486814
0.02,3.14459124501196,1,88.960407945643,4.04178342426792
0.02,3.38460482178336,1,88.7893069773613,3.73888554766333
0.02,3.642937637065,1,88.6039742240052,3.4597836251912
0.02,3.92098792217409,1,88.403003130662,3.20245428978715
0.02,4.22026062961142,1,88.1847863158294,2.96506020053171
0.02,4.54237557864567,1,87.946572546589,2.74593278615076
0.02,4.88907622261622,1,87.6885808578756,2.54360477066777
0.02,5.26223908540784,1,87.4064438371982,2.35669831816112
0.02,5.66388391817216,1,87.0973526208998,2.18396374319237
0.02,6.09618463126956,1,86.7577478315359,2.02426431103076
0.02,6.56148106060065,0,86.3831777717797,1.87656378322055
0.02,7.06229163201295,0,85.9680315655746,1.73991591632979
0.02,7.60132699232913,0,85.5041686927256,1.61345542679277
0.02,8.18150468077492,0,84.9846518037109,1.49639010802324
0.02,8.80596492021608,0,84.3944864074121,1.38799388647273
0.02,9.47808761367492,0,83.7157004334483,1.28760066345558
0.02,10.2015106381202,0,82.9210533081186,1.19459882710022
0.02,10.9801495345462,0,81.9668343290499,1.10842634339795
0.02,11.8182187009129,0,6.37709649290827,1.02856635234496
0.02,12.7202542026564,0,NaN,NaN
0.02,13.6911383242299,0,NaN,NaN
0.02,14.7361259945615,0,NaN,NaN
0.02,15.8608732294586,0,NaN,NaN
0.02,17.0714677449011,0,NaN,NaN
0.02,18.3744619069216,0,NaN,NaN
0.02,19.7769081964117,0,NaN,NaN
0.02,21.2863973808104,0,NaN,NaN
0.02,22.9110995992783,0,NaN,NaN
0.02,24.6598085837326,0,NaN,NaN
0.02,26.5419892550895,0,NaN,NaN
0.02,28.5678289523306,0,NaN,NaN
0.02,30.7482925716702,0,NaN,NaN
0.02,33.0951819142664,0,NaN,NaN
0.02,35.6211995636964,0,NaN,NaN
0.02,38.3400176389335,0,NaN,NaN
0.02,41.2663517949531,0,NaN,NaN
0.02,44.4160408714983,0,NaN,NaN
0.02,47.8061326211026,0,NaN,NaN
0.02,51.4549759803784,0,NaN,NaN
0.02,55.3823203839878,0,NaN,NaN
0.02,59.6094226588369,0,NaN,NaN
0.02,64.1591620770585,0,NaN,NaN
0.02,69.056164190512,0,NaN,NaN
0.02,74.3269341170545,0,NaN,NaN
0.02,80,0,NaN,NaN
0.04,0.5,1,91.6493567585139,40.9263266918818
0.04,0.538162921357762,1,91.630590657888,37.7237645526184
0.04,0.579238659848642,1,91.6103924721724,34.6428869658684
0.04,0.623449538695001,1,91.588654212089,31.7132911415893
0.04,0.671034850126503,1,91.5657416486743,28.9568220625056
0.04,0.722252150553894,1,91.5401257224438,26.3459499958942
0.04,0.77737865459802,1,91.5129793922254,23.9583876330019
0.04,0.836712735519275,1,91.4838053954739,21.7795207858823
0.04,0.900575540168596,1,91.4524561804535,19.7667642222373
0.04,0.969312727200953,1,91.4186231362941,17.9504116107245
0.04,1.04329633795945,1,91.3822359614478,16.3062369606571
0.04,1.12292681015623,1,91.3430736389825,14.821262096368
0.04,1.20863514524926,1,91.301071974156,13.4818684138918
0.04,1.30088524124601,1,91.2556364613846,12.2745384220675
0.04,1.4001764035603,1,91.2068238162635,11.1863650737838
0.04,1.50704604751243,1,91.1542251003473,10.2054894231505
0.04,1.62207260709992,1,91.0976779151026,9.32079278368297
0.04,1.74587866578259,1,91.0365625092983,8.52237841585058
0.04,1.8791343262275,1,90.9708183651358,7.8013022909941
0.04,2.02256083725248,1,90.8983659105241,7.14124731664686
0.04,2.1769344975992,1,90.7911684122918,6.54742967693447
0.04,2.34309085766495,1,90.6755939209813,6.00833236346517
0.04,2.52192924193527,1,90.5509169296095,5.51826786591141
0.04,2.71441761659491,1,90.4163483373493,5.07219697428152
0.04,2.92159782866338,1,90.2710143137282,4.66566170008788
0.04,3.14459124501196,1,90.1139621249099,4.29471013389016
0.04,3.38460482178336,1,89.9441125340456,3.95583616652973
0.04,3.642937637065,1,89.7602530972334,3.64592538852863
0.04,3.92098792217409,1,89.5610138710836,3.36220686994747
0.04,4.22026062961142,1,89.3448332067988,3.10221114447474
0.04,4.54237557864567,1,89.1099147266131,2.86373357592702
0.04,4.88907622261622,1,88.8540002546402,2.64480245137298
0.04,5.26223908540784,1,88.5750908216425,2.44365120131858
0.04,5.66388391817216,1,88.2699176172442,2.25869421305179
0.04,6.09618463126956,1,87.9349970206457,2.08892581754162
0.04,6.56148106060065,0,87.5660211466651,1.9321038951711
0.04,7.06229163201295,0,87.157580407909,1.78764073122196
0.04,7.60132699232913,0,86.7020303206033,1.65448008176676
0.04,8.18150468077492,0,86.1921641547784,1.53166738190148
0.04,8.80596492021608,0,85.6140039180562,1.41832579111861
0.04,9.47808761367492,0,84.9501847968111,1.3136905682672
0.04,10.2015106381202,0,84.174480231992,1.21704972869039
0.04,10.9801495345462,0,83.2447977449538,1.12775230476642
0.04,11.8182187009129,0,8.64667255298044,1.04520682636778
0.04,12.7202542026564,0,NaN,NaN
0.04,13.6911383242299,0,NaN,NaN
0.04,14.7361259945615,0,NaN,NaN
0.04,15.8608732294586,0,NaN,NaN
0.04,17.0714677449011,0,NaN,NaN
0.04,18.3744619069216,0,NaN,NaN
0.04,19.7769081964117,0,NaN,NaN
0.04,21.2863973808104,0,NaN,NaN
0.04,22.9110995992783,0,NaN,NaN
0.04,24.6598085837326,0,NaN,NaN
0.04,26.5419892550895,0,NaN,NaN
0.04,28.5678289523306,0,NaN,NaN
0.04,30.7482925716702,0,NaN,NaN
0.04,33.0951819142664,0,NaN,NaN
0.04,35.6211995636964,0,NaN,NaN
0.04,38.3400176389335,0,NaN,NaN
0.04,41.2663517949531,0,NaN,NaN
0.04,44.4160408714983,0,NaN,NaN
0.04,47.8061326211026,0,NaN,NaN
0.04,51.4549759803784,0,NaN,NaN
0.04,55.3823203839878,0,NaN,NaN
0.04,59.6094226588369,0,NaN,NaN
0.04,64.1591620770585,0,NaN,NaN
0.04,69.056164190512,0,NaN,NaN
0.04,74.3269341170545,0,NaN,NaN
0.04,80,0,NaN,NaN
0.06,0.5,1,92.5975924073288,39.4777049863756
0.06,0.538162921357762,1,92.5788270796256,37.3224540879237
0.06,0.579238659848642,1,92.5586313212307,35.0881638635861
0.06,0.623449538695001,1,92.5368986734011,32.8526382511349
0.06,0.671034850126503,1,92.5135091741837,30.6165230173956
0.06,0.722252150553894,1,92.4885476316657,28.4025925251377
0.06,0.77737865459802,1,92.4612754682335,26.2347283287757
0.06,0.836712735519275,1,92.4321015304186,24.13651312236
0.06,0.900575540168596,1,92.4009509490516,22.1295786135672
0.06,0.969312727200953,1,92.3670174988708,20.2313097609256
0.06,1.04329633795945,1,92.3306300347974,18.430248822009
0.06,1.12292681015623,1,92.2920203087117,16.7717179100438
0.06,1.20863514524926,1,92.2493900304768,15.2497822013612
0.06,1.30088524124601,1,92.2041986269227,13.8568864237499
0.06,1.4001764035603,1,92.1554836922765,12.5727261377687
0.06,1.50704604751243,1,92.1029798698271,11.4188062602231
0.06,1.62207260709992,1,92.0464164669534,10.3755470715757
0.06,1.74587866578259,1,91.9855851695678,9.43401297799614
0.06,1.8791343262275,1,91.9199348555453,8.58510936241276
0.06,2.02256083725248,1,91.8493071433857,7.81997550243619
0.06,2.1769344975992,1,91.7732825403113,7.1303639623613
0.06,2.34309085766495,1,91.6914126379399,6.50857114384568
0.06,2.52192924193527,1,91.6032139198857,5.9475948492425
0.06,2.71441761659491,1,91.5086810937402,5.4411621936863
0.06,2.92159782866338,1,91.4060224766327,4.98357124697478
0.06,3.14459124501196,1,91.267578101721,4.56304148516704
0.06,3.38460482178336,1,91.0989095038355,4.18544895206737
0.06,3.642937637065,1,90.9164474003741,3.84243045663628
0.06,3.92098792217409,1,90.7188568472185,3.53041324550293
0.06,4.22026062961142,1,90.5046205056382,3.24622919295677
0.06,4.54237557864567,1,90.2719963254201,2.98707932243481
0.06,4.88907622261622,1,90.0189504030418,2.7504776791054
0.06,5.26223908540784,1,89.7431346676451,2.5342184750843
0.06,5.66388391817216,1,89.4417317461204,2.3363408023802
0.06,6.09618463126956,1,89.1113263702264,2.15509860856003
0.06,6.56148106060065,0,88.7477477045836,1.98893449152392
0.06,7.06229163201295,0,88.3457788233166,1.83645686581857
0.06,7.60132699232913,0,87.8982575590444,1.69642007979595
0.06,8.18150468077492,0,87.3976929107494,1.56770710521837
0.06,8.80596492021608,0,86.831090688572,1.44964634500385
0.06,9.47808761367492,0,86.1816443232364,1.3405776299061
0.06,10.2015106381202,0,85.4240519019418,1.24013851884176
0.06,10.9801495345462,0,84.517660213965,1.14758634638838
0.06,11.8182187009129,0,10.1036657199098,1.06225099574979
0.06,12.7202542026564,0,NaN,NaN
0.06,13.6911383242299,0,NaN,NaN
0.06,14.7361259945615,0,NaN,NaN
0.06,15.8608732294586,0,NaN,NaN
0.06,17.0714677449011,0,NaN,NaN
0.06,18.3744619069216,0,NaN,NaN
0.06,19.7769081964117,0,NaN,NaN
0.06,21.2863973808104,0,NaN,NaN
0.06,22.9110995992783,0,NaN,NaN
0.06,24.6598085837326,0,NaN,NaN
0.06,26.5419892550895,0,NaN,NaN
0.06,28.5678289523306,0,NaN,NaN
0.06,30.7482925716702,0,NaN,NaN
0.06,33.0951819142664,0,NaN,NaN
0.06,35.6211995636964,0,NaN,NaN
0.06,38.3400176389335,0,NaN,NaN
0.06,41.2663517949531,0,NaN,NaN
0.06,44.4160408714983,0,NaN,NaN
0.06,47.8061326211026,0,NaN,NaN
0.06,51.4549759803784,0,NaN,NaN
0.06,55.3823203839878,0,NaN,NaN
0.06,59.6094226588369,0,NaN,NaN
0.06,64.1591620770585,0,NaN,NaN
0.06,69.056164190512,0,NaN,NaN
0.06,74.3269341170545,0,NaN,NaN
0.06,80,0,NaN,NaN
0.08,0.5,1,93.5465473536551,35.5316188912245
0.08,0.538162921357762,1,93.527774020602,34.1087428112328
0.08,0.579238659848642,1,93.5075737610825,32.631193903389
0.08,0.623449538695001,1,93.4858398963938,31.0593515753669
0.08,0.671034850126503,1,93.4624507912543,29.4649594748318
0.08,0.722252150553894,1,93.4376322628317,27.8456900834054
0.08,0.77737865459802,1,93.4102601521034,26.1676811868829
0.08,0.836712735519275,1,93.3810684506187,24.4903450697259
0.08,0.900575540168596,1,93.3497011683316,22.8140217410372
0.08,0.969312727200953,1,93.3161177348066,21.155917524481
0.08,1.04329633795945,1,93.2796859582496,19.5339519908701
0.08,1.12292681015623,1,93.2405471005896,17.9657475236291
0.08,1.20863514524926,1,93.1987759351297,16.4673147490943
0.08,1.30088524124601,1,93.1534295285566,15.0513384825107
0.08,1.4001764035603,1,93.1048000575547,13.708315211218
0.08,1.50704604751243,1,93.0523623561714,12.4730660078361
0.08,1.62207260709992,1,92.9958642132754,11.3406261721261
0.08,1.74587866578259,1,92.935186233691,10.3045650939819
0.08,1.8791343262275,1,92.8695917355289,9.34917918013678
0.08,2.02256083725248,1,92.7990923793893,8.49136873556616
0.08,2.1769344975992,1,92.723233271723,7.71597415953444
0.08,2.34309085766495,1,92.6415777067766,7.01626716841374
0.08,2.52192924193527,1,92.5536411592932,6.38543266315405
0.08,2.71441761659491,1,92.4589122891092,5.81685035024221
0.08,2.92159782866338,1,92.3574778850164,5.3043896301092
0.08,3.14459124501196,1,92.2472172888477,4.84229822411632
0.08,3.38460482178336,1,92.1284556591686,4.42538155623487
0.08,3.642937637065,1,92.00038302412,4.04897714620298
0.08,3.92098792217409,1,91.8622075415237,3.70884146233395
0.08,4.22026062961142,1,91.6646593677768,3.39601146365845
0.08,4.54237557864567,1,91.434236591557,3.11523654704003
0.08,4.88907622261622,1,91.183971924548,2.86014079697739
0.08,5.26223908540784,1,90.9111220772552,2.62807336403643
0.08,5.66388391817216,1,90.6133559532939,2.41668359744634
0.08,6.09618463126956,1,90.2873160055688,2.22389488860229
0.08,6.56148106060065,1,89.9289615736565,2.04786239008572
0.08,7.06229163201295,0,89.5332608589792,1.88694905943073
0.08,7.60132699232913,0,89.0935208443572,1.73969939017761
0.08,8.18150468077492,0,88.601957470176,1.60481716153381
0.08,8.80596492021608,0,88.0465295190121,1.481146022417
0.08,9.47808761367492,0,87.4109468315515,1.36765257503022
0.08,10.2015106381202,0,86.6707541434951,1.26341164503182
0.08,10.9801495345462,0,85.7865792214096,1.1675934574376
0.08,11.8182187009129,0,11.0676441432961,1.07969386372119
0.08,12.7202542026564,0,NaN,NaN
0.08,13.6911383242299,0,NaN,NaN
0.08,14.7361259945615,0,NaN,NaN
0.08,15.8608732294586,0,NaN,NaN
0.08,17.0714677449011,0,NaN,NaN
0.08,18.3744619069216,0,NaN,NaN
0.08,19.7769081964117,0,NaN,NaN
0.08,21.2863973808104,0,NaN,NaN
0.08,22.9110995992783,0,NaN,NaN
0.08,24.6598085837326,0,NaN,NaN
0.08,26.5419892550895,0,NaN,NaN
0.08,28.5678289523306,0,NaN,NaN
0.08,30.7482925716702,0,NaN,NaN
0.08,33.0951819142664,0,NaN,NaN
0.08,35.6211995636964,0,NaN,NaN
0.08,38.3400176389335,0,NaN,NaN
0.08,41.2663517949531,0,NaN,NaN
0.08,44.4160408714983,0,NaN,NaN
0.08,47.8061326211026,0,NaN,NaN
0.08,51.4549759803784,0,NaN,NaN
0.08,55.3823203839878,0,NaN,NaN
0.08,59.6094226588369,0,NaN,NaN
0.08,64.1591620770585,0,NaN,NaN
0.08,69.056164190512,0,NaN,NaN
0.08,74.3269341170545,0,NaN,NaN
0.08,80,0,NaN,NaN
0.1,0.5,1,94.4964670378191,31.5701067952788
0.1,0.538162921357762,1,94.4776926628429,30.5866608489339
0.1,0.579238659848642,1,94.4574839122108,29.5507693990501
0.1,0.623449538695001,1,94.4357413056275,28.4629323763992
0.1,0.671034850126503,1,94.4123454318215,27.3261757152289
0.1,0.722252150553894,1,94.3876252558888,26.1455170827901
0.1,0.77737865459802,1,94.3601692374414,24.8899090053666
0.1,0.836712735519275,1,94.3309684398156,23.6156029034155
0.1,0.900575540168596,1,94.2996013385112,22.3210395332912
0.1,0.969312727200953,1,94.2661973494738,20.9793204540382
0.1,1.04329633795945,1,94.2296659836227,19.6376504570403
0.1,1.12292681015623,1,94.1904967683333,18.2963469643261
0.1,1.20863514524926,1,94.1487231217446,16.9691370388474
0.1,1.30088524124601,1,94.1036237734698,15.6703548753431
0.1,1.4001764035603,1,94.0550712259978,14.4141189156749
0.1,1.50704604751243,1,94.0026689057089,13.2133038488371
0.1,1.62207260709992,1,93.9461975824093,12.0781659557955
0.1,1.74587866578259,1,93.8856535097698,11.0013788310584
0.1,1.8791343262275,1,93.8200660256997,10.0105462914797
0.1,2.02256083725248,1,93.7496576950886,9.10185214533112
0.1,2.1769344975992,1,93.673950784996,8.27038639375944
0.1,2.34309085766495,1,93.5924829223372,7.50372877584445
0.1,2.52192924193527,1,93.5047847579063,6.81516374411994
0.1,2.71441761659491,1,93.4103442907225,6.19270816511421
0.1,2.92159782866338,1,93.3097272934662,5.63098716923164
0.1,3.14459124501196,1,93.1997074732068,5.12454668243504
0.1,3.38460482178336,1,93.081334487696,4.66808266613371
0.1,3.642937637065,1,92.9537408873167,4.25667372833208
0.1,3.92098792217409,1,92.8161917788574,3.88571040518984
0.1,4.22026062961142,1,92.6678352606895,3.55101964541969
0.1,4.54237557864567,1,92.5076458750953,3.24885870079545
0.1,4.88907622261622,1,92.3345131518684,2.97582280736478
0.1,5.26223908540784,1,92.079600756903,2.72478044550229
0.1,5.66388391817216,1,91.7853514221569,2.49942660761247
0.1,6.09618463126956,1,91.4635457350752,2.29469231769882
0.1,6.56148106060065,1,91.1102659506773,2.10844821958138
0.1,7.06229163201295,0,90.7206588570011,1.93880602863606
0.1,7.60132699232913,0,90.2884879206234,1.78409763355075
0.1,8.18150468077492,0,89.8056730685596,1.64284119960059
0.1,8.80596492021608,0,89.2610969856473,1.51372184865271
0.1,9.47808761367492,0,88.6389506122386,1.39557057522755
0.1,10.2015106381202,0,87.9155575894417,1.28734636495868
0.1,10.9801495345462,0,87.0526859903883,1.18812058967757
0.1,11.8182187009129,0,11.6918530952368,1.09706341096709
0.1,12.7202542026564,0,1.45315729482294,1.01343194104128
0.1,13.6911383242299,0,NaN,NaN
0.1,14.7361259945615,0,NaN,NaN
0.1,15.8608732294586,0,NaN,NaN
0.1,17.0714677449011,0,NaN,NaN
0.1,18.3744619069216,0,NaN,NaN
0.1,19.7769081964117,0,NaN,NaN
0.1,21.2863973808104,0,NaN,NaN
0.1,22.9110995992783,0,NaN,NaN
0.1,24.6598085837326,0,NaN,NaN
0.1,26.5419892550895,0,NaN,NaN
0.1,28.5678289523306,0,NaN,NaN
0.1,30.7482925716702,0,NaN,NaN
0.1,33.0951819142664,0,NaN,NaN
0.1,35.6211995636964,0,NaN,NaN
0.1,38.3400176389335,0,NaN,NaN
0.1,41.2663517949531,0,NaN,NaN
0.1,44.4160408714983,0,NaN,NaN
0.1,47.8061326211026,0,NaN,NaN
0.1,51.4549759803784,0,NaN,NaN
0.1,55.3823203839878,0,NaN,NaN
0.1,59.6094226588369,0,NaN,NaN
0.1,64.1591620770585,0,NaN,NaN
0.1,69.056164190512,0,NaN,NaN
0.1,74.3269341170545,0,NaN,NaN
0.1,80,0,NaN,NaN
0.12,0.5,1,95.4476004895911,28.1539889608046
0.12,0.538162921357762,1,95.4288342027719,27.4427724519897
0.12,0.579238659848642,1,95.4086185729009,26.6852951534457
0.12,0.623449538695001,1,95.3868669938803,25.8867223831081
0.12,0.671034850126503,1,95.3634581735425,25.0443653456843
0.12,0.722252150553894,1,95.3388196026598,24.1585076984049
0.12,0.77737865459802,1,95.311278473833,23.2301014741876
0.12,0.836712735519275,1,95.2820608210321,22.2632496148652
0.12,0.900575540168596,1,95.2506897220337,21.2387419763537
0.12,0.969312727200953,1,95.2176257129701,20.1918153045337
0.12,1.04329633795945,1,95.1808407860678,19.1151847645723
0.12,1.12292681015623,1,95.1416708502524,18.0265192693096
0.12,1.20863514524926,1,95.1001634375566,16.9006294777093
0.12,1.30088524124601,1,95.0550027364327,15.78136387812
0.12,1.4001764035603,1,95.0065978661129,14.6682477908268
0.12,1.50704604751243,1,94.954194079717,13.5730986618873
0.12,1.62207260709992,1,94.89770377855,12.507831837618
0.12,1.74587866578259,1,94.8372798164724,11.4838144251027
0.12,1.8791343262275,1,94.7716349627932,10.5107725570155
0.12,2.02256083725248,1,94.7012804729958,9.59580914610923
0.12,2.1769344975992,1,94.6256967897391,8.72932715966909
0.12,2.34309085766495,1,94.5443972178853,7.93764460710132
0.12,2.52192924193527,1,94.4569134333232,7.21565695143862
0.12,2.71441761659491,1,94.3627375170721,6.54855731786521
0.12,2.92159782866338,1,94.2613299978468,5.94688342906403
0.12,3.14459124501196,1,94.1531971443084,5.40233917733043
0.12,3.38460482178336,1,94.035157729696,4.91057548511064
0.12,3.642937637065,1,93.9079865395877,4.46704874134057
0.12,3.92098792217409,1,93.7710071133636,4.06726119512498
0.12,4.22026062961142,1,93.6233964116754,3.70693173211131
0.12,4.54237557864567,1,93.464120082608,3.38212107415635
0.12,4.88907622261622,1,93.292081594306,3.0891493896017
0.12,5.26223908540784,1,93.1060707195695,2.8247396967653
0.12,5.66388391817216,1,92.9047234732471,2.58592866016686
0.12,6.09618463126956,1,92.6405981385218,2.36722036247252
0.12,6.56148106060065,1,92.2922665117594,2.17050441440807
0.12,7.06229163201295,0,91.9086072835323,1.99190077308877
0.12,7.60132699232913,0,91.4838281526794,1.82952827095853
0.12,8.18150468077492,0,91.0095559021964,1.68171996235579
0.12,8.80596492021608,0,90.4755696667508,1.54700159875662
0.12,9.47808761367492,0,89.8665122267524,1.42406572891173
0.12,10.2015106381202,0,89.1594279307213,1.31175253574505
0.12,10.9801495345462,0,28.2702286761317,1.20903163304755
0.12,11.8182187009129,0,12.0900533120245,1.11498617759216
0.12,12.7202542026564,0,2.79759005717741,1.02879898487392
0.12,13.6911383242299,0,NaN,NaN
0.12,14.7361259945615,0,NaN,NaN
0.12,15.8608732294586,0,NaN,NaN
0.12,17.0714677449011,0,NaN,NaN
0.12,18.3744619069216,0,NaN,NaN
0.12,19.7769081964117,0,NaN,NaN
0.12,21.2863973808104,0,NaN,NaN
0.12,22.9110995992783,0,NaN,NaN
0.12,24.6598085837326,0,NaN,NaN
0.12,26.5419892550895,0,NaN,NaN
0.12,28.5678289523306,0,NaN,NaN
0.12,30.7482925716702,0,NaN,NaN
0.12,33.0951819142664,0,NaN,NaN
0.12,35.6211995636964,0,NaN,NaN
0.12,38.3400176389335,0,NaN,NaN
0.12,41.2663517949531,0,NaN,NaN
0.12,44.4160408714983,0,NaN,NaN
0.12,47.8061326211026,0,NaN,NaN
0.12,51.4549759803784,0,NaN,NaN
0.12,55.3823203839878,0,NaN,NaN
0.12,59.6094226588369,0,NaN,NaN
0.12,64.1591620770585,0,NaN,NaN
0.12,69.056164190512,0,NaN,NaN
0.12,74.3269341170545,0,NaN,NaN
0.12,80,0,NaN,NaN
0.15,0.5,1,96.8773865665569,24.0527445061242
0.15,0.538162921357762,1,96.8584422028074,23.5801395061318
0.15,0.579238659848642,1,96.8382106325019,23.0768923913996
0.15,0.623449538695001,1,96.816433803472,22.5418273648716
0.15,0.671034850126503,1,96.7930038679539,21.9739750650503
0.15,0.722252150553894,1,96.7677949446395,21.3691996205346
0.15,0.77737865459802,1,96.740935130225,20.7315230680741
0.15,0.836712735519275,1,96.7115299520497,20.058818662863
0.15,0.900575540168596,1,96.6801366265956,19.3513015669885
0.15,0.969312727200953,1,96.6463789890244,18.6096737271181
0.15,1.04329633795945,1,96.6105763296405,17.837190526705
0.15,1.12292681015623,1,96.5711760320987,17.0188069246912
0.15,1.20863514524926,1,96.5294100527449,16.1821507340126
0.15,1.30088524124601,1,96.4840797853956,15.3215642608532
0.15,1.4001764035603,1,96.435728962821,14.4510844699027
0.15,1.50704604751243,1,96.3838283938279,13.5507205018301
0.15,1.62207260709992,1,96.3277138205404,12.6552995285153
0.15,1.74587866578259,1,96.2675617502109,11.7644882494365
0.15,1.8791343262275,1,96.2016627193805,10.8877278604126
0.15,2.02256083725248,1,96.1313002023961,10.0345540865993
0.15,2.1769344975992,1,96.055840825735,9.21408881419139
0.15,2.34309085766495,1,95.9747560535062,8.4341725947389
0.15,2.52192924193527,1,95.8875484710537,7.70056349394863
0.15,2.71441761659491,1,95.7937252256038,7.00576205177723
0.15,2.92159782866338,1,95.6927523034117,6.37064700932623
0.15,3.14459124501196,1,95.5859358672505,5.79123344902444
0.15,3.38460482178336,1,95.4682887982107,5.25593581639521
0.15,3.642937637065,1,95.3416654362864,4.77299678250195
0.15,3.92098792217409,1,95.2054121381784,4.33587319870704
0.15,4.22026062961142,1,95.0588322682537,3.94109542293318
0.15,4.54237557864567,1,94.9008503517356,3.58503019622456
0.15,4.88907622261622,1,94.7303797468791,3.26407583402248
0.15,5.26223908540784,1,94.546245757995,2.97479837898506
0.15,5.66388391817216,1,94.3471363837224,2.71404060497107
0.15,6.09618463126956,1,94.1315591313034,2.47884743989432
0.15,6.56148106060065,1,93.8984511613215,2.26658801771967
0.15,7.06229163201295,1,93.6439919179346,2.07488406370798
0.15,7.60132699232913,0,93.2790182476411,1.89936304107313
0.15,8.18150468077492,0,92.8172770281601,1.74147247016949
0.15,8.80596492021608,0,92.2988170448686,1.59812583529653
0.15,9.47808761367492,0,91.7090783047706,1.46781199348366
0.15,10.2015106381202,0,91.0256125835168,1.34919196575596
0.15,10.9801495345462,0,23.2247420587903,1.24108140861854
0.15,11.8182187009129,0,12.4276578785375,1.14243016494858
0.15,12.7202542026564,0,4.36655278767624,1.05230662972336
0.15,13.6911383242299,0,NaN,NaN
0.15,14.7361259945615,0,NaN,NaN
0.15,15.8608732294586,0,NaN,NaN
0.15,17.0714677449011,0,NaN,NaN
0.15,18.3744619069216,0,NaN,NaN
0.15,19.7769081964117,0,NaN,NaN
0.15,21.2863973808104,0,NaN,NaN
0.15,22.9110995992783,0,NaN,NaN
0.15,24.6598085837326,0,NaN,NaN
0.15,26.5419892550895,0,NaN,NaN
0.15,28.5678289523306,0,NaN,NaN
0.15,30.7482925716702,0,NaN,NaN
0.15,33.0951819142664,0,NaN,NaN
0.15,35.6211995636964,0,NaN,NaN
0.15,38.3400176389335,0,NaN,NaN
0.15,41.2663517949531,0,NaN,NaN
0.15,44.4160408714983,0,NaN,NaN
0.15,47.8061326211026,0,NaN,NaN
0.15,51.4549759803784,0,NaN,NaN
0.15,55.3823203839878,0,NaN,NaN
0.15,59.6094226588369,0,NaN,NaN
0.15,64.1591620770585,0,NaN,NaN
0.15,69.056164190512,0,NaN,NaN
0.15,74.3269341170545,0,NaN,NaN
0.15,80,0,NaN,NaN
0.18,0.5,1,98.3115027893515,20.917185275253
0.18,0.538162921357762,1,98.2923762435171,20.5818491691495
0.18,0.579238659848642,1,98.2720950627517,20.2238780006562
0.18,0.623449538695001,1,98.2502805340245,19.8417948401655
0.18,0.671034850126503,1,98.2268105557772,19.4347779253044
0.18,0.722252150553894,1,98.2015631590079,19.0016979624711
0.18,0.77737865459802,1,98.1769947972307,18.5416560816555
0.18,0.836712735519275,1,98.1454907183868,18.0517935475954
0.18,0.900575540168596,1,98.1137982399369,17.534325399041
0.18,0.969312727200953,1,98.0799882179092,16.9877126859897
0.18,1.04329633795945,1,98.0448349151718,16.4119653064929
0.18,1.12292681015623,1,98.0049827834542,15.8073616305258
0.18,1.20863514524926,1,97.9626849775306,15.1756089133905
0.18,1.30088524124601,1,97.9173231298783,14.5194895976884
0.18,1.4001764035603,1,97.8688937073666,13.8216629195444
0.18,1.50704604751243,1,97.8168751601011,13.1135419647966
0.18,1.62207260709992,1,97.7608974050019,12.3942176390174
0.18,1.74587866578259,1,97.7004983302388,11.6487191756682
0.18,1.8791343262275,1,97.6357605889039,10.903317756112
0.18,2.02256083725248,1,97.5652713074171,10.1581833312248
0.18,2.1769344975992,1,97.4898531881761,9.42094749302123
0.18,2.34309085766495,1,97.4089189837382,8.69957396442191
0.18,2.52192924193527,1,97.3219439696381,8.0019034448486
0.18,2.71441761659491,1,97.228420809747,7.33507916230951
0.18,2.92159782866338,1,97.1278296450083,6.70478359358779
0.18,3.14459124501196,1,97.0196101787351,6.10690695511754
0.18,3.38460482178336,1,96.9051991431746,5.55682084122266
0.18,3.642937637065,1,96.7790455100508,5.05238285495705
0.18,3.92098792217409,1,96.6433140437576,4.59083181929039
0.18,4.22026062961142,1,96.4976455324023,4.1652470660032
0.18,4.54237557864567,1,96.3408681771053,3.78304249776748
0.18,4.88907622261622,1,96.1718838877039,3.43754015424782
0.18,5.26223908540784,1,95.9895453135081,3.12575286607945
0.18,5.66388391817216,1,95.7925892535454,2.84465086378866
0.18,6.09618463126956,1,95.5795880438034,2.5912885672654
0.18,6.56148106060065,1,95.3499430940654,2.36293427598988
0.18,7.06229163201295,1,95.0988792794474,2.15702827559766
0.18,7.60132699232913,0,94.826527173179,1.97125468922858
0.18,8.18150468077492,0,94.5297570924995,1.80353604205595
0.18,8.80596492021608,0,94.1263209930368,1.65198222459717
0.18,9.47808761367492,0,93.5559006894327,1.51262572188963
0.18,10.2015106381202,0,32.8782793462583,1.38753423054172
0.18,10.9801495345462,0,20.9435693398164,1.27388712914421
0.18,11.8182187009129,0,12.575327993717,1.17050268668896
0.18,12.7202542026564,0,5.52358344063762,1.07633296181015
0.18,13.6911383242299,0,NaN,NaN
0.18,14.7361259945615,0,NaN,NaN
0.18,15.8608732294586,0,NaN,NaN
0.18,17.0714677449011,0,NaN,NaN
0.18,18.3744619069216,0,NaN,NaN
0.18,19.7769081964117,0,NaN,NaN
0.18,21.2863973808104,0,NaN,NaN
0.18,22.9110995992783,0,NaN,NaN
0.18,24.6598085837326,0,NaN,NaN
0.18,26.5419892550895,0,NaN,NaN
0.18,28.5678289523306,0,NaN,NaN
0.18,30.7482925716702,0,NaN,NaN
0.18,33.0951819142664,0,NaN,NaN
0.18,35.6211995636964,0,NaN,NaN
0.18,38.3400176389335,0,NaN,NaN
0.18,41.2663517949531,0,NaN,NaN
0.18,44.4160408714983,0,NaN,NaN
0.18,47.8061326211026,0,NaN,NaN
0.18,51.4549759803784,0,NaN,NaN
0.18,55.3823203839878,0,NaN,NaN
0.18,59.6094226588369,0,NaN,NaN
0.18,64.1591620770585,0,NaN,NaN
0.18,69.056164190512,0,NaN,NaN
0.18,74.3269341170545,0,NaN,NaN
0.18,80,0,NaN,NaN
0.2,0.5,1,99.2716896792867,19.2406885331896
0.2,0.538162921357762,1,99.2513872714732,18.9499136435421
0.2,0.579238659848642,1,99.230874314181,18.656619646644
0.2,0.623449538695001,1,99.2090227927749,18.3433686142657
0.2,0.671034850126503,1,99.1855180563918,18.0089908383858
0.2,0.722252150553894,1,99.1602345701476,17.6525350558896
0.2,0.77737865459802,1,99.1330405225252,17.2730146883327
0.2,0.836712735519275,1,99.1051099560771,16.8695591437451
0.2,0.900575540168596,1,99.0724708784543,16.4414582213278
0.2,0.969312727200953,1,99.0385230532908,15.9854951569922
0.2,1.04329633795945,1,99.0021376943098,15.5049070489815
0.2,1.12292681015623,1,98.9637745027128,14.9980498145425
0.2,1.20863514524926,1,98.9212623038455,14.4651072546523
0.2,1.30088524124601,1,98.8758714134423,13.9067285622978
0.2,1.4001764035603,1,98.8282924050006,13.3254048822757
0.2,1.50704604751243,1,98.7750439138003,12.7092047401189
0.2,1.62207260709992,1,98.7190608064426,12.0799749911757
0.2,1.74587866578259,1,98.6587372639456,11.4331296632707
0.2,1.8791343262275,1,98.5937350577905,10.7793907538653
0.2,2.02256083725248,1,98.5239145731132,10.1034445084783
0.2,2.1769344975992,1,98.4484848980736,9.431911623169
0.2,2.34309085766495,1,98.3676145703127,8.76444846034017
0.2,2.52192924193527,1,98.280762786931,8.10816000803529
0.2,2.71441761659491,1,98.1874150617844,7.47019023260407
0.2,2.92159782866338,1,98.0870500140127,6.85732334316186
0.2,3.14459124501196,1,97.979117459183,6.2753205214346
0.2,3.38460482178336,1,97.8657761982538,5.72835127347224
0.2,3.642937637065,1,97.7399049619872,5.21043995251811
0.2,3.92098792217409,1,97.6043637102259,4.73759289836816
0.2,4.22026062961142,1,97.4592227772822,4.30662721485654
0.2,4.54237557864567,1,97.3031967473319,3.90833928501557
0.2,4.88907622261622,1,97.1351610644942,3.54928446334506
0.2,5.26223908540784,1,96.9539796091801,3.22437010110403
0.2,5.66388391817216,1,96.7584192333714,2.93097549901038
0.2,6.09618463126956,1,96.5470946930736,2.66637284919599
0.2,6.56148106060065,1,96.3197818765223,2.42786796434449
0.2,7.06229163201295,1,96.0708881337079,2.21290348076814
0.2,7.60132699232913,1,95.8013658542843,2.01912289224411
0.2,8.18150468077492,0,95.5080556104994,1.84433204429389
0.2,8.80596492021608,0,95.1875954630891,1.68657602001461
0.2,9.47808761367492,0,45.4476365254934,1.54408600824456
0.2,10.2015106381202,0,28.8756501650166,1.41353462345265
0.2,10.9801495345462,0,19.9085862408957,1.2961347318478
0.2,11.8182187009129,0,12.5768859509633,1.1895364787209
0.2,12.7202542026564,0,6.12163497089024,1.0926187114962
0.2,13.6911383242299,0,0.294085967427513,1.00438786809696
0.2,14.7361259945615,0,NaN,NaN
0.2,15.8608732294586,0,NaN,NaN
0.2,17.0714677449011,0,NaN,NaN
0.2,18.3744619069216,0,NaN,NaN
0.2,19.7769081964117,0,NaN,NaN
0.2,21.2863973808104,0,NaN,NaN
0.2,22.9110995992783,0,NaN,NaN
0.2,24.6598085837326,0,NaN,NaN
0.2,26.5419892550895,0,NaN,NaN
0.2,28.5678289523306,0,NaN,NaN
0.2,30.7482925716702,0,NaN,NaN
0.2,33.0951819142664,0,NaN,NaN
0.2,35.6211995636964,0,NaN,NaN
0.2,38.3400176389335,0,NaN,NaN
0.2,41.2663517949531,0,NaN,NaN
0.2,44.4160408714983,0,NaN,NaN
0.2,47.8061326211026,0,NaN,NaN
0.2,51.4549759803784,0,NaN,NaN
0.2,55.3823203839878,0,NaN,NaN
0.2,59.6094226588369,0,NaN,NaN
0.2,64.1591620770585,0,NaN,NaN
0.2,69.056164190512,0,NaN,NaN
0.2,74.3269341170545,0,NaN,NaN
0.2,80,0,NaN,NaN
0.25,0.5,1,101.679378797179,15.965087990899
0.25,0.538162921357762,1,101.660348299504,15.78832896275
0.25,0.579238659848642,1,101.641320167095,15.5998582278503
0.25,0.623449538695001,1,101.617956555968,15.3995214276497
0.25,0.671034850126503,1,101.596397435538,15.1675851940744
0.25,0.722252150553894,1,101.568921724375,14.9334751223567
0.25,0.77737865459802,1,101.541602741271,14.6834261172912
0.25,0.836712735519275,1,101.512228029007,14.4165093733329
0.25,0.900575540168596,1,101.483471559391,14.131954602664
0.25,0.969312727200953,1,101.447261859469,13.828973343327
0.25,1.04329633795945,1,101.410255768727,13.5068656536604
0.25,1.12292681015623,1,101.37095730573,13.1650582077691
0.25,1.20863514524926,1,101.330783408712,12.8010130719515
0.25,1.30088524124601,1,101.284167990596,12.4172518332233
0.25,1.4001764035603,1,101.234720287172,12.0124744842356
0.25,1.50704604751243,1,101.184188135023,11.5868214779683
0.25,1.62207260709992,1,101.126194040702,11.1407732768341
0.25,1.74587866578259,1,101.065851029737,10.6763088090001
0.25,1.8791343262275,1,101.000952272796,10.1840831869708
0.25,2.02256083725248,1,100.931147902848,9.6812256435079
0.25,2.1769344975992,1,100.856351787516,9.16417384329097
0.25,2.34309085766495,1,100.775529539483,8.64144606749624
0.25,2.52192924193527,1,100.688883240077,8.10089003920745
0.25,2.71441761659491,1,100.595875659617,7.56364883798056
0.25,2.92159782866338,1,100.495984968827,7.02947668266153
0.25,3.14459124501196,1,100.388675674956,6.50405056202001
0.25,3.38460482178336,1,100.273378485474,5.99308834388459
0.25,3.642937637065,1,100.152501544826,5.50203528634866
0.25,3.92098792217409,1,100.017371302259,5.03553709953837
0.25,4.22026062961142,1,99.873700536079,4.59697463510348
0.25,4.54237557864567,1,99.7193463568629,4.18167409992908
0.25,4.88907622261622,1,99.5535424757337,3.80233463647969
0.25,5.26223908540784,1,99.3751374655456,3.45646888127163
0.25,5.66388391817216,1,99.1829587409718,3.13687101485862
0.25,6.09618463126956,1,98.9757233408836,2.84867064281074
0.25,6.56148106060065,1,98.7544470902794,2.5878501512764
0.25,7.06229163201295,1,98.510649954925,2.35231844690506
0.25,7.60132699232913,1,98.2480672667502,2.13989404837552
0.25,8.18150468077492,0,47.7897149281909,1.94841939051461
0.25,8.80596492021608,0,37.8648864702833,1.77584300520185
0.25,9.47808761367492,0,30.4101031522194,1.62027622485199
0.25,10.2015106381202,0,23.9189739081754,1.47995697181343
0.25,10.9801495345462,0,17.9802202999902,1.35331578639271
0.25,11.8182187009129,0,12.4563774933589,1.23893311981058
0.25,12.7202542026564,0,7.19476115453911,1.13416174274522
0.25,13.6911383242299,0,2.19820158585263,1.03993303178584
0.25,14.7361259945615,0,NaN,NaN
0.25,15.8608732294586,0,NaN,NaN
0.25,17.0714677449011,0,NaN,NaN
0.25,18.3744619069216,0,NaN,NaN
0.25,19.7769081964117,0,NaN,NaN
0.25,21.2863973808104,0,NaN,NaN
0.25,22.9110995992783,0,NaN,NaN
0.25,24.6598085837326,0,NaN,NaN
0.25,26.5419892550895,0,NaN,NaN
0.25,28.5678289523306,0,NaN,NaN
0.25,30.7482925716702,0,NaN,NaN
0.25,33.0951819142664,0,NaN,NaN
0.25,35.6211995636964,0,NaN,NaN
0.25,38.3400176389335,0,NaN,NaN
0.25,41.2663517949531,0,NaN,NaN
0.25,44.4160408714983,0,NaN,NaN
0.25,47.8061326211026,0,NaN,NaN
0.25,51.4549759803784,0,NaN,NaN
0.25,55.3823203839878,0,NaN,NaN
0.25,59.6094226588369,0,NaN,NaN
0.25,64.1591620770585,0,NaN,NaN
0.25,69.056164190512,0,NaN,NaN
0.25,74.3269341170545,0,NaN,NaN
0.25,80,0,NaN,NaN
0.3,0.5,1,104.110894822454,13.6292546828327
0.3,0.538162921357762,1,104.090821888354,13.5046110903654
0.3,0.579238659848642,1,104.070069318161,13.3712988387047
0.3,0.623449538695001,1,104.047926892469,13.2286641211816
0.3,0.671034850126503,1,104.024140049361,13.0763090531261
0.3,0.722252150553894,1,103.999747714423,12.9140937034344
0.3,0.77737865459802,1,103.974058178743,12.7285545943588
0.3,0.836712735519275,1,103.945836489932,12.5395827758935
0.3,0.900575540168596,1,103.914393421564,12.3376503670328
0.3,0.969312727200953,1,103.879654050183,12.1221032150586
0.3,1.04329633795945,1,103.840018600679,11.8920361700451
0.3,1.12292681015623,1,103.799758320617,11.6469811937506
0.3,1.20863514524926,1,103.757167287691,11.3862561761558
0.3,1.30088524124601,1,103.711618350203,11.1093275770408
0.3,1.4001764035603,1,103.662719420575,10.8144444186964
0.3,1.50704604751243,1,103.610784173681,10.5030052976532
0.3,1.62207260709992,1,103.55551261414,10.1740734565011
0.3,1.74587866578259,1,103.493293960774,9.82766769128062
0.3,1.8791343262275,1,103.428278770831,9.46395692300591
0.3,2.02256083725248,1,103.358469649512,9.08406917527214
0.3,2.1769344975992,1,103.2834881282,8.68965050489423
0.3,2.34309085766495,1,103.203204124445,8.26994024139228
0.3,2.52192924193527,1,103.116625726103,7.84441444799647
0.3,2.71441761659491,1,103.023828510243,7.41236059417054
0.3,2.92159782866338,1,102.92428732975,6.96469130373207
0.3,3.14459124501196,1,102.817477740068,6.51734687591187
0.3,3.38460482178336,1,102.702854114678,6.07040403108538
0.3,3.642937637065,1,102.584490678136,5.62846228689247
0.3,3.92098792217409,1,102.449623218715,5.19630024312073
0.3,4.22026062961142,1,102.306564487331,4.77861083204411
0.3,4.54237557864567,1,102.154255699366,4.37964353167436
0.3,4.88907622261622,1,101.990482308782,4.00274867199704
0.3,5.26223908540784,1,101.81472529142,3.64531047236311
0.3,5.66388391817216,1,62.2271254952388,3.31668955763166
0.3,6.09618463126956,1,55.3641998811428,3.01551626859603
0.3,6.56148106060065,1,49.7857997795787,2.74000578634222
0.3,7.06229163201295,0,44.6493741496176,2.48592902716984
0.3,7.60132699232913,0,39.7496754057686,2.25786276191836
0.3,8.18150468077492,0,34.9873731891357,2.05172168370347
0.3,8.80596492021608,0,30.31148786208,1.86570940274543
0.3,9.47808761367492,0,25.7003490180729,1.69800921952767
0.3,10.2015106381202,0,21.1451269756174,1.54685807000899
0.3,10.9801495345462,0,16.6443646579529,1.4106261906411
0.3,11.8182187009129,0,12.2023106776921,1.28778186475479
0.3,12.7202542026564,0,7.82612587333609,1.17694502115577
0.3,13.6911383242299,0,3.53277573265847,1.07687608012317
0.3,14.7361259945615,0,NaN,NaN
0.3,15.8608732294586,0,NaN,NaN
0.3,17.0714677449011,0,NaN,NaN
0.3,18.3744619069216,0,NaN,NaN
0.3,19.7769081964117,0,NaN,NaN
0.3,21.2863973808104,0,NaN,NaN
0.3,22.9110995992783,0,NaN,NaN
0.3,24.6598085837326,0,NaN,NaN
0.3,26.5419892550895,0,NaN,NaN
0.3,28.5678289523306,0,NaN,NaN
0.3,30.7482925716702,0,NaN,NaN
0.3,33.0951819142664,0,NaN,NaN
0.3,35.6211995636964,0,NaN,NaN
0.3,38.3400176389335,0,NaN,NaN
0.3,41.2663517949531,0,NaN,NaN
0.3,44.4160408714983,0,NaN,NaN
0.3,47.8061326211026,0,NaN,NaN
0.3,51.4549759803784,0,NaN,NaN
0.3,55.3823203839878,0,NaN,NaN
0.3,59.6094226588369,0,NaN,NaN
0.3,64.1591620770585,0,NaN,NaN
0.3,69.056164190512,0,NaN,NaN
0.3,74.3269341170545,0,NaN,NaN
0.3,80,0,NaN,NaN
0.35,0.5,1,76.7391658556342,11.8838591827725
0.35,0.538162921357762,1,76.556783752219,11.7912688247952
0.35,0.579238659848642,1,76.3586282881093,11.692072989691
0.35,0.623449538695001,1,76.1432186823918,11.5859291952388
0.35,0.671034850126503,1,75.9089226998648,11.4723870459689
0.35,0.722252150553894,1,75.6539407442861,11.3509243484044
0.35,0.77737865459802,1,75.3762885901576,11.2211355317406
0.35,0.836712735519275,1,75.0737787837364,11.0829067659673
0.35,0.900575540168596,1,74.7440008081739,10.9251407957852
0.35,0.969312727200953,1,74.384300193727,10.7641979690707
0.35,1.04329633795945,1,73.9917568665012,10.5922021396526
0.35,1.12292681015623,1,73.5631631712912,10.4085870322279
0.35,1.20863514524926,1,73.0950021788969,10.212604328599
0.35,1.30088524124601,1,72.5834270961232,10.0038165652006
0.35,1.4001764035603,1,72.0242428345653,9.78164553551089
0.35,1.50704604751243,1,71.4128910547888,9.54562536398132
0.35,1.62207260709992,1,70.7444402714235,9.29430789304682
0.35,1.74587866578259,1,70.0135828603726,9.02878928567138
0.35,1.8791343262275,1,69.2146410224213,8.7482862424868
0.35,2.02256083725248,1,68.3415838913474,8.45279560660768
0.35,2.1769344975992,1,67.3880579887482,8.14245885870977
0.35,2.34309085766495,1,66.3474330814115,7.81809220573074
0.35,2.52192924193527,1,65.2128651593126,7.48113785491545
0.35,2.71441761659491,1,63.9773777060584,7.12289798993643
0.35,2.92159782866338,1,62.6273059742825,6.75914028674566
0.35,3.14459124501196,1,61.1559722795055,6.38949916924684
0.35,3.38460482178336,1,59.5634168730759,6.0063404198609
0.35,3.642937637065,1,57.839046746641,5.62306385334191
0.35,3.92098792217409,1,55.9798640689454,5.23977198878082
0.35,4.22026062961142,1,53.9845147071687,4.8603764733688
0.35,4.54237557864567,1,51.8488111828126,4.48897203766749
0.35,4.88907622261622,1,49.5695397247853,4.12959780932063
0.35,5.26223908540784,1,47.1446631464791,3.78594978908833
0.35,5.66388391817216,0,44.5735201067506,3.4609875106886
0.35,6.09618463126956,0,41.8570104652137,3.1526928559903
0.35,6.56148106060065,0,38.9975715333611,2.86888421230107
0.35,7.06229163201295,0,35.9975635605079,2.6085136584445
0.35,7.60132699232913,0,32.8665167129293,2.37024129051469
0.35,8.18150468077492,0,29.6127516617513,2.15055779012485
0.35,8.80596492021608,0,26.2464715701926,1.95319509119577
0.35,9.47808761367492,0,22.7796750237792,1.77476861983414
0.35,10.2015106381202,0,19.2260014533696,1.61374491048465
0.35,10.9801495345462,0,15.6005096607411,1.46856518333902
0.35,11.8182187009129,0,11.9192249463614,1.33771192163913
0.35,12.7202542026564,0,8.19956057268118,1.21977448661644
0.35,13.6911383242299,0,4.4664379112662,1.11343378554043
0.35,14.7361259945615,0,0.715085186972761,1.01749280977781
0.35,15.8608732294586,0,NaN,NaN
0.35,17.0714677449011,0,NaN,NaN
0.35,18.3744619069216,0,NaN,NaN
0.35,19.7769081964117,0,NaN,NaN
0.35,21.2863973808104,0,NaN,NaN
0.35,22.9110995992783,0,NaN,NaN
0.35,24.6598085837326,0,NaN,NaN
0.35,26.5419892550895,0,NaN,NaN
0.35,28.5678289523306,0,NaN,NaN
0.35,30.7482925716702,0,NaN,NaN
0.35,33.0951819142664,0,NaN,NaN
0.35,35.6211995636964,0,NaN,NaN
0.35,38.3400176389335,0,NaN,NaN
0.35,41.2663517949531,0,NaN,NaN
0.35,44.4160408714983,0,NaN,NaN
0.35,47.8061326211026,0,NaN,NaN
0.35,51.4549759803784,0,NaN,NaN
0.35,55.3823203839878,0,NaN,NaN
0.35,59.6094226588369,0,NaN,NaN
0.35,64.1591620770585,0,NaN,NaN
0.35,69.056164190512,0,NaN,NaN
0.35,74.3269341170545,0,NaN,NaN
0.35,80,0,NaN,NaN
0.4,0.5,1,60.0718577217771,10.5316993830265
0.4,0.538162921357762,1,59.9279377393142,10.4603817441534
0.4,0.579238659848642,1,59.7724295937173,10.3838452364579
0.4,0.623449538695001,1,59.6043574397985,10.3017842067856
0.4,0.671034850126503,1,59.4226576481702,10.2138957611596
0.4,0.722252150553894,1,59.2261703299877,10.1198478264473
0.4,0.77737865459802,1,59.013630029014,10.0192730079159
0.4,0.836712735519275,1,58.7836555157828,9.91164771827472
0.4,0.900575540168596,1,58.5347386210553,9.79672987840352
0.4,0.969312727200953,1,58.2652320522324,9.67440896715988
0.4,1.04329633795945,1,57.9733361474355,9.53421156338862
0.4,1.12292681015623,1,57.6570845399994,9.39164042039595
0.4,1.20863514524926,1,57.3143287329956,9.2393035251735
0.4,1.30088524124601,1,56.9427216218506,9.07665756097416
0.4,1.4001764035603,1,56.5397000566287,8.9031718241027
0.4,1.50704604751243,1,56.1024666080071,8.71835512141401
0.4,1.62207260709992,1,55.6279707966793,8.52174731206813
0.4,1.74587866578259,1,55.1128901703371,8.31295544177813
0.4,1.8791343262275,1,54.5536117702155,8.09062115327391
0.4,2.02256083725248,1,53.9462147256947,7.85588102809749
0.4,2.1769344975992,1,53.2864549542958,7.6080152828161
0.4,2.34309085766495,1,52.569753227207,7.34705325170686
0.4,2.52192924193527,1,51.791188185116,7.07312261075159
0.4,2.71441761659491,1,50.9454962471556,6.78720686582828
0.4,2.92159782866338,1,50.027080731328,6.48484399304351
0.4,3.14459124501196,1,49.0300328696632,6.17448656625656
0.4,3.38460482178336,1,47.9481677154842,5.85456369487602
0.4,3.642937637065,1,46.7750781475171,5.52998366333095
0.4,3.92098792217409,1,45.5042102056356,5.1937993876134
0.4,4.22026062961142,0,44.1289627637315,4.85818585214991
0.4,4.54237557864567,0,42.642813969007,4.52316735336697
0.4,4.88907622261622,0,41.039475871593,4.1922181011692
0.4,5.26223908540784,0,39.3130771737074,3.86892050441336
0.4,5.66388391817216,0,37.4583720232109,3.5567788386856
0.4,6.09618463126956,0,35.4709703042094,3.25893378361372
0.4,6.56148106060065,0,33.3475820609592,2.97782541279063
0.4,7.06229163201295,0,31.0862657479712,2.7113114456785
0.4,7.60132699232913,0,28.6866672410228,2.46657994099162
0.4,8.18150468077492,0,26.1502343567439,2.242502988394
0.4,8.80596492021608,0,23.4803904313369,2.03758354091294
0.4,9.47808761367492,0,20.6826506897108,1.8485605497712
0.4,10.2015106381202,0,17.7646669748963,1.67902353781464
0.4,10.9801495345462,0,14.7361900005459,1.52581342002966
0.4,11.8182187009129,0,11.6089290334212,1.38757851037713
0.4,12.7202542026564,0,8.40548532303555,1.26295803707119
0.4,13.6911383242299,0,5.11118365963975,1.1506350878451
0.4,14.7361259945615,0,1.77216126117719,1.04939886754736
0.4,15.8608732294586,0,NaN,NaN
0.4,17.0714677449011,0,NaN,NaN
0.4,18.3744619069216,0,NaN,NaN
0.4,19.7769081964117,0,NaN,NaN
0.4,21.2863973808104,0,NaN,NaN
0.4,22.9110995992783,0,NaN,NaN
0.4,24.6598085837326,0,NaN,NaN
0.4,26.5419892550895,0,NaN,NaN
0.4,28.5678289523306,0,NaN,NaN
0.4,30.7482925716702,0,NaN,NaN
0.4,33.0951819142664,0,NaN,NaN
0.4,35.6211995636964,0,NaN,NaN
0.4,38.3400176389335,0,NaN,NaN
0.4,41.2663517949531,0,NaN,NaN
0.4,44.4160408714983,0,NaN,NaN
0.4,47.8061326211026,0,NaN,NaN
0.4,51.4549759803784,0,NaN,NaN
0.4,55.3823203839878,0,NaN,NaN
0.4,59.6094226588369,0,NaN,NaN
0.4,64.1591620770585,0,NaN,NaN
0.4,69.056164190512,0,NaN,NaN
0.4,74.3269341170545,0,NaN,NaN
0.4,80,0,NaN,NaN
0.5,0.5,1,45.0085397313766,8.57539739011712
0.5,0.538162921357762,0,44.9022475157459,8.52948466226204
0.5,0.579238659848642,0,44.7876393626712,8.48017025542713
0.5,0.623449538695001,0,44.6640498197263,8.42721429463987
0.5,0.671034850126503,0,44.5307581489767,8.37029904794982
0.5,0.722252150553894,0,44.3869834934007,8.30921445083097
0.5,0.77737865459802,0,44.2318796031726,8.24371917592102
0.5,0.836712735519275,0,44.0645290839156,8.17356902541965
0.5,0.900575540168596,0,43.8839371274201,8.09850288774196
0.5,0.969312727200953,0,43.6890246841098,8.01822291977989
0.5,1.04329633795945,0,43.4786210364254,7.9323205724268
0.5,1.12292681015623,0,43.251455733286,7.8405846683081
0.5,1.20863514524926,0,43.0061498485333,7.74292854413489
0.5,1.30088524124601,0,42.7412065316219,7.63108934695777
0.5,1.4001764035603,0,42.4550008272322,7.51728908527796
0.5,1.50704604751243,0,42.1457687534465,7.39568998943956
0.5,1.62207260709992,0,41.8115956468614,7.26585925748265
0.5,1.74587866578259,0,41.4504038090874,7.12736991517446
0.5,1.8791343262275,0,41.0599395250736,6.97982890218963
0.5,2.02256083725248,0,40.6377595716469,6.82286669204062
0.5,2.1769344975992,0,40.1812173981299,6.65616670667205
0.5,2.34309085766495,0,39.6874492431722,6.47865621108595
0.5,2.52192924193527,0,39.1533605572134,6.29121740119284
0.5,2.71441761659491,0,38.5756132324559,6.09327980935907
0.5,2.92159782866338,0,37.9506143062619,5.88486231032567
0.5,3.14459124501196,0,37.274507003168,5.66606689338987
0.5,3.38460482178336,0,36.5431652174691,5.43763709443822
0.5,3.642937637065,0,35.7521928125113,5.19611120066058
0.5,3.92098792217409,0,34.8969294191484,4.94810601834577
0.5,4.22026062961142,0,33.9724647434431,4.69240317317893
0.5,4.54237557864567,0,32.9736637209352,4.43290143634675
0.5,4.88907622261622,0,31.895205148101,4.16408370450096
0.5,5.26223908540784,0,30.7316366312641,3.89562253413181
0.5,5.66388391817216,0,29.477448751024,3.62754779430163
0.5,6.09618463126956,0,28.1271711612479,3.36263141169044
0.5,6.56148106060065,0,26.675492825756,3.10374001866168
0.5,7.06229163201295,0,25.1174076407818,2.85368190679584
0.5,7.60132699232913,0,23.4483852090873,2.61498401420175
0.5,8.18150468077492,0,21.6645644756287,2.38962062473627
0.5,8.80596492021608,0,19.7629647059808,2.17593269715926
0.5,9.47808761367492,0,17.7417059194937,1.97961958330825
0.5,10.2015106381202,0,15.6002385057755,1.79980943192904
0.5,10.9801495345462,0,13.339534289623,1.63535319992864
0.5,11.8182187009129,0,10.9622696584763,1.48366877487133
0.5,12.7202542026564,0,8.47295681096304,1.34757986162891
0.5,13.6911383242299,0,5.87800075172214,1.22458813070277
0.5,14.7361259945615,0,3.18568966009289,1.1136135064344
0.5,15.8608732294586,0,0.406098671052297,1.01356679857841
0.5,17.0714677449011,0,NaN,NaN
0.5,18.3744619069216,0,NaN,NaN
0.5,19.7769081964117,0,NaN,NaN
0.5,21.2863973808104,0,NaN,NaN
0.5,22.9110995992783,0,NaN,NaN
0.5,24.6598085837326,0,NaN,NaN
0.5,26.5419892550895,0,NaN,NaN
0.5,28.5678289523306,0,NaN,NaN
0.5,30.7482925716702,0,NaN,NaN
0.5,33.0951819142664,0,NaN,NaN
0.5,35.6211995636964,0,NaN,NaN
0.5,38.3400176389335,0,NaN,NaN
0.5,41.2663517949531,0,NaN,NaN
0.5,44.4160408714983,0,NaN,NaN
0.5,47.8061326211026,0,NaN,NaN
0.5,51.4549759803784,0,NaN,NaN
0.5,55.3823203839878,0,NaN,NaN
0.5,59.6094226588369,0,NaN,NaN
0.5,64.1591620770585,0,NaN,NaN
0.5,69.056164190512,0,NaN,NaN
0.5,74.3269341170545,0,NaN,NaN
0.5,80,0,NaN,NaN
0.6,0.5,0,36.6797918775366,7.22996981072357
0.6,0.538162921357762,0,36.5956451997452,7.19794592665087
0.6,0.579238659848642,0,36.5049768431529,7.16353465625371
0.6,0.623449538695001,0,36.4072740334295,7.12656373982632
0.6,0.671034850126503,0,36.3019826598234,7.08684984331453
0.6,0.722252150553894,0,36.18850381747,7.04419840240924
0.6,0.77737865459802,0,36.0661900496257,6.99838406709185
0.6,0.836712735519275,0,35.9343412642587,6.94916158419626
0.6,0.900575540168596,0,35.7922002979042,6.89636950657688
0.6,0.969312727200953,0,35.6389480982083,6.83978783486646
0.6,1.04329633795945,0,35.4736984955269,6.77923197649118
0.6,1.12292681015623,0,35.2954925331309,6.71443597183898
0.6,1.20863514524926,0,35.1032923255419,6.64515103051498
0.6,1.30088524124601,0,34.8959744151916,6.57103178077468
0.6,1.4001764035603,0,34.6723225996785,6.49202099001306
0.6,1.50704604751243,0,34.4310202054448,6.40806789356875
0.6,1.62207260709992,0,34.1706417896535,6.31060086075347
0.6,1.74587866578259,0,33.8896442608022,6.21242230690469
0.6,1.8791343262275,0,33.5863574214235,6.10757053006936
0.6,2.02256083725248,0,33.2589739538437,5.99564974540923
0.6,2.1769344975992,0,32.9055388942781,5.87635070406443
0.6,2.34309085766495,0,32.5239386728274,5.74934377797096
0.6,2.52192924193527,0,32.1118898396803,5.61434155741464
0.6,2.71441761659491,0,31.6669276532047,5.47111143544907
0.6,2.92159782866338,0,31.1863947766627,5.31855251294545
0.6,3.14459124501196,0,30.6674304201113,5.15779874957782
0.6,3.38460482178336,0,30.1069603760434,4.98828962281133
0.6,3.642937637065,0,29.5016865917259,4.81009122527136
0.6,3.92098792217409,0,28.8480843943785,4.62345284738083
0.6,4.22026062961142,0,28.1423998567471,4.42921415554216
0.6,4.54237557864567,0,27.3806473911358,4.22323594317833
0.6,4.88907622261622,0,26.5586185015249,4.013082396629
0.6,5.26223908540784,0,25.6718963225888,3.79713805216494
0.6,5.66388391817216,0,24.7158796043079,3.57902381698276
0.6,6.09618463126956,0,23.68581835347,3.35355584393603
0.6,6.56148106060065,0,22.5768635214123,3.12973010987709
0.6,7.06229163201295,0,21.3841331840179,2.90740828421857
0.6,7.60132699232913,0,20.1027975240748,2.6889637290588
0.6,8.18150468077492,0,18.7281845135933,2.47677520679472
0.6,8.80596492021608,0,17.2559074139074,2.27308936887787
0.6,9.47808761367492,0,15.682013984245,2.07979704560928
0.6,10.2015106381202,0,14.0031555659114,1.89825270169011
0.6,10.9801495345462,0,12.2167720035296,1.72638060830586
0.6,11.8182187009129,0,10.3212857834949,1.56959990346786
0.6,12.7202542026564,0,8.31629603353641,1.4268034271695
0.6,13.6911383242299,0,6.20276047117602,1.29479912658629
0.6,14.7361259945615,0,3.98315143235409,1.17586373016065
0.6,15.8608732294586,0,1.66157120525506,1.06825509811166
0.6,17.0714677449011,0,NaN,NaN
0.6,18.3744619069216,0,NaN,NaN
0.6,19.7769081964117,0,NaN,NaN
0.6,21.2863973808104,0,NaN,NaN
0.6,22.9110995992783,0,NaN,NaN
0.6,24.6598085837326,0,NaN,NaN
0.6,26.5419892550895,0,NaN,NaN
0.6,28.5678289523306,0,NaN,NaN
0.6,30.7482925716702,0,NaN,NaN
0.6,33.0951819142664,0,NaN,NaN
0.6,35.6211995636964,0,NaN,NaN
0.6,38.3400176389335,0,NaN,NaN
0.6,41.2663517949531,0,NaN,NaN
0.6,44.4160408714983,0,NaN,NaN
0.6,47.8061326211026,0,NaN,NaN
0.6,51.4549759803784,0,NaN,NaN
0.6,55.3823203839878,0,NaN,NaN
0.6,59.6094226588369,0,NaN,NaN
0.6,64.1591620770585,0,NaN,NaN
0.6,69.056164190512,0,NaN,NaN
0.6,74.3269341170545,0,NaN,NaN
0.6,80,0,NaN,NaN
0.8,0.5,0,27.0484560173786,5.5014084429438
0.8,0.538162921357762,0,26.9900362756042,5.4832999649304
0.8,0.579238659848642,0,26.927122118409,5.46383246556732
0.8,0.623449538695001,0,26.8593651200477,5.4429060874259
0.8,0.671034850126503,0,26.7863894666799,5.42041402825595
0.8,0.722252150553894,0,26.7077897549778,5.3962421475499
0.8,0.77737865459802,0,26.6231286089176,5.37026858543692
0.8,0.836712735519275,0,26.5319340995754,5.34236341900396
0.8,0.900575540168596,0,26.4336969517987,5.31238840152778
0.8,0.969312727200953,0,26.327867520306,5.28019686441821
0.8,1.04329633795945,0,26.2138525168841,5.24561417395874
0.8,1.12292681015623,0,26.0910114690988,5.20846631852699
0.8,1.20863514524926,0,25.9586528900911,5.1686265125549
0.8,1.30088524124601,0,25.8160301382234,5.12593016230243
0.8,1.4001764035603,0,25.662336944764,5.08024019615923
0.8,1.50704604751243,0,25.4967025876648,5.03135290400849
0.8,1.62207260709992,0,25.3181866898987,4.97907316255477
0.8,1.74587866578259,0,25.1257736218464,4.92316189575893
0.8,1.8791343262275,0,24.918366489427,4.86357463544382
0.8,2.02256083725248,0,24.6947806929846,4.79590274215452
0.8,2.1769344975992,0,24.4537370472517,4.72660858508626
0.8,2.34309085766495,0,24.193854460086,4.65254034468695
0.8,2.52192924193527,0,23.9136421781497,4.57344556018301
0.8,2.71441761659491,0,23.6114916219324,4.48902051200135
0.8,2.92159782866338,0,23.2856678515232,4.39904242572847
0.8,3.14459124501196,0,22.9343007296721,4.30326302352201
0.8,3.38460482178336,0,22.5553758812834,4.20146976296751
0.8,3.642937637065,0,22.1467255904893,4.09308118041679
0.8,3.92098792217409,0,21.7060198296549,3.9784746873206
0.8,4.22026062961142,0,21.2307576816699,3.85732621873987
0.8,4.54237557864567,0,20.7182594997056,3.729612889925
0.8,4.88907622261622,0,20.1656602501121,3.59538869220629
0.8,5.26223908540784,0,19.5699046062976,3.45487908953063
0.8,5.66388391817216,0,18.927744505903,3.3087203779214
0.8,6.09618463126956,0,18.2357400507963,3.15363109027208
0.8,6.56148106060065,0,17.4902648175017,2.99559277905369
0.8,7.06229163201295,0,16.6875168496212,2.8346787240534
0.8,7.60132699232913,0,15.8235368136991,2.6695112832949
0.8,8.18150468077492,0,14.8942349992817,2.50025980036531
0.8,8.80596492021608,0,13.8954290072067,2.33242116000269
0.8,9.47808761367492,0,12.8228940617116,2.16586530049012
0.8,10.2015106381202,0,11.6724278537114,2.00237670206059
0.8,10.9801495345462,0,10.4399316152116,1.84373602934889
0.8,11.8182187009129,0,9.12150867022811,1.69161171050074
0.8,12.7202542026564,0,7.71358093575324,1.54738993053187
0.8,13.6911383242299,0,6.21302269900637,1.41205001703026
0.8,14.7361259945615,0,4.61730944514475,1.28394748038989
0.8,15.8608732294586,0,2.92467757818544,1.16723493657959
0.8,17.0714677449011,0,1.13428867156877,1.06103389442591
0.8,18.3744619069216,0,NaN,NaN
0.8,19.7769081964117,0,NaN,NaN
0.8,21.2863973808104,0,NaN,NaN
0.8,22.9110995992783,0,NaN,NaN
0.8,24.6598085837326,0,NaN,NaN
0.8,26.5419892550895,0,NaN,NaN
0.8,28.5678289523306,0,NaN,NaN
0.8,30.7482925716702,0,NaN,NaN
0.8,33.0951819142664,0,NaN,NaN
0.8,35.6211995636964,0,NaN,NaN
0.8,38.3400176389335,0,NaN,NaN
0.8,41.2663517949531,0,NaN,NaN
0.8,44.4160408714983,0,NaN,NaN
0.8,47.8061326211026,0,NaN,NaN
0.8,51.4549759803784,0,NaN,NaN
0.8,55.3823203839878,0,NaN,NaN
0.8,59.6094226588369,0,NaN,NaN
0.8,64.1591620770585,0,NaN,NaN
0.8,69.056164190512,0,NaN,NaN
0.8,74.3269341170545,0,NaN,NaN
0.8,80,0,NaN,NaN
1,0.5,0,21.4031453528507,4.43916479043794
1,0.538162921357762,0,21.359208706197,4.42753980324601
1,0.579238659848642,0,21.3119017716994,4.4150391383659
1,0.623449538695001,0,21.260964751491,4.4015978793304
1,0.671034850126503,0,21.2061176385678,4.38714647969857
1,0.722252150553894,0,21.1470586204647,4.37161046740631
1,0.77737865459802,0,21.083462354185,4.35491013862624
1,0.836712735519275,0,21.0149781017941,4.33696024432439
1,0.900575540168596,0,20.9412277153964,4.31766967541216
1,0.969312727200953,0,20.8618034592613,4.29694115726269
1,1.04329633795945,0,20.7762656560512,4.27467097328651
1,1.12292681015623,0,20.6841401431626,4.25074875321961
1,1.20863514524926,0,20.5849155243352,4.22505738884879
1,1.30088524124601,0,20.4780402007185,4.19745887792842
1,1.4001764035603,0,20.3629191648633,4.16781099722623
1,1.50704604751243,0,20.2389105402898,4.13601404545096
1,1.62207260709992,0,20.1053218487177,4.10193621587605
1,1.74587866578259,0,19.9614059867251,4.06546746813043
1,1.8791343262275,0,19.8063568935208,4.02644606115447
1,2.02256083725248,0,19.6393048919951,3.98471858960068
1,2.1769344975992,0,19.4593116862213,3.94008758150045
1,2.34309085766495,0,19.2653650004995,3.89251795261017
1,2.52192924193527,0,19.0563728479963,3.8385299810325
1,2.71441761659491,0,18.8311574215065,3.78322000886662
1,2.92159782866338,0,18.5884486051488,3.72409775144976
1,3.14459124501196,0,18.3268771145481,3.66096081619423
1,3.38460482178336,0,18.0449672849175,3.59356840607832
1,3.642937637065,0,17.7411295421094,3.52173940185906
1,3.92098792217409,0,17.4136526123598,3.44527553255297
1,4.22026062961142,0,17.0606955531338,3.3640058357399
1,4.54237557864567,0,16.6802797216411,3.27747055311837
1,4.88907622261622,0,16.27028084092,3.18596093954759
1,5.26223908540784,0,15.8284213775715,3.08921960988575
1,5.66388391817216,0,15.352263512427,2.98722582076059
1,6.09618463126956,0,14.8392030675994,2.88002149099983
1,6.56148106060065,0,14.2864648523791,2.76777480406736
1,7.06229163201295,0,13.6911000080756,2.65099317758319
1,7.60132699232913,0,13.0499860685237,2.52710616701392
1,8.18150468077492,0,12.3598306081139,2.40080363209369
1,8.80596492021608,0,11.6171795195116,2.27216759397008
1,9.47808761367492,0,10.8184311422597,2.14010012005281
1,10.2015106381202,0,9.95985763939285,2.00474373780572
1,10.9801495345462,0,9.03763517409431,1.87046225721786
1,11.8182187009129,0,8.04788454558463,1.73715979494048
1,12.7202542026564,0,6.98672396683332,1.60626266877575
1,13.6911383242299,0,5.85033555991769,1.47919652812765
1,14.7361259945615,0,4.63504685288711,1.35730128076138
1,15.8608732294586,0,3.33742802501491,1.24169570253608
1,17.0714677449011,0,1.95440480923261,1.13317430949245
1,18.3744619069216,0,0.483385782115796,1.03044820824344
1,19.7769081964117,0,NaN,NaN
1,21.2863973808104,0,NaN,NaN
1,22.9110995992783,0,NaN,NaN
1,24.6598085837326,0,NaN,NaN
1,26.5419892550895,0,NaN,NaN
1,28.5678289523306,0,NaN,NaN
1,30.7482925716702,0,NaN,NaN
1,33.0951819142664,0,NaN,NaN
1,35.6211995636964,0,NaN,NaN
1,38.3400176389335,0,NaN,NaN
1,41.2663517949531,0,NaN,NaN
1,44.4160408714983,0,NaN,NaN
1,47.8061326211026,0,NaN,NaN
1,51.4549759803784,0,NaN,NaN
1,55.3823203839878,0,NaN,NaN
1,59.6094226588369,0,NaN,NaN
1,64.1591620770585,0,NaN,NaN
1,69.056164190512,0,NaN,NaN
1,74.3269341170545,0,NaN,NaN
1,80,0,NaN,NaN
1.5,0.5,0,13.6201281769072,2.99336947890403
1.5,0.538162921357762,0,13.5942043252899,2.9881822075227
1.5,0.579238659848642,0,13.5662972053596,2.9826023625294
1.5,0.623449538695001,0,13.5362547340058,2.97660052736494
1.5,0.671034850126503,0,13.5039131133796,2.97014513080576
1.5,0.722252150553894,0,13.4690959211807,2.96320229780664
1.5,0.77737865459802,0,13.4316131293378,2.95573569161737
1.5,0.836712735519275,0,13.3912600454374,2.94770634701916
1.5,0.900575540168596,0,13.3478161706508,2.93907249460943
1.5,0.969312727200953,0,13.3010439675718,2.92978937625048
1.5,1.04329633795945,0,13.2506875306955,2.91980905203746
1.5,1.12292681015623,0,13.1964711518949,2.90908019960374
1.5,1.20863514524926,0,13.1380977724641,2.89754790729759
1.5,1.30088524124601,0,13.075247312848,2.88515346411816
1.5,1.4001764035603,0,13.0075748704196,2.87183415167567
1.5,1.50704604751243,0,12.9347087750356,2.85752304782083
1.5,1.62207260709992,0,12.8562484913821,2.84214885950853
1.5,1.74587866578259,0,12.7717623564612,2.82563581638151
1.5,1.8791343262275,0,12.6807851398291,2.80790367889292
1.5,2.02256083725248,0,12.5828154135561,2.7888445154736
1.5,2.1769344975992,0,12.4773127182678,2.76839195100534
1.5,2.34309085766495,0,12.3636945111114,2.74646354018256
1.5,2.52192924193527,0,12.2413328810538,2.72297905435243
1.5,2.71441761659491,0,12.1095510168249,2.69784862283002
1.5,2.92159782866338,0,11.9676194128414,2.6709754367974
1.5,3.14459124501196,0,11.8147517989112,2.64221674856509
1.5,3.38460482178336,0,11.6501007806045,2.61151331212296
1.5,3.642937637065,0,11.4727531787307,2.5788351163115
1.5,3.92098792217409,0,11.2817250590053,2.54135445622631
1.5,4.22026062961142,0,11.0759564467059,2.50325948995305
1.5,4.54237557864567,0,10.8543057263225,2.46255626017325
1.5,4.88907622261622,0,10.6155437333687,2.4190993084301
1.5,5.26223908540784,0,10.3583475550655,2.37274786419271
1.5,5.66388391817216,0,10.0812940692372,2.32337096650151
1.5,6.09618463126956,0,9.78285326716867,2.27084633580354
1.5,6.56148106060065,0,9.46138142730685,2.21506984704663
1.5,7.06229163201295,0,9.11511423360257,2.1556750707146
1.5,7.60132699232913,0,8.74215996624867,2.09297323819075
1.5,8.18150468077492,0,8.34049293491039,2.02677078033991
1.5,8.80596492021608,0,7.90794737687236,1.95707686016964
1.5,9.47808761367492,0,7.4422121064173,1.8839255208711
1.5,10.2015106381202,0,6.94082627873334,1.80759232607775
1.5,10.9801495345462,0,6.40117672303784,1.7268544712349
1.5,11.8182187009129,0,5.82049740625072,1.64400987136786
1.5,12.7202542026564,0,5.19587171009668,1.55862799987997
1.5,13.6911383242299,0,4.52423833928085,1.4720260101237
1.5,14.7361259945615,0,3.80240182218951,1.38233916962042
1.5,15.8608732294586,0,3.02704871064629,1.2928342694067
1.5,17.0714677449011,0,2.1947707194435,1.2035145945901
1.5,18.3744619069216,0,1.30209615137391,1.1153087894666
1.5,19.7769081964117,0,0.345531003733301,1.02917187159407
1.5,21.2863973808104,0,NaN,NaN
1.5,22.9110995992783,0,NaN,NaN
1.5,24.6598085837326,0,NaN,NaN
1.5,26.5419892550895,0,NaN,NaN
1.5,28.5678289523306,0,NaN,NaN
1.5,30.7482925716702,0,NaN,NaN
1.5,33.0951819142664,0,NaN,NaN
1.5,35.6211995636964,0,NaN,NaN
1.5,38.3400176389335,0,NaN,NaN
1.5,41.2663517949531,0,NaN,NaN
1.5,44.4160408714983,0,NaN,NaN
1.5,47.8061326211026,0,NaN,NaN
1.5,51.4549759803784,0,NaN,NaN
1.5,55.3823203839878,0,NaN,NaN
1.5,59.6094226588369,0,NaN,NaN
1.5,64.1591620770585,0,NaN,NaN
1.5,69.056164190512,0,NaN,NaN
1.5,74.3269341170545,0,NaN,NaN
1.5,80,0,NaN,NaN
2,0.5,0,9.34473404777567,2.25780268728561
2,0.538162921357762,0,9.32707040430333,2.25488516020704
2,0.579238659848642,0,9.30805666116773,2.25174729139267
2,0.623449538695001,0,9.28758947571382,2.24833313992508
2,0.671034850126503,0,9.26555757254941,2.24469304097111
2,0.722252150553894,0,9.24184113137509,2.24077729740256
2,0.77737865459802,0,9.2163111271269,2.23656522728031
2,0.836712735519275,0,9.18882861868026,2.23203462905786
2,0.900575540168596,0,9.15924398205308,2.22716167551866
2,0.969312727200953,0,9.12739608370874,2.22192080133168
2,1.04329633795945,0,9.09311138923089,2.21628458405404
2,1.12292681015623,0,9.05620300225297,2.21022361845981
2,1.20863514524926,0,9.01646962813938,2.20370638416186
2,1.30088524124601,0,8.9736944564739,2.19669910661796
2,1.4001764035603,0,8.92764395592744,2.18916561181618
2,1.50704604751243,0,8.87806657466081,2.18106717528778
2,1.62207260709992,0,8.82469133879127,2.17236236666718
2,1.74587866578259,0,8.76722634101514,2.16300689208435
2,1.8791343262275,0,8.70535711081157,2.15295343855482
2,2.02256083725248,0,8.63874485711175,2.1421515279995
2,2.1769344975992,0,8.56702457368783,2.13054739478487
2,2.34309085766495,0,8.48980299686526,2.11808391160573
2,2.52192924193527,0,8.40665640457238,2.10470060587412
2,2.71441761659491,0,8.31712824510862,2.09031444157046
2,2.92159782866338,0,8.22072658344888,2.07487942085637
2,3.14459124501196,0,8.11692135238698,2.05833165264235
2,3.38460482178336,0,8.00514139541423,2.04061211439887
2,3.642937637065,0,7.88477128798295,2.02165058616818
2,3.92098792217409,0,7.75514792372577,2.0013770568566
2,4.22026062961142,0,7.6155568524576,1.979677200811
2,4.54237557864567,0,7.46522835743425,1.95651895284739
2,4.88907622261622,0,7.30333326043402,1.93187851777547
2,5.26223908540784,0,7.12897844513679,1.90355544667854
2,5.66388391817216,0,6.94120209192121,1.87481467325412
2,6.09618463126956,0,6.73896862114981,1.84410869674601
2,6.56148106060065,0,6.52116334727278,1.81132702733763
2,7.06229163201295,0,6.28658685339771,1.77636592323115
2,7.60132699232913,0,6.03394910545086,1.73912718265617
2,8.18150468077492,0,5.7618633376607,1.69952006879221
2,8.80596492021608,0,5.46883975730142,1.65746799559028
2,9.47808761367492,0,5.15327913734495,1.61268647110337
2,10.2015106381202,0,4.81346639208824,1.56542762895859
2,10.9801495345462,0,4.44756426371759,1.51554248959524
2,11.8182187009129,0,4.0536072889842,1.46304082388704
2,12.7202542026564,0,3.6294962655615,1.40795141831513
2,13.6911383242299,0,3.17299349921107,1.35050233425619
2,14.7361259945615,0,2.68171918663074,1.28970911250204
2,15.8608732294586,0,2.15314937613405,1.22739348136476
2,17.0714677449011,0,1.58461604961117,1.16320545537892
2,18.3744619069216,0,0.973309984100992,1.09815148539601
2,19.7769081964117,0,0.316287177643628,1.03080515761021
2,21.2863973808104,0,NaN,NaN
2,22.9110995992783,0,NaN,NaN
2,24.6598085837326,0,NaN,NaN
2,26.5419892550895,0,NaN,NaN
2,28.5678289523306,0,NaN,NaN
2,30.7482925716702,0,NaN,NaN
2,33.0951819142664,0,NaN,NaN
2,35.6211995636964,0,NaN,NaN
2,38.3400176389335,0,NaN,NaN
2,41.2663517949531,0,NaN,NaN
2,44.4160408714983,0,NaN,NaN
2,47.8061326211026,0,NaN,NaN
2,51.4549759803784,0,NaN,NaN
2,55.3823203839878,0,NaN,NaN
2,59.6094226588369,0,NaN,NaN
2,64.1591620770585,0,NaN,NaN
2,69.056164190512,0,NaN,NaN
2,74.3269341170545,0,NaN,NaN
2,80,0,NaN,NaN
