K_max,GroupCount,mean_R_RMS_eT_Nm,std_R_RMS_eT_Nm,mean_S_HF_RMS_Ta_Nm,std_S_HF_RMS_Ta_Nm,mean_TV_Ta_Nm_per_s,std_TV_Ta_Nm_per_s,mean_e_rel_pct,std_e_rel_pct,PM_deg,feasible,lead_p_over_z,pass,erel_ok
3,3,0.91009246155667,0.0014147264096507,0.333233013887053,0.0005390869147854,92.8978714450795,0.813567902609916,42.510955012578,0.0422849632866929,45.9088277645741,1,8,1,0
4,3,0.795342300364785,0.0020512362074492,0.376628815251687,0.0002488571150862,145.188086155889,0.766075704197424,27.723334495806,0.0341157634414885,46.1699833948871,1,10,1,0
5,3,0.745262526160832,0.0021797218258708,0.425155520084458,0.0005622360890716,204.923079227391,1.8673991998317,18.681043497579,0.0350066095503656,45.8821260264567,1,12,1,0
6,3,0.723096717433346,0.0019676986823718,0.44839829225502,0.0008140047763081,247.896210845681,1.61244993869351,12.791397970184,0.0555342645547375,45.0586008445376,1,13,1,0
7,3,0.715939758319524,0.0020370199621066,0.497354100880693,0.0003655691926995,317.465481393851,1.36778689652819,8.92594369181811,0.0748070751486984,45.4820318759592,1,16,1,0
8,3,0.71347059089776,0.0021312526811018,0.544527027006931,0.001046218545953,380.181964320454,1.67118754364056,6.65008867173175,0.0884818622039665,45.4018499984914,1,19,1,0
9,3,0.712023228913992,0.0021200066204666,0.57430129299708,0.0016762749773416,409.678535667861,2.13986641022709,5.116051485754,0.130018755123405,44.1734218675506,0,20,0,0
10,3,0.711222315590649,0.0021170842824177,0.590431142221518,0.0017010685726966,420.055909698964,2.2804132280836,4.29448979261146,0.0870290770793554,42.4184191025781,0,20,0,0
12,3,0.709474228751732,0.0019046511188536,0.561681556537775,0.0008807129945773,380.763673541919,1.8314304458857,2.85171581616269,0.0747728797656419,39.2459155887517,0,17,0,1
15,3,0.708338205024636,0.001650303772304,0.549508881215675,0.0015357121479982,358.261396062154,2.16891351133177,1.91838388370985,0.0742677728614632,35.3315711531802,0,15,0,1
18,3,0.708361831475487,0.0016464893510898,0.564736787368524,0.0023488119067777,368.059475740087,1.10236406507836,2.07109930175181,0.0353107293524653,31.6935948738803,0,15,0,1
