K_max,seed,PM_deg,feasible,lead_p_over_z,R_RMS_eT_Nm,S_HF_RMS_Ta_Nm,TV_Ta_Nm_per_s,e_rel_pct,MaxAbs_Ta_Nm
3,91001,45.9088277645741,1,8,0.911226939120728,0.333824005208981,93.380123222479,42.491484275622,7.80392709425749
3,91002,45.9088277645741,1,8,0.910543147775146,0.332768220722423,93.3549343915478,42.5594677703692,7.80392709425749
3,91003,45.9088277645741,1,8,0.908507297774138,0.333106815729756,91.9585567212116,42.4819129917427,7.80392709425749
4,91001,46.1699833948871,1,10,0.797474440652068,0.376891079907135,145.726413828944,27.7056799651383,7.80392709425749
4,91002,46.1699833948871,1,10,0.795169568525068,0.376395983358545,145.526807565012,27.7626596868952,7.80392709425749
4,91003,46.1699833948871,1,10,0.793382891917219,0.376599382489381,144.311037073712,27.7016638353847,7.80392709425749
5,91001,45.8821260264567,1,12,0.747522950545556,0.425759843517855,205.643192507309,18.65893722929,7.80392709425749
5,91002,45.8821260264567,1,12,0.745090984109282,0.42505879524551,206.323209344454,18.7214044359566,7.80392709425749
5,91003,45.8821260264567,1,12,0.743173643827657,0.424647921490009,202.80283583041,18.6627888274905,7.80392709425749
6,91001,45.0586008445376,1,13,0.725136490566591,0.448956952423389,249.212472494576,12.7610111356444,7.80392709425749
6,91002,45.0586008445376,1,13,0.722943625120438,0.448773582586086,248.378512508725,12.8554947079406,7.80392709425749
6,91003,45.0586008445376,1,13,0.721210036613007,0.447464341755587,246.09764753374,12.7576880669671,7.80392709425749
7,91001,45.4820318759592,1,16,0.718028825318323,0.497747139828633,318.172753522633,8.8866750557979,7.80392709425749
7,91002,45.4820318759592,1,16,0.715831333591538,0.497290927286686,318.334819407763,9.01220817687841,7.80392709425749
7,91003,45.4820318759592,1,16,0.71395911604871,0.497024235526761,315.888871251158,8.87894784277802,7.80392709425749
8,91001,45.4018499984914,1,19,0.715689375488913,0.54573406742322,381.695616650029,6.60936160879855,7.80392709425749
8,91002,45.4018499984914,1,19,0.713283144476001,0.543966673000597,380.461724030015,6.75160033748194,7.80392709425749
8,91003,45.4018499984914,1,19,0.711439252728365,0.543880340596975,378.388552281318,6.58930406891475,7.80392709425749
9,91001,44.1734218675506,0,20,0.714238217005153,0.57623336599086,411.741980645687,5.06197460844207,7.80392709425749
9,91002,44.1734218675506,0,20,0.711818396980076,0.573436341908099,409.823959886554,5.26438149538248,7.80392709425749
9,91003,44.1734218675506,0,20,0.710013072756747,0.573234171092281,407.469666471341,5.02179835343744,7.80392709425749
10,91001,42.4184191025781,0,20,0.713359095543239,0.592375034928939,422.545644360009,4.23371989884852,7.80392709425749
10,91002,42.4184191025781,0,20,0.711182358613881,0.589215074698007,419.553471138771,4.39418797968782,7.80392709425749
10,91003,42.4184191025781,0,20,0.709125492614826,0.58970331703761,418.068613598112,4.25556149929804,7.80392709425749
12,91001,39.2459155887517,0,17,0.711429660468587,0.562625800682729,382.711440645776,2.83758671273577,7.80392709425749
12,91002,39.2459155887517,0,17,0.709368241626966,0.560882390699333,380.503085132246,2.93254526383426,7.80392709425749
12,91003,39.2459155887517,0,17,0.707624784159645,0.561536478231261,379.076494847734,2.78501547191804,7.80392709425749
15,91001,35.3315711531802,0,15,0.710053723398887,0.550882168353287,360.054880522316,1.92478417921536,7.80392709425749
15,91002,35.3315711531802,0,15,0.708198951280487,0.547850654593414,358.878505191357,1.98924438170693,7.80392709425749
15,91003,35.3315711531802,0,15,0.706761940394535,0.549793820700325,355.850802472789,1.84112309020725,7.80392709425749
18,91001,31.6935948738803,0,15,0.710117249979521,0.566007709233788,368.910632849977,2.04634249266324,7.80392709425749
18,91002,31.6935948738803,0,15,0.708116424833005,0.56202636003069,368.453564930444,2.11153430819684,7.80392709425749
18,91003,31.6935948738803,0,15,0.706851819613935,0.566176292841094,366.81422943984,2.05542110439534,7.80392709425749
