K_max,v_kmh,max_error_pct_0p1_to_0p3g,natural_slope_needed,PM_deg,GM,lead_p_over_z,lead_z_rad_s,lead_p_rad_s
6,20,1.59343403772545,17.9431472788521,45.0586008445376,5.52723933570601,13,60,780
6,25,11.5556159296905,16.2176692101992,45.0586008445376,5.52723933570601,13,60,780
6,30,8.38405158866183,13.2075728316907,45.0586008445376,5.52723933570601,13,60,780
6,35,6.62120669121698,11.308340403188,45.0586008445376,5.52723933570601,13,60,780
6,40,5.29866606642636,10.0580070071315,45.0586008445376,5.52723933570601,13,60,780
6,45,4.10049995490256,10.7849377886957,45.0586008445376,5.52723933570601,13,60,780
6,50,4.15454335778076,11.2789131332972,45.0586008445376,5.52723933570601,13,60,780
6,55,3.87070232915735,11.1056483846109,45.0586008445376,5.52723933570601,13,60,780
6,60,3.17090751250565,10.2165811717015,45.0586008445376,5.52723933570601,13,60,780
6,65,1.79977178254902,8.44484131066779,45.0586008445376,5.52723933570601,13,60,780
6,70,0.588482232722693,7.8706944511209,45.0586008445376,5.52723933570601,13,60,780
6,75,1.01176263414886,8.12266116320897,45.0586008445376,5.52723933570601,13,60,780
6,80,1.48337921518265,8.45473893645067,45.0586008445376,5.52723933570601,13,60,780
6,85,1.64544171402859,8.84171387079649,45.0586008445376,5.52723933570601,13,60,780
6,90,1.75551919343664,9.28366989953221,45.0586008445376,5.52723933570601,13,60,780
6,95,1.83140166272552,9.81524286462064,45.0586008445376,5.52723933570601,13,60,780
6,100,2.10768662638372,10.4860767621711,45.0586008445376,5.52723933570601,13,60,780
8,20,0.603920112680028,17.9431472788521,45.4018499984914,4.82024581432222,19,60,1140
8,25,6.16580643382366,16.2176692101992,45.4018499984914,4.82024581432222,19,60,1140
8,30,2.95214251778808,13.2075728316907,45.4018499984914,4.82024581432222,19,60,1140
8,35,0.857149571343428,11.308340403188,45.4018499984914,4.82024581432222,19,60,1140
8,40,0.807643533894131,10.0580070071315,45.4018499984914,4.82024581432222,19,60,1140
8,45,1.23632818780584,10.7849377886957,45.4018499984914,4.82024581432222,19,60,1140
8,50,1.41933201676405,11.2789131332972,45.4018499984914,4.82024581432222,19,60,1140
8,55,1.25017918362026,11.1056483846109,45.4018499984914,4.82024581432222,19,60,1140
8,60,0.718505030955296,10.2165811717015,45.4018499984914,4.82024581432222,19,60,1140
8,65,0.230413167061288,8.44484131066779,45.4018499984914,4.82024581432222,19,60,1140
8,70,0.104022435349279,7.8706944511209,45.4018499984914,4.82024581432222,19,60,1140
8,75,0.196027795263658,8.12266116320897,45.4018499984914,4.82024581432222,19,60,1140
8,80,0.0902499128840095,8.45473893645067,45.4018499984914,4.82024581432222,19,60,1140
8,85,0.167093068342469,8.84171387079649,45.4018499984914,4.82024581432222,19,60,1140
8,90,0.245379441009095,9.28366989953221,45.4018499984914,4.82024581432222,19,60,1140
8,95,0.329213156175831,9.81524286462064,45.4018499984914,4.82024581432222,19,60,1140
8,100,0.422659009072864,10.4860767621711,45.4018499984914,4.82024581432222,19,60,1140
10,20,0.603920112680028,17.9431472788521,42.4184191025781,3.93410301848937,20,60,1200
10,25,3.35475738986267,16.2176692101992,42.4184191025781,3.93410301848937,20,60,1200
10,30,0.731873075336653,13.2075728316907,42.4184191025781,3.93410301848937,20,60,1200
10,35,0.253622397860918,11.308340403188,42.4184191025781,3.93410301848937,20,60,1200
10,40,0.0652369252461825,10.0580070071315,42.4184191025781,3.93410301848937,20,60,1200
10,45,0.17508874672888,10.7849377886957,42.4184191025781,3.93410301848937,20,60,1200
10,50,0.342690766626528,11.2789131332972,42.4184191025781,3.93410301848937,20,60,1200
10,55,0.223965075806773,11.1056483846109,42.4184191025781,3.93410301848937,20,60,1200
10,60,0.0817033880831567,10.2165811717015,42.4184191025781,3.93410301848937,20,60,1200
10,65,0.230413167061288,8.44484131066779,42.4184191025781,3.93410301848937,20,60,1200
10,70,0.104022435349279,7.8706944511209,42.4184191025781,3.93410301848937,20,60,1200
10,75,0.196027795263658,8.12266116320897,42.4184191025781,3.93410301848937,20,60,1200
10,80,0.0422602034148106,8.45473893645067,42.4184191025781,3.93410301848937,20,60,1200
10,85,0.112641080352523,8.84171387079649,42.4184191025781,3.93410301848937,20,60,1200
10,90,0.205390816183185,9.28366989953221,42.4184191025781,3.93410301848937,20,60,1200
10,95,0.24129480044827,9.81524286462064,42.4184191025781,3.93410301848937,20,60,1200
10,100,0.0598780322166416,10.4860767621711,42.4184191025781,3.93410301848937,20,60,1200
12,20,0.603920112680028,17.9431472788521,39.2459155887517,3.71119169098425,17,70,1190
12,25,1.48821952620165,16.2176692101992,39.2459155887517,3.71119169098425,17,70,1190
12,30,0.308730542443263,13.2075728316907,39.2459155887517,3.71119169098425,17,70,1190
12,35,0.127198402630656,11.308340403188,39.2459155887517,3.71119169098425,17,70,1190
12,40,0.0652369252461825,10.0580070071315,39.2459155887517,3.71119169098425,17,70,1190
12,45,0.0682389723276433,10.7849377886957,39.2459155887517,3.71119169098425,17,70,1190
12,50,0.342690766626528,11.2789131332972,39.2459155887517,3.71119169098425,17,70,1190
12,55,0.145287647742274,11.1056483846109,39.2459155887517,3.71119169098425,17,70,1190
12,60,0.0817033880831567,10.2165811717015,39.2459155887517,3.71119169098425,17,70,1190
12,65,0.230413167061288,8.44484131066779,39.2459155887517,3.71119169098425,17,70,1190
12,70,0.104022435349279,7.8706944511209,39.2459155887517,3.71119169098425,17,70,1190
12,75,0.196027795263658,8.12266116320897,39.2459155887517,3.71119169098425,17,70,1190
12,80,0.0422602034148106,8.45473893645067,39.2459155887517,3.71119169098425,17,70,1190
12,85,0.112641080352523,8.84171387079649,39.2459155887517,3.71119169098425,17,70,1190
12,90,0.205390816183185,9.28366989953221,39.2459155887517,3.71119169098425,17,70,1190
12,95,0.24129480044827,9.81524286462064,39.2459155887517,3.71119169098425,17,70,1190
12,100,0.0499808493113703,10.4860767621711,39.2459155887517,3.71119169098425,17,70,1190
18,20,0.603920112680028,17.9431472788521,31.6935948738803,2.75872326823127,15,80,1200
18,25,0.149218264056524,16.2176692101992,31.6935948738803,2.75872326823127,15,80,1200
18,30,0.308730542443263,13.2075728316907,31.6935948738803,2.75872326823127,15,80,1200
18,35,0.127198402630656,11.308340403188,31.6935948738803,2.75872326823127,15,80,1200
18,40,0.0652369252461825,10.0580070071315,31.6935948738803,2.75872326823127,15,80,1200
18,45,0.0682389723276433,10.7849377886957,31.6935948738803,2.75872326823127,15,80,1200
18,50,0.342690766626528,11.2789131332972,31.6935948738803,2.75872326823127,15,80,1200
18,55,0.145287647742274,11.1056483846109,31.6935948738803,2.75872326823127,15,80,1200
18,60,0.0817033880831567,10.2165811717015,31.6935948738803,2.75872326823127,15,80,1200
18,65,0.230413167061288,8.44484131066779,31.6935948738803,2.75872326823127,15,80,1200
18,70,0.104022435349279,7.8706944511209,31.6935948738803,2.75872326823127,15,80,1200
18,75,0.196027795263658,8.12266116320897,31.6935948738803,2.75872326823127,15,80,1200
18,80,0.0422602034148106,8.45473893645067,31.6935948738803,2.75872326823127,15,80,1200
18,85,0.112641080352523,8.84171387079649,31.6935948738803,2.75872326823127,15,80,1200
18,90,0.205390816183185,9.28366989953221,31.6935948738803,2.75872326823127,15,80,1200
18,95,0.24129480044827,9.81524286462064,31.6935948738803,2.75872326823127,15,80,1200
18,100,0.0499808493113703,10.4860767621711,31.6935948738803,2.75872326823127,15,80,1200
