Ctrl,Case,Window,GroupCount,mean_RMS_eT_Nm,std_RMS_eT_Nm,mean_MaxAbs_eT_Nm,std_MaxAbs_eT_Nm,mean_Mean_eT_signed_pct_of_Tdref,std_Mean_eT_signed_pct_of_Tdref,mean_RMS_Ta_Nm,std_RMS_Ta_Nm,mean_MaxAbs_Ta_Nm,std_MaxAbs_Ta_Nm,mean_TV_Ta_Nm_per_s,std_TV_Ta_Nm_per_s
ISMC,TC1_dry_calibration,v100_aypos0p10g,1,0.0882987615801771,0,0.260289335381323,0,-1.22810443529864,0,NaN,NaN,NaN,NaN,NaN,NaN
ISMC,TC1_dry_calibration,v100_aypos0p20g,1,0.0736342913896191,0,0.189614906129339,0,1.20467168883128,0,NaN,NaN,NaN,NaN,NaN,NaN
ISMC,TC1_dry_calibration,v100_aypos0p30g,1,0.0784668049842852,0,0.228746539310749,0,1.43977201296691,0,NaN,NaN,NaN,NaN,NaN,NaN
ISMC,TC1_dry_calibration,v20_aypos0p10g,1,0.0500044054464499,0,0.145856140773736,0,1.88804718648564,0,NaN,NaN,NaN,NaN,NaN,NaN
ISMC,TC1_dry_calibration,v20_aypos0p15g,1,0.0394188217332144,0,0.123520014807583,0,1.65006909417976,0,NaN,NaN,NaN,NaN,NaN,NaN
ISMC,TC1_dry_calibration,v20_aypos0p18g,1,0.0226125197129025,0,0.0749234544561341,0,0.757797043073935,0,NaN,NaN,NaN,NaN,NaN,NaN
ISMC,TC1_dry_calibration,v40_ayneg0p10g,1,0.0864086101693,0,0.24008730353027,0,-0.940031434922215,0,NaN,NaN,NaN,NaN,NaN,NaN
ISMC,TC1_dry_calibration,v40_ayneg0p20g,1,0.0940942852069439,0,0.24578994951203,0,2.64139505656589,0,NaN,NaN,NaN,NaN,NaN,NaN
ISMC,TC1_dry_calibration,v40_ayneg0p30g,1,0.113782195517194,0,0.305800485933806,0,2.86257228881436,0,NaN,NaN,NaN,NaN,NaN,NaN
ISMC,TC1_dry_calibration,v60_aypos0p10g,1,0.0802144862801434,0,0.196152079613317,0,-0.673562758892708,0,NaN,NaN,NaN,NaN,NaN,NaN
ISMC,TC1_dry_calibration,v60_aypos0p20g,1,0.0810550302682239,0,0.198403626744585,0,1.52007703326602,0,NaN,NaN,NaN,NaN,NaN,NaN
ISMC,TC1_dry_calibration,v60_aypos0p30g,1,0.0770055713628293,0,0.265922288516523,0,1.05402919657152,0,NaN,NaN,NaN,NaN,NaN,NaN
ISMC,TC1_dry_calibration,v80_ayneg0p10g,1,0.0908542664583024,0,0.28674220964097,0,-0.731436760933553,0,NaN,NaN,NaN,NaN,NaN,NaN
ISMC,TC1_dry_calibration,v80_ayneg0p20g,1,0.06747835350013,0,0.178564713856833,0,0.505191569168552,0,NaN,NaN,NaN,NaN,NaN,NaN
ISMC,TC1_dry_calibration,v80_ayneg0p30g,1,0.0955725043278324,0,0.251079022996607,0,1.79891241112427,0,NaN,NaN,NaN,NaN,NaN,NaN
ISMC,TC1_dry_calibration,whole case,1,0.171111311677947,0,1.54072231075538,0,NaN,NaN,6.82646052323435,0,9.78100597891254,0,1811.33890684492,0
ISMC,TC2_road,curve_0p15g_v80_after_mu_0p8,1,0.0755786597595406,0,0.209227877182929,0,0.643365159070025,0,NaN,NaN,NaN,NaN,NaN,NaN
ISMC,TC2_road,curve_0p15g_v80_mu_0p3,1,0.0731424630510325,0,0.186925757403197,0,0.581119795784271,0,NaN,NaN,NaN,NaN,NaN,NaN
ISMC,TC2_road,curve_0p25g_v80_before_mu_drop,1,0.0774271391982764,0,0.257841127472829,0,1.38758728240106,0,NaN,NaN,NaN,NaN,NaN,NaN
ISMC,TC2_road,curve_0p25g_v80_mu_0p3,1,0.0674319976921508,0,0.190077062488623,0,0.614237872521608,0,NaN,NaN,NaN,NaN,NaN,NaN
ISMC,TC2_road,curve_0p2g_v100_before_mu_drop,1,0.0715667378067145,0,0.240425731687506,0,0.892454067784824,0,NaN,NaN,NaN,NaN,NaN,NaN
ISMC,TC2_road,curve_0p2g_v100_mu_0p5,1,0.0727729906368796,0,0.226663784672998,0,0.931042833331177,0,NaN,NaN,NaN,NaN,NaN,NaN
ISMC,TC2_road,dry_curve_0p2g_v50,1,0.0884068525453748,0,0.252825167360813,0,2.08389702020536,0,NaN,NaN,NaN,NaN,NaN,NaN
ISMC,TC2_road,lane_change_mu_0p3_v80,1,0.143762424687232,0,0.699912113097408,0,-1.53050420448504,0,NaN,NaN,NaN,NaN,NaN,NaN
ISMC,TC2_road,sine_v60_mu_0p4,1,0.309315638765688,0,1.01060224664376,0,1.19633797684343,0,NaN,NaN,NaN,NaN,NaN,NaN
ISMC,TC2_road,sine_v60_mu_0p8,1,0.316345388601403,0,0.823920110548968,0,2.09415528903535,0,NaN,NaN,NaN,NaN,NaN,NaN
ISMC,TC2_road,slalom_dry_v50,1,0.303354259920498,0,0.763534137919002,0,0.134755027232242,0,NaN,NaN,NaN,NaN,NaN,NaN
ISMC,TC2_road,whole case,1,0.189535266923518,0,1.07609127649869,0,NaN,NaN,7.16542573483859,0,9.29331389912755,0,1866.90127934278,0
ISMC,TC3_mu_drop_hard_corner,after_mu_drop_steady,1,0.064691593392884,0,0.17321892376853,0,0.0623277660671039,0,NaN,NaN,NaN,NaN,NaN,NaN
ISMC,TC3_mu_drop_hard_corner,before_mu_drop,1,0.0422183071575432,0,0.156906924283089,0,0.257193755835326,0,NaN,NaN,NaN,NaN,NaN,NaN
ISMC,TC3_mu_drop_hard_corner,whole case,1,0.0646296485834353,0,0.262488029769188,0,NaN,NaN,6.75698552349792,0,8.51825956683338,0,1950.70803139447,0
ISMC,TC4_wet_patch_lane_change,after_lane_change,1,0.185022997895705,0,0.571611920829095,0,-130.241976576986,0,NaN,NaN,NaN,NaN,NaN,NaN
ISMC,TC4_wet_patch_lane_change,before,1,0.172288710211773,0,0.4988571237456,0,-160.61353456919,0,NaN,NaN,NaN,NaN,NaN,NaN
ISMC,TC4_wet_patch_lane_change,during_puddle,1,0.295621620489377,0,0.540600680674824,0,-9.88718030723556,0,NaN,NaN,NaN,NaN,NaN,NaN
ISMC,TC4_wet_patch_lane_change,whole case,1,0.207139282382323,0,1.12128298927614,0,NaN,NaN,7.06696181478377,0,8.62939057013846,0,1799.53353180612,0
ISMC,TC5_sine_high_speed_low_mu,sine_sustained,1,0.143408117602743,0,0.639247987594665,0,-0.493934424647911,0,NaN,NaN,NaN,NaN,NaN,NaN
ISMC,TC5_sine_high_speed_low_mu,sine_transient,1,0.15071112000173,0,0.64765623897006,0,-0.994633588221564,0,NaN,NaN,NaN,NaN,NaN,NaN
ISMC,TC5_sine_high_speed_low_mu,whole case,1,0.151805336236265,0,0.688041326599591,0,NaN,NaN,6.97644034533404,0,8.51795749340144,0,1796.00307144314,0
ISMC,TC6_mu_rise_mid_corner,after_mu_rise_steady,1,0.0722234441574758,0,0.195680308943259,0,0.435991538574924,0,NaN,NaN,NaN,NaN,NaN,NaN
ISMC,TC6_mu_rise_mid_corner,before_mu_rise,1,0.076113315616162,0,0.204457618806598,0,1.15987068313445,0,NaN,NaN,NaN,NaN,NaN,NaN
ISMC,TC6_mu_rise_mid_corner,whole case,1,0.0752635197742152,0,0.228560052996392,0,NaN,NaN,7.21447828652485,0,9.03044588539473,0,2067.38103101103,0
Map,TC1_dry_calibration,v100_aypos0p10g,1,0.00870932436405231,0,0.0111542109726909,0,-0.331726714675551,0,NaN,NaN,NaN,NaN,NaN,NaN
Map,TC1_dry_calibration,v100_aypos0p20g,1,0.00536953157331828,0,0.00675608150899176,0,0.178019812286044,0,NaN,NaN,NaN,NaN,NaN,NaN
Map,TC1_dry_calibration,v100_aypos0p30g,1,0.0275531242615106,0,0.0293953387218928,0,0.834893223942079,0,NaN,NaN,NaN,NaN,NaN,NaN
Map,TC1_dry_calibration,v20_aypos0p10g,1,0.00295959088744975,0,0.0059467924678307,0,0.277574706347782,0,NaN,NaN,NaN,NaN,NaN,NaN
Map,TC1_dry_calibration,v20_aypos0p15g,1,0.00196868574921606,0,0.00544538734258393,0,0.132745517218689,0,NaN,NaN,NaN,NaN,NaN,NaN
Map,TC1_dry_calibration,v20_aypos0p18g,1,0.0066891459347458,0,0.010610713729627,0,0.456008678739223,0,NaN,NaN,NaN,NaN,NaN,NaN
Map,TC1_dry_calibration,v40_ayneg0p10g,1,0.00789096665745315,0,0.0119866574448027,0,-0.460431137701314,0,NaN,NaN,NaN,NaN,NaN,NaN
Map,TC1_dry_calibration,v40_ayneg0p20g,1,0.0501546169817613,0,0.0561872457325105,0,2.50660801726429,0,NaN,NaN,NaN,NaN,NaN,NaN
Map,TC1_dry_calibration,v40_ayneg0p30g,1,0.0632843077553764,0,0.0672769516566283,0,2.75117992418201,0,NaN,NaN,NaN,NaN,NaN,NaN
Map,TC1_dry_calibration,v60_aypos0p10g,1,0.00792052508714235,0,0.0100099786802876,0,-0.375785252425865,0,NaN,NaN,NaN,NaN,NaN,NaN
Map,TC1_dry_calibration,v60_aypos0p20g,1,0.0502411291248298,0,0.053771133042253,0,2.09323746404396,0,NaN,NaN,NaN,NaN,NaN,NaN
Map,TC1_dry_calibration,v60_aypos0p30g,1,0.00893460625922253,0,0.0120159649248026,0,0.317264894872626,0,NaN,NaN,NaN,NaN,NaN,NaN
Map,TC1_dry_calibration,v80_ayneg0p10g,1,0.00551570528340734,0,0.00628408325916373,0,-0.23937435992669,0,NaN,NaN,NaN,NaN,NaN,NaN
Map,TC1_dry_calibration,v80_ayneg0p20g,1,0.0013433997514321,0,0.00478184593758346,0,-0.0100702065689716,0,NaN,NaN,NaN,NaN,NaN,NaN
Map,TC1_dry_calibration,v80_ayneg0p30g,1,0.0204403357531503,0,0.0236831004629958,0,0.657999548653006,0,NaN,NaN,NaN,NaN,NaN,NaN
Map,TC1_dry_calibration,whole case,1,0.643615850308273,0,3.53876950741478,0,NaN,NaN,2.7897612889235,0,7.30667195879459,0,325.046958439795,0
Map,TC2_road,curve_0p15g_v80_after_mu_0p8,1,0.00166449746431235,0,0.00462112641581484,0,-0.0462213013194543,0,NaN,NaN,NaN,NaN,NaN,NaN
Map,TC2_road,curve_0p15g_v80_mu_0p3,1,0.0475015634531464,0,0.0783166245818054,0,-1.82756997009076,0,NaN,NaN,NaN,NaN,NaN,NaN
Map,TC2_road,curve_0p25g_v80_before_mu_drop,1,0.00107757045942702,0,0.00323706484738517,0,0.00257818098627922,0,NaN,NaN,NaN,NaN,NaN,NaN
Map,TC2_road,curve_0p25g_v80_mu_0p3,1,0.104418025233887,0,0.107131730708596,0,-3.56148162397173,0,NaN,NaN,NaN,NaN,NaN,NaN
Map,TC2_road,curve_0p2g_v100_before_mu_drop,1,0.00504231930358594,0,0.016903824864984,0,0.166523698397059,0,NaN,NaN,NaN,NaN,NaN,NaN
Map,TC2_road,curve_0p2g_v100_mu_0p5,1,0.0138155884347942,0,0.0156828300144086,0,-0.460654466475017,0,NaN,NaN,NaN,NaN,NaN,NaN
Map,TC2_road,dry_curve_0p2g_v50,1,0.0650484871888393,0,0.0710421346009369,0,2.94871515653051,0,NaN,NaN,NaN,NaN,NaN,NaN
Map,TC2_road,lane_change_mu_0p3_v80,1,1.65546003272916,0,2.45050865692808,0,-1.78410560994909,0,NaN,NaN,NaN,NaN,NaN,NaN
Map,TC2_road,sine_v60_mu_0p4,1,1.59713192897947,0,3.16136563016248,0,4.94761679733975,0,NaN,NaN,NaN,NaN,NaN,NaN
Map,TC2_road,sine_v60_mu_0p8,1,1.61850512291243,0,3.1496561358092,0,1.56462165642007,0,NaN,NaN,NaN,NaN,NaN,NaN
Map,TC2_road,slalom_dry_v50,1,1.48561276581317,0,2.66562889944208,0,-0.0472198986635677,0,NaN,NaN,NaN,NaN,NaN,NaN
Map,TC2_road,whole case,1,0.836533322285379,0,3.16136563016248,0,NaN,NaN,1.83817015029268,0,8.81947268605765,0,292.270380434445,0
Map,TC3_mu_drop_hard_corner,after_mu_drop_steady,1,0.456203028858106,0,0.458041053136346,0,-14.120810924409,0,NaN,NaN,NaN,NaN,NaN,NaN
Map,TC3_mu_drop_hard_corner,before_mu_drop,1,0.582549292800137,0,0.607306938385336,0,17.3200501485855,0,NaN,NaN,NaN,NaN,NaN,NaN
Map,TC3_mu_drop_hard_corner,whole case,1,0.483972781935214,0,0.944684579810257,0,NaN,NaN,2.30840818493521,0,5.16658583286215,0,477.469102341926,0
Map,TC4_wet_patch_lane_change,after_lane_change,1,0.118949724354325,0,0.170820201560733,0,-579.515780902373,0,NaN,NaN,NaN,NaN,NaN,NaN
Map,TC4_wet_patch_lane_change,before,1,0,0,0,0,0,0,NaN,NaN,NaN,NaN,NaN,NaN
Map,TC4_wet_patch_lane_change,during_puddle,1,2.2313339217432,0,3.27628139877211,0,-83.52196366708,0,NaN,NaN,NaN,NaN,NaN,NaN
Map,TC4_wet_patch_lane_change,whole case,1,0.865585502386529,0,3.30704014057669,0,NaN,NaN,1.03711495075301,0,7.90729338938155,0,87.0217188141939,0
Map,TC5_sine_high_speed_low_mu,sine_sustained,1,1.86196591132457,0,3.00575307362828,0,1.46606701304325,0,NaN,NaN,NaN,NaN,NaN,NaN
Map,TC5_sine_high_speed_low_mu,sine_transient,1,1.76591724287712,0,3.00551211738866,0,9.19783347163867,0,NaN,NaN,NaN,NaN,NaN,NaN
Map,TC5_sine_high_speed_low_mu,whole case,1,1.70581159749963,0,3.00575307362828,0,NaN,NaN,0.990093208790687,0,4.08230914127698,0,243.257773282407,0
Map,TC6_mu_rise_mid_corner,after_mu_rise_steady,1,0.0135469043609053,0,0.0174957502678047,0,0.592954205859074,0,NaN,NaN,NaN,NaN,NaN,NaN
Map,TC6_mu_rise_mid_corner,before_mu_rise,1,0.0180229602524362,0,0.0218012101815677,0,-0.791601466539662,0,NaN,NaN,NaN,NaN,NaN,NaN
Map,TC6_mu_rise_mid_corner,whole case,1,0.0149118554620987,0,0.0318879797328782,0,NaN,NaN,1.72779701022305,0,4.56127909522629,0,694.894895066666,0
