Case,Window,RMS_eT_Nm,MaxAbs_eT_Nm,Mean_eT_Nm,Mean_eT_signed_pct_of_Tdref,RMS_Ta_Nm,MaxAbs_Ta_Nm,TV_Ta_Nm_per_s,Ctrl,Seed
TC1_dry_calibration,whole case,0.643615850308273,3.53876950741478,NaN,NaN,2.7897612889235,7.30667195879459,325.046958439795,Map,99999
TC1_dry_calibration,v20_aypos0p10g,0.00295959088744975,0.0059467924678307,0.00277571320550542,0.277574706347782,NaN,NaN,NaN,Map,99999
TC1_dry_calibration,v20_aypos0p15g,0.00196868574921606,0.00544538734258393,0.00174227893794648,0.132745517218689,NaN,NaN,NaN,Map,99999
TC1_dry_calibration,v20_aypos0p18g,0.0066891459347458,0.010610713729627,0.00658358346372787,0.456008678739223,NaN,NaN,NaN,Map,99999
TC1_dry_calibration,v40_ayneg0p10g,0.00789096665745315,0.0119866574448027,0.0078276094121849,-0.460431137701314,NaN,NaN,NaN,Map,99999
TC1_dry_calibration,v40_ayneg0p20g,0.0501546169817613,0.0561872457325105,-0.0501260194583797,2.50660801726429,NaN,NaN,NaN,Map,99999
TC1_dry_calibration,v40_ayneg0p30g,0.0632843077553764,0.0672769516566283,-0.0632701001878804,2.75117992418201,NaN,NaN,NaN,Map,99999
TC1_dry_calibration,v60_aypos0p10g,0.00792052508714235,0.0100099786802876,-0.00789197113077868,-0.375785252425865,NaN,NaN,NaN,Map,99999
TC1_dry_calibration,v60_aypos0p20g,0.0502411291248298,0.053771133042253,0.0502263552679013,2.09323746404396,NaN,NaN,NaN,Map,99999
TC1_dry_calibration,v60_aypos0p30g,0.00893460625922253,0.0120159649248026,0.00888312256084116,0.317264894872626,NaN,NaN,NaN,Map,99999
TC1_dry_calibration,v80_ayneg0p10g,0.00551570528340734,0.00628408325916373,0.00550616533531633,-0.23937435992669,NaN,NaN,NaN,Map,99999
TC1_dry_calibration,v80_ayneg0p20g,0.0013433997514321,0.00478184593758346,0.000281966065238196,-0.0100702065689716,NaN,NaN,NaN,Map,99999
TC1_dry_calibration,v80_ayneg0p30g,0.0204403357531503,0.0236831004629958,-0.0203959469578445,0.657999548653006,NaN,NaN,NaN,Map,99999
TC1_dry_calibration,v100_aypos0p10g,0.00870932436405231,0.0111542109726909,-0.00862615793591767,-0.331726714675551,NaN,NaN,NaN,Map,99999
TC1_dry_calibration,v100_aypos0p20g,0.00536953157331828,0.00675608150899176,0.00534035157494065,0.178019812286044,NaN,NaN,NaN,Map,99999
TC1_dry_calibration,v100_aypos0p30g,0.0275531242615106,0.0293953387218928,0.0275476114283636,0.834893223942079,NaN,NaN,NaN,Map,99999
TC2_road,whole case,0.836533322285379,3.16136563016248,NaN,NaN,1.83817015029268,8.81947268605765,292.270380434445,Map,99999
TC2_road,dry_curve_0p2g_v50,0.0650484871888393,0.0710421346009369,0.0650212878015058,2.94871515653051,NaN,NaN,NaN,Map,99999
TC2_road,slalom_dry_v50,1.48561276581317,2.66562889944208,-0.000781642038770468,-0.0472198986635677,NaN,NaN,NaN,Map,99999
TC2_road,curve_0p25g_v80_before_mu_drop,0.00107757045942702,0.00323706484738517,-7.64913767430352e-05,0.00257818098627922,NaN,NaN,NaN,Map,99999
TC2_road,curve_0p25g_v80_mu_0p3,0.104418025233887,0.107131730708596,0.104414382982016,-3.56148162397173,NaN,NaN,NaN,Map,99999
TC2_road,lane_change_mu_0p3_v80,1.65546003272916,2.45050865692808,-0.0289551566851687,-1.78410560994909,NaN,NaN,NaN,Map,99999
TC2_road,curve_0p15g_v80_mu_0p3,0.0475015634531464,0.0783166245818054,-0.0474911792400378,-1.82756997009076,NaN,NaN,NaN,Map,99999
TC2_road,curve_0p15g_v80_after_mu_0p8,0.00166449746431235,0.00462112641581484,-0.00120444929490359,-0.0462213013194543,NaN,NaN,NaN,Map,99999
TC2_road,curve_0p2g_v100_before_mu_drop,0.00504231930358594,0.016903824864984,-0.00499548852165869,0.166523698397059,NaN,NaN,NaN,Map,99999
TC2_road,curve_0p2g_v100_mu_0p5,0.0138155884347942,0.0156828300144086,0.0138023343454284,-0.460654466475017,NaN,NaN,NaN,Map,99999
TC2_road,sine_v60_mu_0p8,1.61850512291243,3.1496561358092,-0.0301185586811538,1.56462165642007,NaN,NaN,NaN,Map,99999
TC2_road,sine_v60_mu_0p4,1.59713192897947,3.16136563016248,0.0987862610868428,4.94761679733975,NaN,NaN,NaN,Map,99999
TC3_mu_drop_hard_corner,whole case,0.483972781935214,0.944684579810257,NaN,NaN,2.30840818493521,5.16658583286215,477.469102341926,Map,99999
TC3_mu_drop_hard_corner,before_mu_drop,0.582549292800137,0.607306938385336,0.582416336839926,17.3200501485855,NaN,NaN,NaN,Map,99999
TC3_mu_drop_hard_corner,after_mu_drop_steady,0.456203028858106,0.458041053136346,-0.456202662743011,-14.120810924409,NaN,NaN,NaN,Map,99999
TC4_wet_patch_lane_change,whole case,0.865585502386529,3.30704014057669,NaN,NaN,1.03711495075301,7.90729338938155,87.0217188141939,Map,99999
TC4_wet_patch_lane_change,before,0,0,0,0,NaN,NaN,NaN,Map,99999
TC4_wet_patch_lane_change,during_puddle,2.2313339217432,3.27628139877211,-2.15733859620111,-83.52196366708,NaN,NaN,NaN,Map,99999
TC4_wet_patch_lane_change,after_lane_change,0.118949724354325,0.170820201560733,-0.115642980379954,-579.515780902373,NaN,NaN,NaN,Map,99999
TC5_sine_high_speed_low_mu,whole case,1.70581159749963,3.00575307362828,NaN,NaN,0.990093208790687,4.08230914127698,243.257773282407,Map,99999
TC5_sine_high_speed_low_mu,sine_transient,1.76591724287712,3.00551211738866,0.195023006087189,9.19783347163867,NaN,NaN,NaN,Map,99999
TC5_sine_high_speed_low_mu,sine_sustained,1.86196591132457,3.00575307362828,-0.0329715865888606,1.46606701304325,NaN,NaN,NaN,Map,99999
TC6_mu_rise_mid_corner,whole case,0.0149118554620987,0.0318879797328782,NaN,NaN,1.72779701022305,4.56127909522629,694.894895066666,Map,99999
TC6_mu_rise_mid_corner,before_mu_rise,0.0180229602524362,0.0218012101815677,-0.0179692552940044,-0.791601466539662,NaN,NaN,NaN,Map,99999
TC6_mu_rise_mid_corner,after_mu_rise_steady,0.0135469043609053,0.0174957502678047,0.0134756365752017,0.592954205859074,NaN,NaN,NaN,Map,99999
TC1_dry_calibration,whole case,0.484816578735547,2.37289627681514,NaN,NaN,2.86790939302918,6.97355048820184,19.2928639007941,PI,99999
TC1_dry_calibration,v20_aypos0p10g,0.0222787091808605,0.0438748698897524,0.0158336676246829,1.58339504164907,NaN,NaN,NaN,PI,99999
TC1_dry_calibration,v20_aypos0p15g,0.0189682524758425,0.038231982691727,0.0165564579812837,1.26146911713638,NaN,NaN,NaN,PI,99999
TC1_dry_calibration,v20_aypos0p18g,0.0211124601968875,0.0399924374599405,0.0174026518354004,1.20538752987877,NaN,NaN,NaN,PI,99999
TC1_dry_calibration,v40_ayneg0p10g,0.00977161543696971,0.0205107036080203,0.000256742458423266,-0.0151026391667505,NaN,NaN,NaN,PI,99999
TC1_dry_calibration,v40_ayneg0p20g,0.017371732316951,0.027419794363595,-0.0162825953595378,0.814160740311924,NaN,NaN,NaN,PI,99999
TC1_dry_calibration,v40_ayneg0p30g,0.0156705553964834,0.0250791181053538,-0.0140229162801736,0.60970632032478,NaN,NaN,NaN,PI,99999
TC1_dry_calibration,v60_aypos0p10g,0.014674035801044,0.0201526201741693,-0.0136234887777373,-0.648674442720012,NaN,NaN,NaN,PI,99999
TC1_dry_calibration,v60_aypos0p20g,0.0195171175117715,0.026783399858326,0.0189167572467107,0.788267965255609,NaN,NaN,NaN,PI,99999
TC1_dry_calibration,v60_aypos0p30g,0.0141068704824281,0.019697447254448,0.0135489436838204,0.483916502214395,NaN,NaN,NaN,PI,99999
TC1_dry_calibration,v80_ayneg0p10g,0.0240523429699452,0.032296161917754,0.0227573270317344,-0.989084005560843,NaN,NaN,NaN,PI,99999
TC1_dry_calibration,v80_ayneg0p20g,0.0133007710118358,0.0195960930725736,-0.0121518466762283,0.434041433442089,NaN,NaN,NaN,PI,99999
TC1_dry_calibration,v80_ayneg0p30g,0.011186733428155,0.015038953512891,-0.0108513742076783,0.350063835198805,NaN,NaN,NaN,PI,99999
TC1_dry_calibration,v100_aypos0p10g,0.0217755716682013,0.0301199594167216,-0.019938946546342,-0.766659686361464,NaN,NaN,NaN,PI,99999
TC1_dry_calibration,v100_aypos0p20g,0.0111662288308885,0.0132460746005137,0.0111043451678332,0.370179007395701,NaN,NaN,NaN,PI,99999
TC1_dry_calibration,v100_aypos0p30g,0.00917738990643423,0.0124984812024063,0.00890286223060955,0.269796980582842,NaN,NaN,NaN,PI,99999
TC2_road,whole case,0.564001110360025,3.24258080951859,NaN,NaN,1.88205852544406,4.7090126328995,28.162537804171,PI,99999
TC2_road,dry_curve_0p2g_v50,0.00342185390464471,0.00685205514495424,0.00293522124763667,0.133084365422285,NaN,NaN,NaN,PI,99999
TC2_road,slalom_dry_v50,1.07937215809906,1.75812507646156,0.00980829626982822,-0.595868436356868,NaN,NaN,NaN,PI,99999
TC2_road,curve_0p25g_v80_before_mu_drop,0.0145566304068804,0.02127736820675,-0.0127711344724738,0.430488211860534,NaN,NaN,NaN,PI,99999
TC2_road,curve_0p25g_v80_mu_0p3,0.00327054373580017,0.00516871733466528,0.00294543847910381,-0.100519002866273,NaN,NaN,NaN,PI,99999
TC2_road,lane_change_mu_0p3_v80,0.790420938167076,1.60883985899268,0.058331185358509,3.59291340161703,NaN,NaN,NaN,PI,99999
TC2_road,curve_0p15g_v80_mu_0p3,0.023207642323574,0.0330331042871048,0.0211758017726598,0.815539420473353,NaN,NaN,NaN,PI,99999
TC2_road,curve_0p15g_v80_after_mu_0p8,0.00490675116820982,0.0133230687951302,-0.00326093245114261,-0.125136447861897,NaN,NaN,NaN,PI,99999
TC2_road,curve_0p2g_v100_before_mu_drop,0.0117340664787574,0.0255037941241621,-0.00799360772985541,0.266475595894528,NaN,NaN,NaN,PI,99999
TC2_road,curve_0p2g_v100_mu_0p5,0.0031898921287656,0.00676328363461746,0.00125460165170632,-0.0418767399032124,NaN,NaN,NaN,PI,99999
TC2_road,sine_v60_mu_0p8,1.28572217035551,1.92670227511076,-0.0738013706088342,3.86018487357806,NaN,NaN,NaN,PI,99999
TC2_road,sine_v60_mu_0p4,1.23059997983012,2.04831039727205,0.113552154861532,5.72426421933602,NaN,NaN,NaN,PI,99999
TC3_mu_drop_hard_corner,whole case,0.250429736478758,0.935308302681079,NaN,NaN,2.44830131243945,6.02870092666615,7.36165475660285,PI,99999
TC3_mu_drop_hard_corner,before_mu_drop,0.0436237932844447,0.0738891757044264,-0.0394399729185081,-1.17063541563357,NaN,NaN,NaN,PI,99999
TC3_mu_drop_hard_corner,after_mu_drop_steady,0.00259554703790763,0.00507688176066035,-0.00232028057995041,-0.0718319218791947,NaN,NaN,NaN,PI,99999
TC4_wet_patch_lane_change,whole case,0.620899184202369,2.66616212929832,NaN,NaN,1.11205195180126,3.52367474674975,40.8702219352775,PI,99999
TC4_wet_patch_lane_change,before,0.0102926059572243,0.023692828719639,0.00260168147504357,-381.859479161121,NaN,NaN,NaN,PI,99999
TC4_wet_patch_lane_change,during_puddle,1.46160972722365,1.82154706276523,-1.44926747252441,-56.4412606985765,NaN,NaN,NaN,PI,99999
TC4_wet_patch_lane_change,after_lane_change,0.133061737574345,0.206292395460409,0.119007872960658,-559.33028396114,NaN,NaN,NaN,PI,99999
TC5_sine_high_speed_low_mu,whole case,0.805069027110783,1.59902813056125,NaN,NaN,1.56587684985085,3.38217594286465,29.8141463733045,PI,99999
TC5_sine_high_speed_low_mu,sine_transient,0.80934450351161,1.58653496498328,0.130158101287831,6.10869690687256,NaN,NaN,NaN,PI,99999
TC5_sine_high_speed_low_mu,sine_sustained,0.863935069237262,1.58590384317788,0.0172089195822417,-0.768899429555627,NaN,NaN,NaN,PI,99999
TC6_mu_rise_mid_corner,whole case,0.0660945810800528,0.252759279150535,NaN,NaN,1.61998466477248,1.85688656524898,7.65527575730913,PI,99999
TC6_mu_rise_mid_corner,before_mu_rise,0.0212776853287042,0.0250357322795352,0.020714225003573,0.912676533533082,NaN,NaN,NaN,PI,99999
TC6_mu_rise_mid_corner,after_mu_rise_steady,0.00272279105140621,0.00568911306186459,-0.00220490972896886,-0.0970134807088344,NaN,NaN,NaN,PI,99999
