v_kmh,a_y_before_g,e_T_before_Nm,mu_after,a_y_after_g,T_r_after_Nm,T_s_after_Nm,T_d_ref_after_Nm,e_T_after_Nm,over_assist_pct
40,0.05,-0.166074993643798,0.5,0.0500059322981581,1.34104355108747,0.915001030622681,1.0863422842539,-0.171341253631219,-0.484769861557718
40,0.05,-0.166074993643798,0.3,0.0500119981968664,1.32525261628009,0.905672466799547,1.08643664683002,-0.180764180030473,-1.35205181356274
40,0.075,-0.162861461423756,0.5,0.0750089623973917,1.99364880001125,1.30053043599697,1.47523660565117,-0.174706169654196,-0.802902272426465
40,0.075,-0.162861461423756,0.3,0.0750083813500653,1.95730008730666,1.27905727494211,1.47523137985096,-0.196174104908849,-2.25813007641269
40,0.1,2.85438339631128e-12,0.5,0.100007664820083,2.63400421160751,1.67882319578602,1.70003204845232,-0.0212088526663017,-1.24755604980884
40,0.1,2.85438339631128e-12,0.3,0.0999772807738003,2.56743502841287,1.63949715967022,1.69979566873217,-0.0602985090619532,-3.54739750041736
40,0.125,-0.00117722053951086,0.5,0.12495008541625,3.26057646207677,1.79513808568714,1.80432229514584,-0.00918420945870024,-0.443767110827736
40,0.125,-0.00117722053951086,0.3,0.12476140040344,3.15059533146063,1.77734796992204,1.80353335782288,-0.0261853879008387,-1.38662072718834
40,0.15,-3.42458821720459e-05,0.5,0.149900300651906,3.8746613672176,1.86667218754288,1.87596398649816,-0.00929179895528032,-0.493482451674844
40,0.15,-3.42458821720459e-05,0.3,0.149510454123053,3.70818124878713,1.84801642950095,1.87484561037005,-0.0268291808691015,-1.42918087968005
40,0.175,0.0117914266193371,0.5,0.174828931087947,4.4750661555164,1.93350444207224,1.93444305552669,-0.000938613454451342,-0.658072618752917
40,0.175,0.0117914266193371,0.3,0.17411946506361,4.234172190736,1.90673844597075,1.93278023743749,-0.0260417914667377,-1.95745058611706
40,0.2,0.0161528706778811,0.5,0.19972493595396,5.06092015280943,1.9985993306455,1.99928311708065,-0.000683786435151879,-0.842134711646933
40,0.2,0.0161528706778811,0.3,0.198493927407188,4.72071901764565,1.96079920452063,1.99607481336571,-0.0352756088450772,-2.57648055967609
40,0.225,0.00303513968965063,0.5,0.224578215300873,5.63118233709054,2.06196179556561,2.08064702317384,-0.0186852276082266,-1.04392369565621
40,0.225,0.00303513968965063,0.3,0.222496472544886,5.15509872040847,2.00906361593427,2.07381632557318,-0.0647527096389093,-3.26874894814149
40,0.25,-0.000545169195441453,0.5,0.249388084886955,6.18475637766787,2.13142939879177,2.16662741333247,-0.0351980145407049,-1.59939106890391
40,0.25,-0.000545169195441453,0.3,0.24589892291944,5.5144031969323,2.04898633554805,2.15452434786604,-0.105538012317988,-4.87313328468704
40,0.275,-0.000625138098052869,0.5,0.274105073577179,6.71911995626426,2.20373645287112,2.24332531243013,-0.0395888595590126,-1.73687343717222
40,0.275,-0.000625138098052869,0.3,0.268121839520803,5.74938690014729,2.07509563591543,2.22481462223588,-0.149718986320452,-6.70140544440346
40,0.3,0.0119387472994146,0.5,0.298719053422589,7.23216601370172,2.26662588352247,2.29723797175192,-0.0306120882294532,-1.85226067356085
40,0.3,0.0119387472994146,0.3,0.287708627227297,5.73518106597536,2.07351720988616,2.27349685037259,-0.199979640486424,-9.32125275436861
60,0.05,-0.262007134245166,0.5,0.0500170874922452,1.34133739318759,1.09093879629981,1.35970259935083,-0.268763803051013,-0.496922548289108
60,0.05,-0.262007134245166,0.3,0.0500387399843212,1.32593979423837,1.07924368310436,1.36011771833061,-0.28087403522625,-1.38715206241425
60,0.075,-0.237150450869815,0.5,0.0750298989873125,1.99419020809763,1.58680749633693,1.83898453770226,-0.252177041365322,-0.817113476891031
60,0.075,-0.237150450869815,0.3,0.0750509017758465,1.9583574588953,1.55959104236369,1.83920408237114,-0.279613040007443,-2.3087480907983
60,0.1,2.8572699761753e-12,0.5,0.100037050181658,2.63474970469205,2.07333891319674,2.10015506538429,-0.0268161521875521,-1.27686534353607
60,0.1,2.8572699761753e-12,0.3,0.100017386909723,2.56839729115833,2.0229415124142,2.10007276908553,-0.0771312566713283,-3.67278971517602
60,0.125,-0.0012063998168701,0.5,0.124898336111938,3.25928946333478,2.19502156559229,2.20420650816257,-0.00918494257028168,-0.361968931852148
60,0.125,-0.0012063998168701,0.3,0.124517158736044,3.14496445026863,2.17651273007335,2.20261117411479,-0.0260984440414354,-1.13011522492476
60,0.15,0.00310429180714067,0.5,0.14979651763418,3.87213390014072,2.26613426101657,2.2722134210209,-0.00607916000432818,-0.404163258895934
60,0.15,0.00310429180714067,0.3,0.149011593991012,3.6972087294798,2.2466981309422,2.27007415872686,-0.0233760277846589,-1.16649579442156
60,0.175,0.0167377183971071,0.5,0.174652006699865,4.47085265314953,2.3326585669147,2.32873002736923,0.0039285395454729,-0.550049971490461
60,0.175,0.0167377183971071,0.3,0.17323809578458,4.21588708348172,2.30432905916467,2.32552033647866,-0.0211912773139886,-1.63098963772248
60,0.2,0.0157751624556592,0.5,0.199441669442814,5.05433467151466,2.39748990235943,2.39842595449318,-0.00093605213375092,-0.696757577948303
60,0.2,0.0157751624556592,0.3,0.197022737224283,4.69249933360234,2.3572859758458,2.3916065007827,-0.0343205249368981,-2.09464589497321
60,0.225,0.000426550606180243,0.5,0.224191931382464,5.62243591246995,2.46746487918237,2.49987784022838,-0.0324129610460115,-1.31364465590013
60,0.225,0.000426550606180243,0.3,0.220208808927006,5.1160934354205,2.40435198719816,2.48343328018368,-0.0790812929855247,-3.20152927908836
60,0.25,-0.000230883234502155,0.5,0.248824052716738,6.17235598817112,2.56892664127329,2.61722924556755,-0.0483026042942583,-1.83674094048769
60,0.25,-0.000230883234502155,0.3,0.242460513309413,5.46700269447385,2.44428763342252,2.58677512775512,-0.142487494332609,-5.49938066017979
60,0.275,-0.00223137753795744,0.5,0.273264406795028,6.70124712058764,2.66859679169822,2.72355838067668,-0.0549615889784634,-1.93607788305991
60,0.275,-0.00223137753795744,0.3,0.262961275121755,5.70893017889636,2.48177513563316,2.67896065704102,-0.19718552140786,-7.2772305691579
60,0.3,-3.56945584201185e-11,0.5,0.297451091464715,7.20624421070139,2.74946402807691,2.79297225134285,-0.0435082232659423,-1.55777499075865
60,0.3,-3.56945584201185e-11,0.3,0.280575077001534,5.78545891977146,2.49462536726465,2.74644237930555,-0.251817012040901,-9.16884380690629
100,0.05,-0.35697406070531,0.5,0.0500460745789773,1.34210093903884,1.31138505769804,1.67692746476394,-0.365542407065899,-0.510955097380768
100,0.05,-0.35697406070531,0.3,0.0501114551890234,1.32780822354315,1.29751361929791,1.6784805288511,-0.380966909553189,-1.42943861638368
100,0.075,-0.306632686923642,0.5,0.075087410786812,1.99567738613181,1.94569736654021,2.27084291327254,-0.325145546732324,-0.81524176333288
100,0.075,-0.306632686923642,0.3,0.0751815813628137,1.96160673376998,1.91263094568833,2.27208714012455,-0.359456194436219,-2.32488915498557
100,0.1,3.92930132875335e-12,0.5,0.100124713871561,2.63697359051792,2.56809139270756,2.6007179977128,-0.0326266050052402,-1.2545229831863
100,0.1,3.92930132875335e-12,0.3,0.100183185614635,2.57237466390259,2.50539651705661,2.60105462889315,-0.0956581118365385,-3.67766638877454
100,0.125,-0.00102217061760523,0.5,0.12481554071867,3.25723023883977,2.73024717822412,2.7428670384039,-0.0126198601797785,-0.422830906485428
100,0.125,-0.00102217061760523,0.3,0.124075483994625,3.13477576196927,2.70298336566182,2.73860641343449,-0.03562304777267,-1.26344833581514
100,0.15,-0.000273931200743149,0.5,0.149597890354528,3.86729602049862,2.82933915031193,2.84220347546002,-0.0128643251480898,-0.442980034893836
100,0.15,-0.000273931200743149,0.3,0.148034973849715,3.67569444631513,2.79941281488777,2.83595924892334,-0.0365464340355675,-1.2790205941286
100,0.175,0.0125195485105696,0.5,0.174294001262662,4.46232453511471,2.91560262259039,2.91958396169829,-0.00398133910790754,-0.565179417168695
100,0.175,0.0125195485105696,0.3,0.171481670989299,4.17931718210375,2.8751730007291,2.91081219108246,-0.0356391903533613,-1.6544777093991
100,0.2,0.023685119442991,0.5,0.198864225460809,5.04090419930994,2.99825686035618,2.99644666120767,0.0018101991485171,-0.730028689569852
100,0.2,0.023685119442991,0.3,0.194161646111652,4.63716185145145,2.94057938206444,2.98173435955907,-0.0411549774946325,-2.17457657586948
100,0.225,0.0238699029384737,0.5,0.223261677890391,5.60135713394094,3.07832156527728,3.08193507326688,-0.00361350798960514,-0.891758271174289
100,0.225,0.0238699029384737,0.3,0.215746169724696,5.03840585816651,2.9978999544529,3.05546304854469,-0.0575630940917939,-2.66516059060357
100,0.25,0.0249014986704377,0.5,0.247438937236521,6.1418663072147,3.15553716145924,3.16529192441061,-0.00975476295137412,-1.09488358260241
100,0.25,0.0249014986704377,0.3,0.23584233005217,5.36996034996653,3.04526488188865,3.12537686634637,-0.0801119844577198,-3.36002625023972
100,0.275,0.0367931264544916,0.5,0.271338126696668,6.66021080199123,3.22958637499875,3.23726444092187,-0.00767806592311793,-1.37372751559788
100,0.275,0.0367931264544916,0.3,0.253954367754697,5.61580822705715,3.08038600715102,3.18581129585506,-0.105425288704042,-4.46411924471386
100,0.3,0.0695536586706607,0.5,0.294888494901271,7.15368016158595,3.30008199779799,3.28938912879565,0.0106928690023378,-1.7894140025286
100,0.3,0.0695536586706607,0.3,0.269504341738288,5.7582115699776,3.10072934185394,3.23183673085065,-0.131107388996714,-6.20888567024109
