wc_design_rad_s,GroupCount,mean_R_RMS_eT_Nm,std_R_RMS_eT_Nm,mean_S_HF_RMS_Ta_Nm,std_S_HF_RMS_Ta_Nm,mean_TV_Ta_Nm_per_s,std_TV_Ta_Nm_per_s,mean_e_rel_pct,std_e_rel_pct,Kp,Ki_1_per_s
0.5,3,2.43178216823926,3.47394995487533e-05,0.0600238676275937,8.39792826237462e-05,1.9169012813614,0.0137554353872933,8.33215073457334,0.00591500378892405,0.120328475942318,0.601642379711591
1,3,2.34270544581707,4.29490118244998e-05,0.0892848512666625,6.31694028903629e-05,2.50568687082721,0.0118993763853462,10.4025593695424,0.0493870622841349,0.120276998986987,1.20276998986987
1.5,3,2.2096804205116,0.00011565932688044,0.116713433169995,6.46126836607825e-05,3.05130304317104,0.00721607020778496,3.45945646524283,0.0281814321769402,0.120189220340107,1.8028383051016
2,3,2.05766128014929,0.000645678759992733,0.139860556255686,8.59853375036226e-06,3.50854224529764,0.00885210361877057,4.04871061036892,0.154950478180072,0.120065145497454,2.40130290994908
2.5,3,1.89579085213418,0.000886289556837165,0.15825653399618,4.30056044088533e-05,3.90888434504683,0.0236020392251489,3.44323087688486,0.0857618298998839,0.119904783286565,2.99761958216411
3,3,1.74820600066664,0.000668370761737241,0.172724481446013,5.79416313807902e-05,4.18174211885221,0.0260995032322089,2.32722397534162,0.0194764846467276,0.119708145922585,3.59124437767754
3.5,3,1.62026474860323,0.000746070279087886,0.18449928064189,8.11951338409417e-05,4.38840725079347,0.0299907473082128,1.6157421300504,0.017745793576999,0.119475249079964,4.18163371779875
4,3,1.51333284328085,0.000801021874820904,0.194723710861313,0.000145153477171311,4.5555228168615,0.0287103434697701,0.727914144344079,0.0184973852792186,0.119206111981458,4.76824447925832
4.5,3,1.42329397096527,0.000751412256598217,0.203823515090337,9.76250952544108e-05,4.69696396024001,0.0295831350039337,0.609173565128988,0.0637492863218957,0.11890075750555,5.35053408774977
5,3,1.34743703249245,0.000700710602871106,0.211816856198406,0.000192602532205795,4.82102044157827,0.0367565680400964,1.00203754479902,0.0686205992473888,0.118559212311702,5.92796061558508
6,3,1.2254698173635,0.00050896951388797,0.224948386152201,0.000317960479049038,5.0406330380661,0.0336027802393571,1.16768113778257,0.0435969840308588,0.124244616176033,7.06218184812098
6.5,3,1.16023164167629,0.000569380282465609,0.22943779347869,0.000308479411872007,5.42378525313236,0.0264729759506738,1.06530269747053,0.017152646291592,0.189384286000101,7.56567883814777
7,3,1.10450652158825,0.000682786982851469,0.233985494284835,0.000327154095486322,5.84697237205356,0.0290619562754527,0.934359099387969,0.0234906573021517,0.257937342057882,8.02164183714413
