Scenario,Kind,v_kmh,Controller,RMS_eT,MaxAbs_eT_after_step,Recovery_s,RMS_Ta,MaxAbs_Ta,TV_Ta_per_s,SignViolation_frac,eT_end
S1_hold_mu_0p8_to_0p3_v40,S1,40,Map,0.084242936140826,0.109307754934102,NaN,2.53444342599252,3.00331768732265,0.102546133391497,0,-0.109307754934102
S1_hold_mu_0p8_to_0p3_v40,S1,40,PID,0.0396422275590457,0.127276803450058,0.412,2.49619745966052,3.85493603909755,0.952554394039642,0,0.00188952729255698
S1_hold_mu_0p8_to_0p3_v40,S1,40,SMC,1.44788254674385,1.65084081356717,NaN,1.03406968248351,1.43884652825027,0.102153709935613,0,1.31439453610915
S1_hold_mu_0p8_to_0p3_v40,S1,40,SMC_KI,0.0277860357962184,0.111752831940503,0.395,2.48514109635727,3.4865109127851,0.477879711329297,0,-3.69071960653056e-05
S2_sine_mu_0p8_to_0p3_v40,S2,40,Map,1.03305290090535,2.28378306774893,NaN,3.55864921152819,6.59594495203089,65.9460477890034,0,1.98803491502702
S2_sine_mu_0p8_to_0p3_v40,S2,40,PID,0.415901348562851,1.49572001734213,5.688,3.7061573612118,6.596,11.5634325899462,0.376162383761624,0.037235473746847
S2_sine_mu_0p8_to_0p3_v40,S2,40,SMC,1.5976255762559,2.45369632862823,NaN,2.39142978264155,5.35222821374203,7.37906485415775,0.46985301469853,1.98482785571103
S2_sine_mu_0p8_to_0p3_v40,S2,40,SMC_KI,0.411616126935624,0.966245024506843,5.689,3.68170144589758,6.596,8.42532697769063,0.355864413558644,0.0518506644703214
S3_hold_mu_0p3_to_0p8_v40,S3,40,Map,0.068367471596161,0.169272644580986,0.0540000000000003,2.70822079761627,2.99843463429602,0.102696493990454,0,1.92494908901608e-10
S3_hold_mu_0p3_to_0p8_v40,S3,40,PID,0.0404977633776719,0.131818539871128,0.422,2.7159791248455,3.69113400069554,0.977686883010208,0,-0.0018933214972694
S3_hold_mu_0p3_to_0p8_v40,S3,40,SMC,1.4873720731082,1.60651618574075,NaN,1.11813467028756,1.33674165427243,0.101151672444464,0,1.60651618574075
S3_hold_mu_0p3_to_0p8_v40,S3,40,SMC_KI,0.0284621375993995,0.115905911262501,0.383,2.70551053872146,3.47185848252476,0.487476484333268,0,5.63528171904082e-06
S1_hold_mu_0p8_to_0p3_v60,S1,60,Map,0.0817131076284815,0.106018635471582,NaN,2.12868632318054,2.598437925646,0.105304996727927,0,-0.106017894943848
S1_hold_mu_0p8_to_0p3_v60,S1,60,PID,0.0398052082513358,0.129952544813665,0.427,2.10185067970698,3.40127301561105,0.955231224932946,0,0.0020539704936624
S1_hold_mu_0p8_to_0p3_v60,S1,60,SMC,1.4304252855529,1.63091464020089,NaN,0.632572692481562,1.00427480056411,0.0985628406728267,0,1.29802349256047
S1_hold_mu_0p8_to_0p3_v60,S1,60,SMC_KI,0.0277760325683955,0.113052920930297,0.411,2.08579129634195,2.99145217150502,0.466045558413647,0,-3.70420081741152e-05
S2_sine_mu_0p8_to_0p3_v60,S2,60,Map,0.761719913523903,1.17051300010169,NaN,2.98003786191944,6.09594495203089,62.3452526270675,0,0.852154715871627
S2_sine_mu_0p8_to_0p3_v60,S2,60,PID,0.33220495447321,1.25500935602965,5.61,3.08998512646195,6.096,9.66663400838461,0.351764823517648,0.0112168398515822
S2_sine_mu_0p8_to_0p3_v60,S2,60,SMC,1.54478145671621,2.34183065958088,NaN,1.84303813696688,4.91366743195931,5.96760371835635,0.487151284871513,1.88167967913357
S2_sine_mu_0p8_to_0p3_v60,S2,60,SMC_KI,0.302952544115921,0.842114086990788,5.64,3.05528576426584,6.096,6.8926566710492,0.338066193380662,0.0440718692737736
S3_hold_mu_0p3_to_0p8_v60,S3,60,Map,0.0666849065988035,0.177793948622637,0.0659999999999998,2.30568773249664,2.59843463409039,0.105259549679552,0,2.35238939438887e-10
S3_hold_mu_0p3_to_0p8_v60,S3,60,PID,0.0415921541833572,0.137183540889702,0.441,2.31998855283566,3.31212552323944,1.00619817463078,0,-0.00195564001826165
S3_hold_mu_0p3_to_0p8_v60,S3,60,SMC,1.46989430695293,1.58831687097492,NaN,0.710938818806935,0.906413925959233,0.104786088987144,0,1.58831687097492
S3_hold_mu_0p3_to_0p8_v60,S3,60,SMC_KI,0.0296277155562338,0.122106120810552,0.412,2.30635474382163,3.09064690830762,0.498325368183134,0,-1.33138059319471e-05
S1_hold_mu_0p8_to_0p3_v80,S1,80,Map,0.130462530990051,0.172768408546935,NaN,1.77957649911038,2.19977741157245,0.0973378768113185,0,-0.172768406620389
S1_hold_mu_0p8_to_0p3_v80,S1,80,PID,0.0441014132094235,0.135816921493889,0.459,1.72461039674254,3.17405282291833,1.09180745295852,0,0.00258035156214964
S1_hold_mu_0p8_to_0p3_v80,S1,80,SMC,1.41452588333889,1.63998823361261,NaN,0.31342096055391,0.671641758885053,0.12166856749908,0.508811398575178,1.2833793035142
S1_hold_mu_0p8_to_0p3_v80,S1,80,SMC_KI,0.0307893551848917,0.121708753873152,0.46,1.70749579653854,2.7053772276539,0.544880188941707,0,-5.35266520076405e-05
S2_sine_mu_0p8_to_0p3_v80,S2,80,Map,0.743012831652428,1.27723256246326,NaN,2.55102863738373,5.69594495203089,52.7410162257304,0,-0.223613180636194
S2_sine_mu_0p8_to_0p3_v80,S2,80,PID,0.3020708492679,1.13823510350516,5.615,2.72742916869773,5.34762710758849,8.51384181195505,0.365963403659634,0.00783728997583344
S2_sine_mu_0p8_to_0p3_v80,S2,80,SMC,1.52134128733238,2.27278752792377,NaN,1.61020001479998,3.81246178043602,5.16377136729973,0.495050494950505,1.81795782031196
S2_sine_mu_0p8_to_0p3_v80,S2,80,SMC_KI,0.273430755212341,0.780498824418286,5.609,2.69021548859887,5.696,6.23603061981865,0.364963503649635,0.028936185113936
S3_hold_mu_0p3_to_0p8_v80,S3,80,Map,0.109202239097849,0.241425355366604,0.173999999999999,1.91979919909037,2.19843462270769,0.0977885963956514,0,-2.84206436163004e-09
S3_hold_mu_0p3_to_0p8_v80,S3,80,PID,0.0438755033551485,0.134997396572242,0.462,1.93015789744228,2.89170698327048,1.07007483605727,0,-0.00217300176518309
S3_hold_mu_0p3_to_0p8_v80,S3,80,SMC,1.45252919281046,1.57153813968395,NaN,0.364552537483091,0.493485315236346,0.11637561944844,0.387576552930884,1.57153813968395
S3_hold_mu_0p3_to_0p8_v80,S3,80,SMC_KI,0.0304279123378544,0.117411686922163,0.425,1.91458175371709,2.66219001673592,0.524829317622031,0,-2.35874351672827e-05
S1_hold_mu_0p8_to_0p3_v100,S1,100,Map,0.102966124375484,0.135028799210919,NaN,1.55376570439901,2.01826110349697,0.106800787376602,0,-0.134980986970471
S1_hold_mu_0p8_to_0p3_v100,S1,100,PID,0.0436413003126019,0.131560839260911,0.448,1.52870727379343,2.98621090519974,1.07630613451677,0,0.00258748734405323
S1_hold_mu_0p8_to_0p3_v100,S1,100,SMC,1.40176621825361,1.60984692823546,NaN,0.270503151922463,0.394829836607662,0.107917003210008,0.591176102987127,1.27087457782106
S1_hold_mu_0p8_to_0p3_v100,S1,100,SMC_KI,0.0301116546783543,0.117971630041027,0.448,1.50860099006871,2.51733452257337,0.533841343894244,0,-6.74844154100462e-05
S2_sine_mu_0p8_to_0p3_v100,S2,100,Map,0.655449161962406,1.17567684922556,NaN,2.33640568456611,5.5959449520309,57.1076963429359,0,-0.147089323124922
S2_sine_mu_0p8_to_0p3_v100,S2,100,PID,0.284785574467365,1.0537436385952,5.618,2.50862800872308,4.84353252345323,7.90057537245898,0.368763123687631,0.0178027564846368
S2_sine_mu_0p8_to_0p3_v100,S2,100,SMC,1.50241340705481,2.20028128916389,NaN,1.49916472677694,2.92793759849982,4.73068486396243,0.504949505049495,1.77916970323049
S2_sine_mu_0p8_to_0p3_v100,S2,100,SMC_KI,0.258105324201178,0.744760582124982,5.6,2.47004793680474,5.15536793939018,5.86693920953281,0.366063393660634,0.0260896052976274
S3_hold_mu_0p3_to_0p8_v100,S3,100,Map,0.0850015583569259,0.196929478768515,0.112,1.71191376740496,1.99854404454778,0.107283184535064,0,-1.09367270795246e-09
S3_hold_mu_0p3_to_0p8_v100,S3,100,PID,0.0434420490957906,0.132259611546603,0.459,1.73325986730245,2.6646557360633,1.05649325205798,0,-0.002204442559675
S3_hold_mu_0p3_to_0p8_v100,S3,100,SMC,1.4393525657997,1.55685670469585,NaN,0.265042476950831,0.433269966002192,0.108198444495841,0.413823272090989,1.55685670469585
S3_hold_mu_0p3_to_0p8_v100,S3,100,SMC_KI,0.0303664531308897,0.116236438860911,0.422,1.71544780495527,2.44421366220691,0.523155824535483,0,-4.54028217453661e-05
