v_kmh,a_y_max_g,a_y_lim_g,T_r_Nm,T_d_ref_Nm,Ta_max_Nm
20,0.200776338024211,0.200776338024211,5.23820430698584,1.50101895918354,3.7371853478023
25,0.31003218993278,0.31003218993278,7.87529657225139,1.80961540078293,6.06568117146846
30,0.439545243145586,0.4,9.91700214766549,2.113068,7.80393414766549
35,0.585148768235867,0.4,9.91700214766548,2.260014,7.65698814766548
40,0.733684267095613,0.4,9.91700214766548,2.4,7.51700214766548
45,0.8,0.4,9.91700214766548,2.533996,7.38300614766548
50,0.8,0.4,9.91700214766549,2.662626,7.25437614766549
55,0.8,0.4,9.91700214766548,2.784943,7.13205914766548
60,0.8,0.4,9.91700214766548,2.9,7.01700214766548
65,0.8,0.4,9.91700214766548,3.0175,6.89950214766548
70,0.8,0.4,9.91700214766548,3.135556,6.78144614766548
75,0.8,0.4,9.91700214766548,3.235833,6.68116914766548
80,0.8,0.4,9.91700214766548,3.3,6.61700214766548
85,0.8,0.4,9.91700214766548,3.338125,6.57887714766548
90,0.8,0.4,9.91700214766548,3.37,6.54700214766548
95,0.8,0.4,9.91700214766549,3.391875,6.52512714766549
100,0.8,0.4,9.91700214766548,3.4,6.51700214766548
