check,level,controller,peak_abs_eT_0_1s,time_at_limit_0_1s,mean_eT_before,mean_eT_after,mean_Ta_before,mean_Ta_after,tv_Ta_Nm_per_s,std_Ta_after1s,frac_near_limit_after1s,frac_jump_over1Nm_after1s,p99_abs_dTa_after1s
C1_mu0p3,none,Map,2.8277,0.2960,-0.00024,-0.11544,4.27983,3.47550,0.22,0.3492,0.0000,0.0000,0.0037
C1_mu0p3,none,PID,2.6768,0.3200,-0.00010,0.00000,4.27725,3.35808,2.88,0.4520,0.0005,0.0008,0.0177
C1_mu0p3,none,Bac1b_base,2.6838,0.2370,0.33614,0.11176,3.97210,3.23956,0.41,0.3367,0.0000,0.0000,0.0030
C1_mu0p3,none,Bac1b_a_gamma099,2.7388,0.3520,0.32233,0.22885,3.93893,3.12365,0.68,0.3729,0.0000,0.0000,0.0127
C1_mu0p3,high,Map,2.8678,0.0190,-0.00412,-0.11377,4.28891,3.47262,590.50,0.6727,0.0002,0.2045,2.1753
C1_mu0p3,high,PID,2.7752,0.0220,0.01280,0.01429,4.62882,3.64891,2566.46,2.7056,0.1275,0.6837,11.3990
C1_mu0p3,high,Bac1b_base,2.7238,0.0100,0.32885,0.11326,3.97274,3.24317,60.28,0.3861,0.0000,0.0000,0.2654
C1_mu0p3,high,Bac1b_a_gamma099,2.5937,0.0100,0.31683,0.23072,3.93777,3.13669,184.96,0.5146,0.0000,0.0015,0.7144
C2_mu0p45,none,Map,2.8277,0.2960,-0.00024,-0.04651,4.27983,3.97901,0.09,0.1333,0.0000,0.0000,0.0014
C2_mu0p45,none,PID,2.6768,0.3200,-0.00010,0.00000,4.27725,3.93097,2.10,0.1777,0.0002,0.0008,0.0076
C2_mu0p45,none,Bac1b_base,2.6838,0.2370,0.33614,0.24397,3.97210,3.66950,0.18,0.1482,0.0000,0.0000,0.0008
C2_mu0p45,none,Bac1b_a_gamma099,2.7388,0.3520,0.32233,0.28789,3.93893,3.63289,0.25,0.1402,0.0000,0.0000,0.0050
C2_mu0p45,high,Map,2.8678,0.0190,-0.00412,-0.04549,4.28891,3.97616,563.50,0.5700,0.0005,0.1835,2.1204
C2_mu0p45,high,PID,2.7752,0.0220,0.01280,0.01390,4.62882,4.23788,2484.08,2.6007,0.1580,0.6745,11.1207
C2_mu0p45,high,Bac1b_base,2.7238,0.0100,0.32885,0.24376,3.97274,3.67835,55.06,0.2086,0.0000,0.0000,0.2535
C2_mu0p45,high,Bac1b_a_gamma099,2.5937,0.0100,0.31683,0.28535,3.93777,3.65379,176.40,0.3667,0.0000,0.0013,0.6862
