Case,Window,RMS_eT_Nm,MaxAbs_eT_Nm,Mean_eT_Nm,Mean_eT_signed_pct_of_Tdref,RMS_Ta_Nm,MaxAbs_Ta_Nm,TV_Ta_Nm_per_s,Ctrl,Level,Seed
TC1_dry_calibration,whole case,0.520983274684212,3.46978842980527,NaN,NaN,2.86752569941447,7.54487615925669,4.06393471069689,PI_2K,high,90001
TC1_dry_calibration,v20_aypos0p10g,0.056605434198499,0.0787558994039057,0.049295070265365,4.93014586530162,NaN,NaN,NaN,PI_2K,high,90001
TC1_dry_calibration,v20_aypos0p15g,0.0300973002441781,0.0655934512226806,-0.0107814569064854,-0.821466157283829,NaN,NaN,NaN,PI_2K,high,90001
TC1_dry_calibration,v20_aypos0p18g,0.0215709915591601,0.0374627985828935,-0.00512175429320352,-0.354746365710609,NaN,NaN,NaN,PI_2K,high,90001
TC1_dry_calibration,v40_ayneg0p10g,0.0480846513901171,0.0673413508541376,-0.0406786929428385,2.39378370679052,NaN,NaN,NaN,PI_2K,high,90001
TC1_dry_calibration,v40_ayneg0p20g,0.0692644579640387,0.0877495301845921,-0.0652739129198215,3.26420093568346,NaN,NaN,NaN,PI_2K,high,90001
TC1_dry_calibration,v40_ayneg0p30g,0.0596303933644646,0.0771644189711118,-0.0558539605995938,2.42866432581489,NaN,NaN,NaN,PI_2K,high,90001
TC1_dry_calibration,v60_aypos0p10g,0.0630689954961057,0.0806658234063247,0.0603503068810557,2.8769463278453,NaN,NaN,NaN,PI_2K,high,90001
TC1_dry_calibration,v60_aypos0p20g,0.0638240250331099,0.0807280861175661,0.0614369306468361,2.56056316413292,NaN,NaN,NaN,PI_2K,high,90001
TC1_dry_calibration,v60_aypos0p30g,0.0468983260993096,0.0589295765691822,0.0453290080719812,1.61915406564322,NaN,NaN,NaN,PI_2K,high,90001
TC1_dry_calibration,v80_ayneg0p10g,0.0347042049352554,0.0776103357211619,0.00830120314530419,-0.360819834244957,NaN,NaN,NaN,PI_2K,high,90001
TC1_dry_calibration,v80_ayneg0p20g,0.0487894836238169,0.096899887985328,0.0167390932695675,-0.597683247696954,NaN,NaN,NaN,PI_2K,high,90001
TC1_dry_calibration,v80_ayneg0p30g,0.047717719987739,0.0934421659003162,0.0253286829012648,-0.816913958637355,NaN,NaN,NaN,PI_2K,high,90001
TC1_dry_calibration,v100_aypos0p10g,0.0509100417869492,0.087469797055769,0.0173309776333434,0.666809474921646,NaN,NaN,NaN,PI_2K,high,90001
TC1_dry_calibration,v100_aypos0p20g,0.040533513812884,0.0808332406933219,-0.0143395805453521,-0.477846142625398,NaN,NaN,NaN,PI_2K,high,90001
TC1_dry_calibration,v100_aypos0p30g,0.0461082150065557,0.0894896673107723,-0.0248660588179595,-0.753406380430304,NaN,NaN,NaN,PI_2K,high,90001
TC2_road,whole case,0.480594064194267,5.04038122419177,NaN,NaN,2.09627330719293,5.20069895888425,4.89119622637836,PI_2K,high,90001
TC2_road,dry_curve_0p2g_v50,0.0190443819382613,0.0314439459943823,0.0119155024190973,0.540269694479127,NaN,NaN,NaN,PI_2K,high,90001
TC2_road,slalom_dry_v50,0.76270970325452,2.70939824783394,0.00159235031098079,-0.0967714546962631,NaN,NaN,NaN,PI_2K,high,90001
TC2_road,curve_0p25g_v80_before_mu_drop,0.0738302075414302,0.116091165190188,0.0501417579996803,-1.68958526099484,NaN,NaN,NaN,PI_2K,high,90001
TC2_road,curve_0p25g_v80_mu_0p3,0.0255859798070782,0.0443411291474982,-0.00433683154343045,0.14801300145529,NaN,NaN,NaN,PI_2K,high,90001
TC2_road,lane_change_mu_0p3_v80,0.787741585629258,2.31922310402461,0.113043770524089,-6.94855721841331,NaN,NaN,NaN,PI_2K,high,90001
TC2_road,curve_0p15g_v80_mu_0p3,0.0805341258593417,0.127012200537682,-0.0494698923828732,-1.9036260850099,NaN,NaN,NaN,PI_2K,high,90001
TC2_road,curve_0p15g_v80_after_mu_0p8,0.013995194108184,0.0226111923489118,-0.00716048204641319,-0.274778377269117,NaN,NaN,NaN,PI_2K,high,90001
TC2_road,curve_0p2g_v100_before_mu_drop,0.0446146493444142,0.0785777504854659,-0.021241508262163,0.708123929028755,NaN,NaN,NaN,PI_2K,high,90001
TC2_road,curve_0p2g_v100_mu_0p5,0.00519379597610378,0.00909850860269978,0.00313489583014949,-0.104637667930488,NaN,NaN,NaN,PI_2K,high,90001
TC2_road,sine_v60_mu_0p8,0.976576110969218,2.90815686906939,0.00371549694505905,-0.193741512295039,NaN,NaN,NaN,PI_2K,high,90001
TC2_road,sine_v60_mu_0p4,0.967462439699959,2.89995064838487,0.0106416873865938,0.535712057041705,NaN,NaN,NaN,PI_2K,high,90001
TC3_mu_drop_hard_corner,whole case,0.275450254666503,1.54336566509958,NaN,NaN,2.34016058653314,5.97245632688338,1.12106936977011,PI_2K,high,90001
TC3_mu_drop_hard_corner,before_mu_drop,0.0554039039589886,0.108860081355647,0.011926161257925,0.354066580056933,NaN,NaN,NaN,PI_2K,high,90001
TC3_mu_drop_hard_corner,after_mu_drop_steady,0.00344123637218868,0.00546798903500933,0.00289391201105867,0.0895934032978451,NaN,NaN,NaN,PI_2K,high,90001
TC4_wet_patch_lane_change,whole case,0.846583656901895,4.21097837568542,NaN,NaN,1.40488400762385,3.81252483017105,6.03230125667931,PI_2K,high,90001
TC4_wet_patch_lane_change,before,0.0538533462284006,0.0722747234468966,-0.0499959616721542,-623.207202106629,NaN,NaN,NaN,PI_2K,high,90001
TC4_wet_patch_lane_change,during_puddle,2.13500779340504,3.85788363783402,-1.93285942082205,-74.7325746655458,NaN,NaN,NaN,PI_2K,high,90001
TC4_wet_patch_lane_change,after_lane_change,0.215835866976483,0.371632008746896,-0.039386729169779,126.697182984915,NaN,NaN,NaN,PI_2K,high,90001
TC5_sine_high_speed_low_mu,whole case,0.833669898883622,2.53678057258343,NaN,NaN,1.98592319296241,2.95567275805186,5.35360938661332,PI_2K,high,90001
TC5_sine_high_speed_low_mu,sine_transient,0.833079512127029,2.52346408947299,0.0810207927484834,3.77844155429974,NaN,NaN,NaN,PI_2K,high,90001
TC5_sine_high_speed_low_mu,sine_sustained,0.840654239283881,2.53084559656383,0.0631354314264012,-2.80084692702393,NaN,NaN,NaN,PI_2K,high,90001
TC6_mu_rise_mid_corner,whole case,0.0705798163745647,0.236941149547423,NaN,NaN,1.62975083222701,2.01312024577776,1.63560473044284,PI_2K,high,90001
TC6_mu_rise_mid_corner,before_mu_rise,0.083395913444549,0.125491866317393,-0.0661541288215289,-2.91357701699701,NaN,NaN,NaN,PI_2K,high,90001
TC6_mu_rise_mid_corner,after_mu_rise_steady,0.00450058615990285,0.00794131985660407,-0.00205638623999731,-0.0904786138021293,NaN,NaN,NaN,PI_2K,high,90001
TC1_dry_calibration,whole case,0.520341419983675,3.48008883992003,NaN,NaN,2.86651962097829,7.5449291722985,4.07733733607875,PI_2K,high,90002
TC1_dry_calibration,v20_aypos0p10g,0.0605602912985659,0.08196242147002,0.0537984796813809,5.38065047128762,NaN,NaN,NaN,PI_2K,high,90002
TC1_dry_calibration,v20_aypos0p15g,0.0318796514711984,0.0609308347181308,-0.00402996772871207,-0.307059649903865,NaN,NaN,NaN,PI_2K,high,90002
TC1_dry_calibration,v20_aypos0p18g,0.0207728037734256,0.032574074343882,-0.00992267436422801,-0.687268814983797,NaN,NaN,NaN,PI_2K,high,90002
TC1_dry_calibration,v40_ayneg0p10g,0.0397246455361569,0.0562250561518713,-0.0345690135073405,2.03413832491959,NaN,NaN,NaN,PI_2K,high,90002
TC1_dry_calibration,v40_ayneg0p20g,0.0701929081451978,0.0891316505524906,-0.0664812615366536,3.32458938631242,NaN,NaN,NaN,PI_2K,high,90002
TC1_dry_calibration,v40_ayneg0p30g,0.0651512716226775,0.0847625295674184,-0.061038778902619,2.65413654513527,NaN,NaN,NaN,PI_2K,high,90002
TC1_dry_calibration,v60_aypos0p10g,0.0171446800968134,0.0234236819264249,0.0158177825547009,0.753436935166959,NaN,NaN,NaN,PI_2K,high,90002
TC1_dry_calibration,v60_aypos0p20g,0.0581066857017829,0.0716077635819135,0.0567202446022143,2.3639172852728,NaN,NaN,NaN,PI_2K,high,90002
TC1_dry_calibration,v60_aypos0p30g,0.0464012476315572,0.0592950178176985,0.0447568578191921,1.59871019360913,NaN,NaN,NaN,PI_2K,high,90002
TC1_dry_calibration,v80_ayneg0p10g,0.0468591680119585,0.0919444774319449,0.000991195560184015,-0.0430910087451541,NaN,NaN,NaN,PI_2K,high,90002
TC1_dry_calibration,v80_ayneg0p20g,0.0512357582681564,0.101421253282996,0.0246893392188567,-0.881504455671595,NaN,NaN,NaN,PI_2K,high,90002
TC1_dry_calibration,v80_ayneg0p30g,0.0500791401705674,0.0973075070776765,0.017904111547794,-0.577466873736802,NaN,NaN,NaN,PI_2K,high,90002
TC1_dry_calibration,v100_aypos0p10g,0.0414853337953704,0.0850775944198228,-6.23920694314351e-05,-0.00239942098571546,NaN,NaN,NaN,PI_2K,high,90002
TC1_dry_calibration,v100_aypos0p20g,0.0374166478133641,0.0709823570623267,-0.000564658513610791,-0.0188187248354344,NaN,NaN,NaN,PI_2K,high,90002
TC1_dry_calibration,v100_aypos0p30g,0.044979155340146,0.0890119955643267,-0.0219704478627842,-0.665679777125143,NaN,NaN,NaN,PI_2K,high,90002
TC2_road,whole case,0.479511790194318,4.80926648987141,NaN,NaN,2.09427042668318,5.20209995345129,4.80883983800362,PI_2K,high,90002
TC2_road,dry_curve_0p2g_v50,0.0118529411749461,0.0194749944760515,0.00927089968890113,0.42035583116298,NaN,NaN,NaN,PI_2K,high,90002
TC2_road,slalom_dry_v50,0.759368179148234,2.69669975879762,-0.00455934477479996,-0.277047105710085,NaN,NaN,NaN,PI_2K,high,90002
TC2_road,curve_0p25g_v80_before_mu_drop,0.0791349797058678,0.123641123923038,0.0554331557195376,-1.86782918460933,NaN,NaN,NaN,PI_2K,high,90002
TC2_road,curve_0p25g_v80_mu_0p3,0.0199616571816938,0.0348326178763538,-0.00129829103291989,0.0443087955080464,NaN,NaN,NaN,PI_2K,high,90002
TC2_road,lane_change_mu_0p3_v80,0.785474083513341,2.32456034508683,0.101417775292091,-6.2369060754202,NaN,NaN,NaN,PI_2K,high,90002
TC2_road,curve_0p15g_v80_mu_0p3,0.0926180640423857,0.143233164658763,-0.0610340067701733,-2.34829857584536,NaN,NaN,NaN,PI_2K,high,90002
TC2_road,curve_0p15g_v80_after_mu_0p8,0.0161261958293066,0.0238377142398205,-0.014377655561393,-0.551685558922561,NaN,NaN,NaN,PI_2K,high,90002
TC2_road,curve_0p2g_v100_before_mu_drop,0.0377110383273783,0.0832164612913227,-0.00828579113620763,0.2761911605225,NaN,NaN,NaN,PI_2K,high,90002
TC2_road,curve_0p2g_v100_mu_0p5,0.00520276127916664,0.0100878843669676,-0.000137034063869456,0.0045740563127684,NaN,NaN,NaN,PI_2K,high,90002
TC2_road,sine_v60_mu_0p8,0.975614125085721,2.92987604203147,-0.0026699046464905,0.139196280599625,NaN,NaN,NaN,PI_2K,high,90002
TC2_road,sine_v60_mu_0p4,0.972256081851009,2.91143363906846,0.0113178674083063,0.56975480582102,NaN,NaN,NaN,PI_2K,high,90002
TC3_mu_drop_hard_corner,whole case,0.274251191158451,1.53350074511169,NaN,NaN,2.33937924650114,5.96836932052942,1.11748756420122,PI_2K,high,90002
TC3_mu_drop_hard_corner,before_mu_drop,0.0532461593585171,0.105324580364484,0.0121818259446379,0.361655812829703,NaN,NaN,NaN,PI_2K,high,90002
TC3_mu_drop_hard_corner,after_mu_drop_steady,0.00801799851453653,0.0118165392789109,-0.0074209565336278,-0.229747239301001,NaN,NaN,NaN,PI_2K,high,90002
TC4_wet_patch_lane_change,whole case,0.837400827864373,4.04497067803184,NaN,NaN,1.40564400800039,3.81500767780112,6.10604766583583,PI_2K,high,90002
TC4_wet_patch_lane_change,before,0.0262590528190417,0.0383550247215504,-0.0227299963592605,-569.220686641369,NaN,NaN,NaN,PI_2K,high,90002
TC4_wet_patch_lane_change,during_puddle,2.13275006815364,3.84758178221625,-1.93094767802274,-74.6482247900895,NaN,NaN,NaN,PI_2K,high,90002
TC4_wet_patch_lane_change,after_lane_change,0.192527332465005,0.331705369769576,-0.0379669285822844,135.910135286054,NaN,NaN,NaN,PI_2K,high,90002
TC5_sine_high_speed_low_mu,whole case,0.838360040053561,2.53957048817739,NaN,NaN,1.98584314650903,2.93335286493515,5.18659683791166,PI_2K,high,90002
TC5_sine_high_speed_low_mu,sine_transient,0.847471450611953,2.52455376268031,0.0838394711439592,3.90945807775458,NaN,NaN,NaN,PI_2K,high,90002
TC5_sine_high_speed_low_mu,sine_sustained,0.838922617022853,2.53158390892193,0.0640262931710253,-2.84062754545794,NaN,NaN,NaN,PI_2K,high,90002
TC6_mu_rise_mid_corner,whole case,0.0716437773709618,0.242921897966037,NaN,NaN,1.63052525056575,2.0252582274647,1.59510848960459,PI_2K,high,90002
TC6_mu_rise_mid_corner,before_mu_rise,0.0843226407603871,0.129413978121286,-0.065183517103324,-2.87083365847856,NaN,NaN,NaN,PI_2K,high,90002
TC6_mu_rise_mid_corner,after_mu_rise_steady,0.0013649012833795,0.00313569428137983,0.000961438213239089,0.0423027043996694,NaN,NaN,NaN,PI_2K,high,90002
TC1_dry_calibration,whole case,0.521403769554888,3.48892416755955,NaN,NaN,2.86681731274281,7.54492907310322,4.0364703532142,PI_2K,high,90003
TC1_dry_calibration,v20_aypos0p10g,0.0662186383255826,0.0863544810458456,0.0617279059087984,6.1739176656604,NaN,NaN,NaN,PI_2K,high,90003
TC1_dry_calibration,v20_aypos0p15g,0.0321308428016403,0.0602296793460937,-0.00150853373447095,-0.114941626356726,NaN,NaN,NaN,PI_2K,high,90003
TC1_dry_calibration,v20_aypos0p18g,0.0215456161470447,0.0317355897983738,-0.00902693071558042,-0.625227197861827,NaN,NaN,NaN,PI_2K,high,90003
TC1_dry_calibration,v40_ayneg0p10g,0.0549352470915928,0.0733059552779551,-0.0480914975440442,2.83019218154265,NaN,NaN,NaN,PI_2K,high,90003
TC1_dry_calibration,v40_ayneg0p20g,0.0647259867865603,0.0843394833987812,-0.0602766354767525,3.01426183258851,NaN,NaN,NaN,PI_2K,high,90003
TC1_dry_calibration,v40_ayneg0p30g,0.0618874676920691,0.0797818295617065,-0.0582275372669277,2.53188407456841,NaN,NaN,NaN,PI_2K,high,90003
TC1_dry_calibration,v60_aypos0p10g,0.0350688140754182,0.0500374451432886,0.0314540478762258,1.4986276048418,NaN,NaN,NaN,PI_2K,high,90003
TC1_dry_calibration,v60_aypos0p20g,0.0568581477486877,0.0689685169594059,0.055604132164191,2.31740136400527,NaN,NaN,NaN,PI_2K,high,90003
TC1_dry_calibration,v60_aypos0p30g,0.0510811494121156,0.0652868076097262,0.0490612562211926,1.75249120916785,NaN,NaN,NaN,PI_2K,high,90003
TC1_dry_calibration,v80_ayneg0p10g,0.0497643557897835,0.0937974308933196,-0.00573229566409882,0.249243463567929,NaN,NaN,NaN,PI_2K,high,90003
TC1_dry_calibration,v80_ayneg0p20g,0.0505344450858186,0.101016361057254,0.0219140215524306,-0.782429330432116,NaN,NaN,NaN,PI_2K,high,90003
TC1_dry_calibration,v80_ayneg0p30g,0.0490353945459388,0.0965572661907164,0.0197320342948801,-0.636419336506964,NaN,NaN,NaN,PI_2K,high,90003
TC1_dry_calibration,v100_aypos0p10g,0.0360599841644603,0.0782377024191669,0.00173411425873624,0.0666928742529126,NaN,NaN,NaN,PI_2K,high,90003
TC1_dry_calibration,v100_aypos0p20g,0.0397854579239117,0.0764275253964652,-0.0106134581602855,-0.353690790639177,NaN,NaN,NaN,PI_2K,high,90003
TC1_dry_calibration,v100_aypos0p30g,0.0408501229504089,0.0819397272682023,-0.0194143665129471,-0.588241224212471,NaN,NaN,NaN,PI_2K,high,90003
TC2_road,whole case,0.479684933908971,4.9438228048087,NaN,NaN,2.09570672033177,5.19917026874769,4.76196620750585,PI_2K,high,90003
TC2_road,dry_curve_0p2g_v50,0.0129360805026862,0.0209920308180922,0.0105586811297611,0.478747948581827,NaN,NaN,NaN,PI_2K,high,90003
TC2_road,slalom_dry_v50,0.759123116028983,2.70030498698663,0.000313499611615859,0.0190556628453516,NaN,NaN,NaN,PI_2K,high,90003
TC2_road,curve_0p25g_v80_before_mu_drop,0.0737435534616199,0.116456838166381,0.0489409622192439,-1.6491322221094,NaN,NaN,NaN,PI_2K,high,90003
TC2_road,curve_0p25g_v80_mu_0p3,0.0221279129310068,0.0381204549939218,-0.00477201538740913,0.162864911692993,NaN,NaN,NaN,PI_2K,high,90003
TC2_road,lane_change_mu_0p3_v80,0.806089928888874,2.34908568467649,0.115124207667683,-7.08663959037148,NaN,NaN,NaN,PI_2K,high,90003
TC2_road,curve_0p15g_v80_mu_0p3,0.0938483970461545,0.147625137335917,-0.0602345284720911,-2.3175711981351,NaN,NaN,NaN,PI_2K,high,90003
TC2_road,curve_0p15g_v80_after_mu_0p8,0.0222461948631454,0.0337893269893588,-0.0189548888685236,-0.727289108537305,NaN,NaN,NaN,PI_2K,high,90003
TC2_road,curve_0p2g_v100_before_mu_drop,0.0403299029821207,0.0807637341933218,-0.0135690833278538,0.452319506893817,NaN,NaN,NaN,PI_2K,high,90003
TC2_road,curve_0p2g_v100_mu_0p5,0.00788905175769749,0.0112419023760002,-0.00341121417936391,0.113867042745996,NaN,NaN,NaN,PI_2K,high,90003
TC2_road,sine_v60_mu_0p8,0.978889038717785,2.91337645749229,0.00892823213141332,-0.465465148270884,NaN,NaN,NaN,PI_2K,high,90003
TC2_road,sine_v60_mu_0p4,0.968462550837149,2.91203844221338,0.0219169572551622,1.10315788013811,NaN,NaN,NaN,PI_2K,high,90003
TC3_mu_drop_hard_corner,whole case,0.274374071493816,1.53554761306319,NaN,NaN,2.33947503120899,5.95515286621742,1.10943002040537,PI_2K,high,90003
TC3_mu_drop_hard_corner,before_mu_drop,0.0523536204386484,0.103114513260165,0.0108234536434731,0.321326809236988,NaN,NaN,NaN,PI_2K,high,90003
TC3_mu_drop_hard_corner,after_mu_drop_steady,0.00344334408703113,0.0052225463183424,-0.00305551277471804,-0.0945963901914865,NaN,NaN,NaN,PI_2K,high,90003
TC4_wet_patch_lane_change,whole case,0.829303590057175,3.86382786163028,NaN,NaN,1.40589346139871,3.79875620228012,5.98007759202111,PI_2K,high,90003
TC4_wet_patch_lane_change,before,0.066107032485224,0.0972011671181066,0.0563030429119375,-679.705781722655,NaN,NaN,NaN,PI_2K,high,90003
TC4_wet_patch_lane_change,during_puddle,2.13568885427416,3.85872547428669,-1.93327491806014,-74.7359289168246,NaN,NaN,NaN,PI_2K,high,90003
TC4_wet_patch_lane_change,after_lane_change,0.169124151157338,0.357709160295557,0.0231865003686835,-91.7812540031941,NaN,NaN,NaN,PI_2K,high,90003
TC5_sine_high_speed_low_mu,whole case,0.842315658668557,2.70508483102394,NaN,NaN,1.9876069182907,2.95944752280257,5.37129856372354,PI_2K,high,90003
TC5_sine_high_speed_low_mu,sine_transient,0.865842384137133,2.70508483102394,0.10590959787415,4.94362096018379,NaN,NaN,NaN,PI_2K,high,90003
TC5_sine_high_speed_low_mu,sine_sustained,0.841597047735313,2.53905369136117,0.0511752413456258,-2.27034834182193,NaN,NaN,NaN,PI_2K,high,90003
TC6_mu_rise_mid_corner,whole case,0.0731730997535436,0.248610887233397,NaN,NaN,1.63324918588837,2.05411459769912,1.63544042223687,PI_2K,high,90003
TC6_mu_rise_mid_corner,before_mu_rise,0.0858260892616686,0.138815927669647,-0.0620349763269883,-2.73218272498998,NaN,NaN,NaN,PI_2K,high,90003
TC6_mu_rise_mid_corner,after_mu_rise_steady,0.00703688860796311,0.00995981931416212,-0.00173089424971209,-0.0761576934677822,NaN,NaN,NaN,PI_2K,high,90003
TC1_dry_calibration,whole case,0.524082761141087,3.51306654547156,NaN,NaN,2.86947831522633,7.5449292243749,3.9685851581443,PI_2K,high,90004
TC1_dry_calibration,v20_aypos0p10g,0.0614467499295616,0.0844853709799487,0.0534646559095145,5.34720584101917,NaN,NaN,NaN,PI_2K,high,90004
TC1_dry_calibration,v20_aypos0p15g,0.0289293431110597,0.0567853672281531,-0.01191426586487,-0.907771785012962,NaN,NaN,NaN,PI_2K,high,90004
TC1_dry_calibration,v20_aypos0p18g,0.0215815871746086,0.0372804738226271,-0.0020957724936789,-0.145159165152758,NaN,NaN,NaN,PI_2K,high,90004
TC1_dry_calibration,v40_ayneg0p10g,0.0375819320208689,0.0533605230634551,-0.00767137626165096,0.451310365430303,NaN,NaN,NaN,PI_2K,high,90004
TC1_dry_calibration,v40_ayneg0p20g,0.0688654136902405,0.0906687757104809,-0.0636616531795425,3.18356078283372,NaN,NaN,NaN,PI_2K,high,90004
TC1_dry_calibration,v40_ayneg0p30g,0.0569127278715754,0.0743230404212181,-0.0528769747374607,2.29920564198935,NaN,NaN,NaN,PI_2K,high,90004
TC1_dry_calibration,v60_aypos0p10g,0.0353651806925256,0.0480618759230853,0.0318274428351597,1.51645651523091,NaN,NaN,NaN,PI_2K,high,90004
TC1_dry_calibration,v60_aypos0p20g,0.0625043461843232,0.0776929224002947,0.0608296257006017,2.53522995201966,NaN,NaN,NaN,PI_2K,high,90004
TC1_dry_calibration,v60_aypos0p30g,0.0467863434684996,0.0598298526983223,0.0449448665982326,1.60542779086712,NaN,NaN,NaN,PI_2K,high,90004
TC1_dry_calibration,v80_ayneg0p10g,0.0410985058169223,0.0819138978585232,-0.00364699726688521,0.158566028962199,NaN,NaN,NaN,PI_2K,high,90004
TC1_dry_calibration,v80_ayneg0p20g,0.0423061755608086,0.0853484465544652,0.0204895284614436,-0.731590110833697,NaN,NaN,NaN,PI_2K,high,90004
TC1_dry_calibration,v80_ayneg0p30g,0.0451998466188306,0.0882701762045266,0.0183219012789393,-0.5909455061337,NaN,NaN,NaN,PI_2K,high,90004
TC1_dry_calibration,v100_aypos0p10g,0.0519920816123816,0.101822092106803,0.00628896437980305,0.241895182690053,NaN,NaN,NaN,PI_2K,high,90004
TC1_dry_calibration,v100_aypos0p20g,0.0393604807180199,0.0797849561698025,-0.0149148232572978,-0.497015204655107,NaN,NaN,NaN,PI_2K,high,90004
TC1_dry_calibration,v100_aypos0p30g,0.0440491987547555,0.0854145018034731,-0.0250139410558572,-0.757889007891779,NaN,NaN,NaN,PI_2K,high,90004
TC2_road,whole case,0.480296732555595,4.91421310300317,NaN,NaN,2.09371254316634,5.20191084236753,4.8090978316308,PI_2K,high,90004
TC2_road,dry_curve_0p2g_v50,0.010647241200652,0.0159133290688516,0.00946912067859718,0.429343831776131,NaN,NaN,NaN,PI_2K,high,90004
TC2_road,slalom_dry_v50,0.761262402054115,2.69259192928113,0.00414988502237316,-0.252196323232904,NaN,NaN,NaN,PI_2K,high,90004
TC2_road,curve_0p25g_v80_before_mu_drop,0.0777624852040226,0.122364424208421,0.0516103094497186,-1.73905097435384,NaN,NaN,NaN,PI_2K,high,90004
TC2_road,curve_0p25g_v80_mu_0p3,0.0256082255613416,0.0450827695671183,-0.00115700819479325,0.0394873089973539,NaN,NaN,NaN,PI_2K,high,90004
TC2_road,lane_change_mu_0p3_v80,0.795731415690889,2.32485604990819,0.108616580289893,-6.69279598185825,NaN,NaN,NaN,PI_2K,high,90004
TC2_road,curve_0p15g_v80_mu_0p3,0.0941317909947016,0.145922471122016,-0.0604159480792616,-2.32453630864454,NaN,NaN,NaN,PI_2K,high,90004
TC2_road,curve_0p15g_v80_after_mu_0p8,0.0161809153664768,0.0258813926529604,-0.0128427912195812,-0.492794110375279,NaN,NaN,NaN,PI_2K,high,90004
TC2_road,curve_0p2g_v100_before_mu_drop,0.045268721103932,0.0854901569110202,-0.0171110971738123,0.570406842354366,NaN,NaN,NaN,PI_2K,high,90004
TC2_road,curve_0p2g_v100_mu_0p5,0.00588473155850325,0.0109928847453888,0.00343335942759069,-0.114599751528585,NaN,NaN,NaN,PI_2K,high,90004
TC2_road,sine_v60_mu_0p8,0.977728187212759,2.91827830513711,0.00587819358106267,-0.306474975243817,NaN,NaN,NaN,PI_2K,high,90004
TC2_road,sine_v60_mu_0p4,0.971965707828067,2.91770160366425,0.00815078736087693,0.410238227442221,NaN,NaN,NaN,PI_2K,high,90004
TC3_mu_drop_hard_corner,whole case,0.273430754244162,1.52679087549133,NaN,NaN,2.33949631312522,5.95268809940905,1.09934906235792,PI_2K,high,90004
TC3_mu_drop_hard_corner,before_mu_drop,0.0531697448783358,0.10430499361673,0.00928253339510101,0.275579406518239,NaN,NaN,NaN,PI_2K,high,90004
TC3_mu_drop_hard_corner,after_mu_drop_steady,0.00263892928477318,0.00424448444892889,-0.002031479850831,-0.0628930871977579,NaN,NaN,NaN,PI_2K,high,90004
TC4_wet_patch_lane_change,whole case,0.841810147246077,4.03632597440571,NaN,NaN,1.42108094164352,3.81930172830826,5.92353064070811,PI_2K,high,90004
TC4_wet_patch_lane_change,before,0.069476968510336,0.0944881660972947,0.0615790452942138,-700.324796806365,NaN,NaN,NaN,PI_2K,high,90004
TC4_wet_patch_lane_change,during_puddle,2.16022113416888,3.92539977485447,-1.9524037353043,-75.4781023266676,NaN,NaN,NaN,PI_2K,high,90004
TC4_wet_patch_lane_change,after_lane_change,0.228795130730291,0.451227396295177,0.0236162951271881,-70.3733683659777,NaN,NaN,NaN,PI_2K,high,90004
TC5_sine_high_speed_low_mu,whole case,0.841557543915069,2.71648033351814,NaN,NaN,1.98529613623298,2.94331948837331,5.26425810112152,PI_2K,high,90004
TC5_sine_high_speed_low_mu,sine_transient,0.860338641610993,2.71648033351814,0.105387572813875,4.92282172227802,NaN,NaN,NaN,PI_2K,high,90004
TC5_sine_high_speed_low_mu,sine_sustained,0.838896858181059,2.53234014816788,0.0504056087794577,-2.23643505942052,NaN,NaN,NaN,PI_2K,high,90004
TC6_mu_rise_mid_corner,whole case,0.0727137353858755,0.245490683610534,NaN,NaN,1.63308868227627,2.02264077233353,1.59630329564809,PI_2K,high,90004
TC6_mu_rise_mid_corner,before_mu_rise,0.0866559490322744,0.133553482963944,-0.0664128751845458,-2.92495522933953,NaN,NaN,NaN,PI_2K,high,90004
TC6_mu_rise_mid_corner,after_mu_rise_steady,0.00570871311946496,0.00814574135027613,-0.00355232646570997,-0.156297727250392,NaN,NaN,NaN,PI_2K,high,90004
TC1_dry_calibration,whole case,0.520164621560623,3.4510270094795,NaN,NaN,2.8687047889982,7.54492922546451,4.05418345350715,PI_2K,high,90005
TC1_dry_calibration,v20_aypos0p10g,0.061719932001472,0.0879628436856185,0.0526643964062388,5.26710967337629,NaN,NaN,NaN,PI_2K,high,90005
TC1_dry_calibration,v20_aypos0p15g,0.0348173130219566,0.069415838255527,-0.0204291632152022,-1.55651542510996,NaN,NaN,NaN,PI_2K,high,90005
TC1_dry_calibration,v20_aypos0p18g,0.0178645656285858,0.0253246678067491,-0.0126631009449807,-0.877078089830486,NaN,NaN,NaN,PI_2K,high,90005
TC1_dry_calibration,v40_ayneg0p10g,0.0435228646513993,0.0612163620829047,-0.0365201324227766,2.14898133143406,NaN,NaN,NaN,PI_2K,high,90005
TC1_dry_calibration,v40_ayneg0p20g,0.0639384777709103,0.0818365911369836,-0.0604520970055607,3.02303946228309,NaN,NaN,NaN,PI_2K,high,90005
TC1_dry_calibration,v40_ayneg0p30g,0.0595498257074648,0.0755557801948594,-0.0570023275671711,2.4786056109033,NaN,NaN,NaN,PI_2K,high,90005
TC1_dry_calibration,v60_aypos0p10g,0.0384249910949904,0.051737448412065,0.0358969084504127,1.71044359881394,NaN,NaN,NaN,PI_2K,high,90005
TC1_dry_calibration,v60_aypos0p20g,0.054978043700474,0.0674447939205374,0.0536936298044496,2.23775303930929,NaN,NaN,NaN,PI_2K,high,90005
TC1_dry_calibration,v60_aypos0p30g,0.0455834974959548,0.0570979820769755,0.0441757206167767,1.57795024306973,NaN,NaN,NaN,PI_2K,high,90005
TC1_dry_calibration,v80_ayneg0p10g,0.047811533051438,0.0870413163652586,-0.0123226957546642,0.535881986589845,NaN,NaN,NaN,PI_2K,high,90005
TC1_dry_calibration,v80_ayneg0p20g,0.0458942362240281,0.0898608715889355,0.0159544428589981,-0.569675509327306,NaN,NaN,NaN,PI_2K,high,90005
TC1_dry_calibration,v80_ayneg0p30g,0.0494694094201248,0.0962916437807673,0.0195499662845596,-0.630547572444735,NaN,NaN,NaN,PI_2K,high,90005
TC1_dry_calibration,v100_aypos0p10g,0.0475074988408384,0.0650695411942275,0.034851766387393,1.34172978296547,NaN,NaN,NaN,PI_2K,high,90005
TC1_dry_calibration,v100_aypos0p20g,0.0464388107413656,0.0898527228357913,-0.0176084493324877,-0.586748293238455,NaN,NaN,NaN,PI_2K,high,90005
TC1_dry_calibration,v100_aypos0p30g,0.0476296370069749,0.092662792669798,-0.0274710765418716,-0.832325988032637,NaN,NaN,NaN,PI_2K,high,90005
TC2_road,whole case,0.479803027413089,4.92085283564627,NaN,NaN,2.09365622628015,5.21230138827536,4.84482162008715,PI_2K,high,90005
TC2_road,dry_curve_0p2g_v50,0.0171327873900878,0.0286621468186952,0.00930522288214974,0.421910776511775,NaN,NaN,NaN,PI_2K,high,90005
TC2_road,slalom_dry_v50,0.762304606263112,2.70284507665332,0.00400792864522278,-0.243539694281551,NaN,NaN,NaN,PI_2K,high,90005
TC2_road,curve_0p25g_v80_before_mu_drop,0.0766411099043656,0.121083588191806,0.0515862709498807,-1.73824433921827,NaN,NaN,NaN,PI_2K,high,90005
TC2_road,curve_0p25g_v80_mu_0p3,0.0295090729209744,0.047712777992396,-0.000872983282790472,0.0297938978408604,NaN,NaN,NaN,PI_2K,high,90005
TC2_road,lane_change_mu_0p3_v80,0.783226346519362,2.32660316095376,0.0913547680097382,-5.6176789196933,NaN,NaN,NaN,PI_2K,high,90005
TC2_road,curve_0p15g_v80_mu_0p3,0.0805804779358994,0.126702809160543,-0.0504599168689261,-1.94173044723048,NaN,NaN,NaN,PI_2K,high,90005
TC2_road,curve_0p15g_v80_after_mu_0p8,0.016765805083962,0.0275577035807784,-0.0117164595987477,-0.449586412210589,NaN,NaN,NaN,PI_2K,high,90005
TC2_road,curve_0p2g_v100_before_mu_drop,0.0467060603139269,0.0903795192437578,-0.0171045483087652,0.570186733280241,NaN,NaN,NaN,PI_2K,high,90005
TC2_road,curve_0p2g_v100_mu_0p5,0.00773230033759908,0.0146485463259824,0.0023588323427812,-0.0787334953532269,NaN,NaN,NaN,PI_2K,high,90005
TC2_road,sine_v60_mu_0p8,0.97884111671501,2.89675341767499,0.00978351828598798,-0.510054470548449,NaN,NaN,NaN,PI_2K,high,90005
TC2_road,sine_v60_mu_0p4,0.968790096232012,2.91911482849674,0.0307486109369546,1.54798351993867,NaN,NaN,NaN,PI_2K,high,90005
TC3_mu_drop_hard_corner,whole case,0.275055934853309,1.53736538262813,NaN,NaN,2.33987869443828,5.96791050932971,1.12527276725256,PI_2K,high,90005
TC3_mu_drop_hard_corner,before_mu_drop,0.0546761352304265,0.108641176810106,0.0133365836441416,0.395940362605017,NaN,NaN,NaN,PI_2K,high,90005
TC3_mu_drop_hard_corner,after_mu_drop_steady,0.00325341743824204,0.0061390594976447,-0.00224293007201234,-0.0694394440930428,NaN,NaN,NaN,PI_2K,high,90005
TC4_wet_patch_lane_change,whole case,0.838779296221538,4.0232542639529,NaN,NaN,1.41584655399242,3.82613113720084,6.11230650028693,PI_2K,high,90005
TC4_wet_patch_lane_change,before,0.028354530159675,0.0392801674763473,-0.0255128823374108,-715.770795800603,NaN,NaN,NaN,PI_2K,high,90005
TC4_wet_patch_lane_change,during_puddle,2.13337796181419,3.84757288374835,-1.93345342371997,-74.7505488092079,NaN,NaN,NaN,PI_2K,high,90005
TC4_wet_patch_lane_change,after_lane_change,0.210159449414519,0.371659783821876,-0.0552523104249383,179.7286607962,NaN,NaN,NaN,PI_2K,high,90005
TC5_sine_high_speed_low_mu,whole case,0.838564605986713,2.5437792413869,NaN,NaN,1.99251745168268,2.92433495584964,5.34069480467704,PI_2K,high,90005
TC5_sine_high_speed_low_mu,sine_transient,0.842713575581256,2.54020258551049,0.0894062809407047,4.17017840690118,NaN,NaN,NaN,PI_2K,high,90005
TC5_sine_high_speed_low_mu,sine_sustained,0.843483664939407,2.5437792413869,0.0539084224054801,-2.39122121902399,NaN,NaN,NaN,PI_2K,high,90005
TC6_mu_rise_mid_corner,whole case,0.0699900080438061,0.236305382439745,NaN,NaN,1.63234909133254,2.00326728376865,1.60780166498487,PI_2K,high,90005
TC6_mu_rise_mid_corner,before_mu_rise,0.081857393083861,0.124719805257588,-0.0630894482809671,-2.77863545023049,NaN,NaN,NaN,PI_2K,high,90005
TC6_mu_rise_mid_corner,after_mu_rise_steady,0.00632872059121588,0.0103966436093965,-0.0053408294718867,-0.234987479312974,NaN,NaN,NaN,PI_2K,high,90005
TC1_dry_calibration,whole case,0.499639569820396,3.46978842980527,NaN,NaN,2.87126916313483,7.54487615925669,5.12920970741541,PI,high,90001
TC1_dry_calibration,v20_aypos0p10g,0.056605434198499,0.0787558994039057,0.049295070265365,4.93014586530162,NaN,NaN,NaN,PI,high,90001
TC1_dry_calibration,v20_aypos0p15g,0.0300973002441781,0.0655934512226806,-0.0107814569064854,-0.821466157283829,NaN,NaN,NaN,PI,high,90001
TC1_dry_calibration,v20_aypos0p18g,0.0215709915591601,0.0374627985828935,-0.00512175429320352,-0.354746365710609,NaN,NaN,NaN,PI,high,90001
TC1_dry_calibration,v40_ayneg0p10g,0.0480846513901171,0.0673413508541376,-0.0406786929428385,2.39378370679052,NaN,NaN,NaN,PI,high,90001
TC1_dry_calibration,v40_ayneg0p20g,0.0692644579640387,0.0877495301845921,-0.0652739129198215,3.26420093568346,NaN,NaN,NaN,PI,high,90001
TC1_dry_calibration,v40_ayneg0p30g,0.0596303933644646,0.0771644189711118,-0.0558539605995938,2.42866432581489,NaN,NaN,NaN,PI,high,90001
TC1_dry_calibration,v60_aypos0p10g,0.0627419142812913,0.0802031217420782,0.0598629935937648,2.85370199901433,NaN,NaN,NaN,PI,high,90001
TC1_dry_calibration,v60_aypos0p20g,0.0638880558339348,0.0810994329529868,0.0612695718000941,2.55358887948477,NaN,NaN,NaN,PI,high,90001
TC1_dry_calibration,v60_aypos0p30g,0.0466771442504996,0.058820126807523,0.0450041339532545,1.60754916966268,NaN,NaN,NaN,PI,high,90001
TC1_dry_calibration,v80_ayneg0p10g,0.027922928768675,0.0398210221370685,-0.000382695323886496,0.0166441356356761,NaN,NaN,NaN,PI,high,90001
TC1_dry_calibration,v80_ayneg0p20g,0.0441282976519429,0.0558658325495199,-0.0428363795827695,1.53034292741634,NaN,NaN,NaN,PI,high,90001
TC1_dry_calibration,v80_ayneg0p30g,0.0386700093337892,0.0491402765966984,-0.0372163627709646,1.20072262555979,NaN,NaN,NaN,PI,high,90001
TC1_dry_calibration,v100_aypos0p10g,0.0530225354813486,0.0730744260592262,0.0441568993613621,1.70131772184817,NaN,NaN,NaN,PI,high,90001
TC1_dry_calibration,v100_aypos0p20g,0.0416871598399092,0.0522681822827162,0.0403646706595338,1.3459049302116,NaN,NaN,NaN,PI,high,90001
TC1_dry_calibration,v100_aypos0p30g,0.0354021785994766,0.0457849756992981,0.0338098257008831,1.02468614708365,NaN,NaN,NaN,PI,high,90001
TC2_road,whole case,0.45779230938674,5.04038122419177,NaN,NaN,2.09825688031448,5.25330837260176,7.1477966773206,PI,high,90001
TC2_road,dry_curve_0p2g_v50,0.0190443819382613,0.0314439459943823,0.0119155024190973,0.540269694479127,NaN,NaN,NaN,PI,high,90001
TC2_road,slalom_dry_v50,0.76270970325452,2.70939824783394,0.00159235031098079,-0.0967714546962631,NaN,NaN,NaN,PI,high,90001
TC2_road,curve_0p25g_v80_before_mu_drop,0.0635077273960656,0.113280568764059,0.00978590856393922,-0.329813459352783,NaN,NaN,NaN,PI,high,90001
TC2_road,curve_0p25g_v80_mu_0p3,0.00999239221671074,0.0164684866352927,0.00555002318102774,-0.189403824189793,NaN,NaN,NaN,PI,high,90001
TC2_road,lane_change_mu_0p3_v80,0.631958188452908,1.95951924240929,0.0896279430835037,5.53071862384075,NaN,NaN,NaN,PI,high,90001
TC2_road,curve_0p15g_v80_mu_0p3,0.0611616715310447,0.119131269487794,-0.00244276892919712,-0.0940438787059285,NaN,NaN,NaN,PI,high,90001
TC2_road,curve_0p15g_v80_after_mu_0p8,0.00533261292218574,0.0085161284916464,-0.00480052359060105,-0.184216403751389,NaN,NaN,NaN,PI,high,90001
TC2_road,curve_0p2g_v100_before_mu_drop,0.0369219367806695,0.059988739107423,-0.0190988165136973,0.636737682646422,NaN,NaN,NaN,PI,high,90001
TC2_road,curve_0p2g_v100_mu_0p5,0.00297314357396736,0.00537404542527886,6.56405840169068e-05,-0.00219101418676519,NaN,NaN,NaN,PI,high,90001
TC2_road,sine_v60_mu_0p8,0.973202253372046,2.89881787495541,0.00388166852120608,-0.20241343998701,NaN,NaN,NaN,PI,high,90001
TC2_road,sine_v60_mu_0p4,0.96464856132902,2.89882945080515,0.0105602732286182,0.531628524687127,NaN,NaN,NaN,PI,high,90001
TC3_mu_drop_hard_corner,whole case,0.206168157589569,1.10727281904194,NaN,NaN,2.33419387465382,5.73028800815308,1.843455230383,PI,high,90001
TC3_mu_drop_hard_corner,before_mu_drop,0.0540840742318394,0.0676477106268956,-0.0521276763327605,-1.54724981309888,NaN,NaN,NaN,PI,high,90001
TC3_mu_drop_hard_corner,after_mu_drop_steady,0.00240409446134616,0.00488451741451223,0.000133020192260264,0.00411810085247608,NaN,NaN,NaN,PI,high,90001
TC4_wet_patch_lane_change,whole case,0.704405245461437,3.94359985973633,NaN,NaN,1.45447757047462,3.8910848267704,10.55301202962,PI,high,90001
TC4_wet_patch_lane_change,before,0.0633634820088708,0.0908148388944763,-0.0472495795472543,-533.204934648235,NaN,NaN,NaN,PI,high,90001
TC4_wet_patch_lane_change,during_puddle,1.55768729930289,2.79371759539756,-1.40456469819498,-54.4812336597984,NaN,NaN,NaN,PI,high,90001
TC4_wet_patch_lane_change,after_lane_change,0.212370506743535,0.288702757502597,-0.187771667383755,-650.272543319364,NaN,NaN,NaN,PI,high,90001
TC5_sine_high_speed_low_mu,whole case,0.666832109820727,2.21876416991101,NaN,NaN,2.03753636606301,3.2146499170491,8.37682681140473,PI,high,90001
TC5_sine_high_speed_low_mu,sine_transient,0.677578600676627,2.21876416991101,0.0622504857110073,2.91045926517505,NaN,NaN,NaN,PI,high,90001
TC5_sine_high_speed_low_mu,sine_sustained,0.665302768584992,2.1464614328432,0.0550823838953577,-2.45606758085188,NaN,NaN,NaN,PI,high,90001
TC6_mu_rise_mid_corner,whole case,0.0703869071096506,0.236556631259619,NaN,NaN,1.62977857136171,2.01267162769791,1.65146066954167,PI,high,90001
TC6_mu_rise_mid_corner,before_mu_rise,0.082894598322502,0.125477446192576,-0.0652187085411493,-2.87238911324776,NaN,NaN,NaN,PI,high,90001
TC6_mu_rise_mid_corner,after_mu_rise_steady,0.0043317163916278,0.00771420475310647,-0.00180913279951989,-0.079599828482115,NaN,NaN,NaN,PI,high,90001
TC1_dry_calibration,whole case,0.49786824943693,3.48008883992003,NaN,NaN,2.86871785160407,7.5449291722985,5.15983045745705,PI,high,90002
TC1_dry_calibration,v20_aypos0p10g,0.0605602912985659,0.08196242147002,0.0537984796813809,5.38065047128762,NaN,NaN,NaN,PI,high,90002
TC1_dry_calibration,v20_aypos0p15g,0.0318796514711984,0.0609308347181308,-0.00402996772871207,-0.307059649903865,NaN,NaN,NaN,PI,high,90002
TC1_dry_calibration,v20_aypos0p18g,0.0207728037734256,0.032574074343882,-0.00992267436422801,-0.687268814983797,NaN,NaN,NaN,PI,high,90002
TC1_dry_calibration,v40_ayneg0p10g,0.0397246455361569,0.0562250561518713,-0.0345690135073405,2.03413832491959,NaN,NaN,NaN,PI,high,90002
TC1_dry_calibration,v40_ayneg0p20g,0.0701929081451978,0.0891316505524906,-0.0664812615366536,3.32458938631242,NaN,NaN,NaN,PI,high,90002
TC1_dry_calibration,v40_ayneg0p30g,0.0651512716226775,0.0847625295674184,-0.061038778902619,2.65413654513527,NaN,NaN,NaN,PI,high,90002
TC1_dry_calibration,v60_aypos0p10g,0.0156189655253196,0.021741620823609,0.01416827343976,0.674848534795433,NaN,NaN,NaN,PI,high,90002
TC1_dry_calibration,v60_aypos0p20g,0.0574009121847495,0.0707844688786707,0.0560667835572715,2.33667878706548,NaN,NaN,NaN,PI,high,90002
TC1_dry_calibration,v60_aypos0p30g,0.0460651451514989,0.0589878294543182,0.0444154563320062,1.58651472226466,NaN,NaN,NaN,PI,high,90002
TC1_dry_calibration,v80_ayneg0p10g,0.0318088324165931,0.04289952524802,-0.0277325193101135,1.20684703774063,NaN,NaN,NaN,PI,high,90002
TC1_dry_calibration,v80_ayneg0p20g,0.0367831336056615,0.0477592467101151,-0.0354177730082141,1.26523898718847,NaN,NaN,NaN,PI,high,90002
TC1_dry_calibration,v80_ayneg0p30g,0.0482299258760146,0.0591988758264539,-0.0468103343134965,1.51030980819376,NaN,NaN,NaN,PI,high,90002
TC1_dry_calibration,v100_aypos0p10g,0.0145120789735284,0.0232592573966142,0.00704538929682362,0.271070611746299,NaN,NaN,NaN,PI,high,90002
TC1_dry_calibration,v100_aypos0p20g,0.0554425532438243,0.0705058413681967,0.0532415189581567,1.77547630199604,NaN,NaN,NaN,PI,high,90002
TC1_dry_calibration,v100_aypos0p30g,0.0393963175138757,0.0500927417026409,0.0379184832756259,1.14923040940659,NaN,NaN,NaN,PI,high,90002
TC2_road,whole case,0.457459710484114,4.80926648987141,NaN,NaN,2.0953584124989,5.27014608392068,6.98580405929943,PI,high,90002
TC2_road,dry_curve_0p2g_v50,0.0118529411749461,0.0194749944760515,0.00927089968890113,0.42035583116298,NaN,NaN,NaN,PI,high,90002
TC2_road,slalom_dry_v50,0.759368179148234,2.69669975879762,-0.00455934477479996,-0.277047105710085,NaN,NaN,NaN,PI,high,90002
TC2_road,curve_0p25g_v80_before_mu_drop,0.0665641340701642,0.117885824029722,0.0144431477127058,-0.48676190668308,NaN,NaN,NaN,PI,high,90002
TC2_road,curve_0p25g_v80_mu_0p3,0.0167309577542463,0.0291892657265955,0.00826909018453305,-0.28219106951009,NaN,NaN,NaN,PI,high,90002
TC2_road,lane_change_mu_0p3_v80,0.638864494283085,1.9535017713182,0.0785840313861529,4.85201390167336,NaN,NaN,NaN,PI,high,90002
TC2_road,curve_0p15g_v80_mu_0p3,0.0666587114483973,0.134038415981761,-0.0108853506578281,-0.41902846735097,NaN,NaN,NaN,PI,high,90002
TC2_road,curve_0p15g_v80_after_mu_0p8,0.0102845453640819,0.0169725214268004,-0.00851729369930891,-0.326831574914855,NaN,NaN,NaN,PI,high,90002
TC2_road,curve_0p2g_v100_before_mu_drop,0.0273396602420108,0.0424800403596555,-0.00633907925821507,0.211315891234399,NaN,NaN,NaN,PI,high,90002
TC2_road,curve_0p2g_v100_mu_0p5,0.00578789515236964,0.0121455960637311,-0.0023223652758042,0.0775192734267357,NaN,NaN,NaN,PI,high,90002
TC2_road,sine_v60_mu_0p8,0.970013764619566,2.91323848919062,-0.00372193219135706,0.194050317940284,NaN,NaN,NaN,PI,high,90002
TC2_road,sine_v60_mu_0p4,0.968725927355993,2.90221793689788,0.0122955062010435,0.619012414279024,NaN,NaN,NaN,PI,high,90002
TC3_mu_drop_hard_corner,whole case,0.205443152171118,1.10445043829259,NaN,NaN,2.33311241998106,5.72227530468027,1.8393241046021,PI,high,90002
TC3_mu_drop_hard_corner,before_mu_drop,0.0520280374058767,0.0650842560439955,-0.0502568430501601,-1.4917226429182,NaN,NaN,NaN,PI,high,90002
TC3_mu_drop_hard_corner,after_mu_drop_steady,0.0110863214090935,0.0169111002138913,-0.0080361406939777,-0.248786446977549,NaN,NaN,NaN,PI,high,90002
TC4_wet_patch_lane_change,whole case,0.694369703520018,3.70125151051428,NaN,NaN,1.45168646773212,3.88854265367617,10.5254460121895,PI,high,90002
TC4_wet_patch_lane_change,before,0.0304291846891403,0.0466454181550095,-0.0238554733652709,-547.804617250418,NaN,NaN,NaN,PI,high,90002
TC4_wet_patch_lane_change,during_puddle,1.56713651478627,2.82299197430227,-1.40960663438113,-54.6715938535764,NaN,NaN,NaN,PI,high,90002
TC4_wet_patch_lane_change,after_lane_change,0.190329480784333,0.265965593536094,-0.172124177497692,-662.515946608675,NaN,NaN,NaN,PI,high,90002
TC5_sine_high_speed_low_mu,whole case,0.672427836347857,2.27174334855755,NaN,NaN,2.03516917287349,3.15083420684251,8.15576984596566,PI,high,90002
TC5_sine_high_speed_low_mu,sine_transient,0.687718038981213,2.27174334855755,0.060878760319,2.84543014363495,NaN,NaN,NaN,PI,high,90002
TC5_sine_high_speed_low_mu,sine_sustained,0.666907252401698,2.16703800388031,0.0516678917997132,-2.30396688708198,NaN,NaN,NaN,PI,high,90002
TC6_mu_rise_mid_corner,whole case,0.0712724113918628,0.242449500811647,NaN,NaN,1.63060415595697,2.02390947357076,1.61397723689852,PI,high,90002
TC6_mu_rise_mid_corner,before_mu_rise,0.0828384348407026,0.128752298500221,-0.0627215110984316,-2.76242815548767,NaN,NaN,NaN,PI,high,90002
TC6_mu_rise_mid_corner,after_mu_rise_steady,0.00149615079594783,0.00342529001185854,0.000964606708421674,0.0424421191279021,NaN,NaN,NaN,PI,high,90002
TC1_dry_calibration,whole case,0.500935954524975,3.48892416755955,NaN,NaN,2.8707450745941,7.54492907310322,5.08708579813366,PI,high,90003
TC1_dry_calibration,v20_aypos0p10g,0.0662186383255826,0.0863544810458456,0.0617279059087984,6.1739176656604,NaN,NaN,NaN,PI,high,90003
TC1_dry_calibration,v20_aypos0p15g,0.0321308428016403,0.0602296793460937,-0.00150853373447095,-0.114941626356726,NaN,NaN,NaN,PI,high,90003
TC1_dry_calibration,v20_aypos0p18g,0.0215456161470447,0.0317355897983738,-0.00902693071558042,-0.625227197861827,NaN,NaN,NaN,PI,high,90003
TC1_dry_calibration,v40_ayneg0p10g,0.0549352470915928,0.0733059552779551,-0.0480914975440442,2.83019218154265,NaN,NaN,NaN,PI,high,90003
TC1_dry_calibration,v40_ayneg0p20g,0.0647259867865603,0.0843394833987812,-0.0602766354767525,3.01426183258851,NaN,NaN,NaN,PI,high,90003
TC1_dry_calibration,v40_ayneg0p30g,0.0618874676920691,0.0797818295617065,-0.0582275372669277,2.53188407456841,NaN,NaN,NaN,PI,high,90003
TC1_dry_calibration,v60_aypos0p10g,0.0355296531670182,0.0507015762743355,0.0318076873263001,1.5154902005055,NaN,NaN,NaN,PI,high,90003
TC1_dry_calibration,v60_aypos0p20g,0.0554148524625703,0.0672945189519574,0.054088604579731,2.25422585830865,NaN,NaN,NaN,PI,high,90003
TC1_dry_calibration,v60_aypos0p30g,0.051040718187384,0.0654512967142926,0.0489342832425187,1.74795628112,NaN,NaN,NaN,PI,high,90003
TC1_dry_calibration,v80_ayneg0p10g,0.0427834129629915,0.0579747269624904,-0.038244211982087,1.66482425774228,NaN,NaN,NaN,PI,high,90003
TC1_dry_calibration,v80_ayneg0p20g,0.0440822001196729,0.056012076350366,-0.0424020913011489,1.51481113159821,NaN,NaN,NaN,PI,high,90003
TC1_dry_calibration,v80_ayneg0p30g,0.0451409303130717,0.0560424816577192,-0.0438843446745493,1.41589127581071,NaN,NaN,NaN,PI,high,90003
TC1_dry_calibration,v100_aypos0p10g,0.031087065321485,0.0470843330298685,0.00639813689407671,0.24623804937786,NaN,NaN,NaN,PI,high,90003
TC1_dry_calibration,v100_aypos0p20g,0.0465008126002197,0.0562810050278872,0.0454513961166494,1.51556930091012,NaN,NaN,NaN,PI,high,90003
TC1_dry_calibration,v100_aypos0p30g,0.0394421158014072,0.0505287892502468,0.0379092076160407,1.14895896740343,NaN,NaN,NaN,PI,high,90003
TC2_road,whole case,0.45701406290271,4.9438228048087,NaN,NaN,2.09786306234697,5.27339159005469,6.91513461464993,PI,high,90003
TC2_road,dry_curve_0p2g_v50,0.0129360805026862,0.0209920308180922,0.0105586811297611,0.478747948581827,NaN,NaN,NaN,PI,high,90003
TC2_road,slalom_dry_v50,0.759123116028983,2.70030498698663,0.000313499611615859,0.0190556628453516,NaN,NaN,NaN,PI,high,90003
TC2_road,curve_0p25g_v80_before_mu_drop,0.0658454339623699,0.115110938418404,0.00744268562070898,-0.250843262569708,NaN,NaN,NaN,PI,high,90003
TC2_road,curve_0p25g_v80_mu_0p3,0.010382529456509,0.0174092818750959,0.00462070654327318,-0.157689653011835,NaN,NaN,NaN,PI,high,90003
TC2_road,lane_change_mu_0p3_v80,0.643186033006075,1.99680513506156,0.0801682379992318,4.95147899368229,NaN,NaN,NaN,PI,high,90003
TC2_road,curve_0p15g_v80_mu_0p3,0.0720457470092833,0.134297540449945,-0.012268291699379,-0.472257557539664,NaN,NaN,NaN,PI,high,90003
TC2_road,curve_0p15g_v80_after_mu_0p8,0.0175440786996768,0.0307898712748056,-0.0119207810801408,-0.457416486244509,NaN,NaN,NaN,PI,high,90003
TC2_road,curve_0p2g_v100_before_mu_drop,0.0298903527227278,0.0510499888971863,-0.0124481133907152,0.414985057700439,NaN,NaN,NaN,PI,high,90003
TC2_road,curve_0p2g_v100_mu_0p5,0.010645076498764,0.015820583271275,-0.00357925490589444,0.11947633305899,NaN,NaN,NaN,PI,high,90003
TC2_road,sine_v60_mu_0p8,0.97318444858658,2.89929892645405,0.00961651328998779,-0.501374007749232,NaN,NaN,NaN,PI,high,90003
TC2_road,sine_v60_mu_0p4,0.965779829636564,2.91093569643556,0.0219627163712203,1.10549743657643,NaN,NaN,NaN,PI,high,90003
TC3_mu_drop_hard_corner,whole case,0.205436733333505,1.1090120561766,NaN,NaN,2.33299192706963,5.72009829787474,1.82214288609914,PI,high,90003
TC3_mu_drop_hard_corner,before_mu_drop,0.0519339521517391,0.0644489734180032,-0.0504543144119431,-1.49757870937127,NaN,NaN,NaN,PI,high,90003
TC3_mu_drop_hard_corner,after_mu_drop_steady,0.0053829292081392,0.00694047948459842,-0.00513607308392423,-0.159004834616758,NaN,NaN,NaN,PI,high,90003
TC4_wet_patch_lane_change,whole case,0.677785986951346,3.40796025125307,NaN,NaN,1.4498769778119,3.88429159617268,10.3537017330475,PI,high,90003
TC4_wet_patch_lane_change,before,0.0760868984798812,0.10599957010182,0.0709907236574291,-685.325430031495,NaN,NaN,NaN,PI,high,90003
TC4_wet_patch_lane_change,during_puddle,1.57225215895143,2.8400715230695,-1.41463626170902,-54.8657989370997,NaN,NaN,NaN,PI,high,90003
TC4_wet_patch_lane_change,after_lane_change,0.130514303305505,0.187508869091519,-0.114066800369865,-619.846533120556,NaN,NaN,NaN,PI,high,90003
TC5_sine_high_speed_low_mu,whole case,0.677282900544775,2.4805025335722,NaN,NaN,2.03734210151856,3.12296474167743,8.32550285426642,PI,high,90003
TC5_sine_high_speed_low_mu,sine_transient,0.705329176166906,2.4805025335722,0.0791200846138581,3.70178367032696,NaN,NaN,NaN,PI,high,90003
TC5_sine_high_speed_low_mu,sine_sustained,0.668917523150177,2.16825606849834,0.0385955475521828,-1.72086019427455,NaN,NaN,NaN,PI,high,90003
TC6_mu_rise_mid_corner,whole case,0.0729587694151022,0.24836522004613,NaN,NaN,1.63335735330129,2.05335339805629,1.64477589398889,PI,high,90003
TC6_mu_rise_mid_corner,before_mu_rise,0.0849088997343384,0.138604445690541,-0.0603267365356007,-2.65696529077764,NaN,NaN,NaN,PI,high,90003
TC6_mu_rise_mid_corner,after_mu_rise_steady,0.00689147940436569,0.00983365469324626,-0.00179242469084982,-0.0788649514921057,NaN,NaN,NaN,PI,high,90003
TC1_dry_calibration,whole case,0.501380014556172,3.51306654547156,NaN,NaN,2.87102115773106,7.5449292243749,5.00799911099582,PI,high,90004
TC1_dry_calibration,v20_aypos0p10g,0.0614467499295616,0.0844853709799487,0.0534646559095145,5.34720584101917,NaN,NaN,NaN,PI,high,90004
TC1_dry_calibration,v20_aypos0p15g,0.0289293431110597,0.0567853672281531,-0.01191426586487,-0.907771785012962,NaN,NaN,NaN,PI,high,90004
TC1_dry_calibration,v20_aypos0p18g,0.0215815871746086,0.0372804738226271,-0.0020957724936789,-0.145159165152758,NaN,NaN,NaN,PI,high,90004
TC1_dry_calibration,v40_ayneg0p10g,0.0375819320208689,0.0533605230634551,-0.00767137626165096,0.451310365430303,NaN,NaN,NaN,PI,high,90004
TC1_dry_calibration,v40_ayneg0p20g,0.0688654136902405,0.0906687757104809,-0.0636616531795425,3.18356078283372,NaN,NaN,NaN,PI,high,90004
TC1_dry_calibration,v40_ayneg0p30g,0.0569127278715754,0.0743230404212181,-0.0528769747374607,2.29920564198935,NaN,NaN,NaN,PI,high,90004
TC1_dry_calibration,v60_aypos0p10g,0.0335721214336177,0.0460870686171351,0.0295213646073257,1.40652935099495,NaN,NaN,NaN,PI,high,90004
TC1_dry_calibration,v60_aypos0p20g,0.0626197774799659,0.0778498665910776,0.060935317196943,2.53963779888813,NaN,NaN,NaN,PI,high,90004
TC1_dry_calibration,v60_aypos0p30g,0.0467336989237433,0.0598963727118176,0.0448450392874049,1.601862841034,NaN,NaN,NaN,PI,high,90004
TC1_dry_calibration,v80_ayneg0p10g,0.0367395933468066,0.0517373646997972,-0.0250806690278391,1.09148065696308,NaN,NaN,NaN,PI,high,90004
TC1_dry_calibration,v80_ayneg0p20g,0.0368328913448432,0.0492216522801843,-0.03445064858291,1.23070123327747,NaN,NaN,NaN,PI,high,90004
TC1_dry_calibration,v80_ayneg0p30g,0.0432628546798576,0.05402979254352,-0.041947680969602,1.35340370714567,NaN,NaN,NaN,PI,high,90004
TC1_dry_calibration,v100_aypos0p10g,0.0335721989234707,0.0463033085944207,0.0260432508195347,1.00269556567314,NaN,NaN,NaN,PI,high,90004
TC1_dry_calibration,v100_aypos0p20g,0.0422891732343515,0.0544398371492885,0.0406616153102723,1.35581351922483,NaN,NaN,NaN,PI,high,90004
TC1_dry_calibration,v100_aypos0p30g,0.0334318612225859,0.0431755102347737,0.0320562117271458,0.971533177421195,NaN,NaN,NaN,PI,high,90004
TC2_road,whole case,0.457090865043664,4.91421310300317,NaN,NaN,2.0936657179071,5.26599836792874,6.96312639045874,PI,high,90004
TC2_road,dry_curve_0p2g_v50,0.010647241200652,0.0159133290688516,0.00946912067859718,0.429343831776131,NaN,NaN,NaN,PI,high,90004
TC2_road,slalom_dry_v50,0.761262402054115,2.69259192928113,0.00414988502237316,-0.252196323232904,NaN,NaN,NaN,PI,high,90004
TC2_road,curve_0p25g_v80_before_mu_drop,0.0664114047293839,0.116656093802331,0.00853962990295273,-0.287811839964819,NaN,NaN,NaN,PI,high,90004
TC2_road,curve_0p25g_v80_mu_0p3,0.0147754857031024,0.0264226227267099,0.00883774121968905,-0.301597413434568,NaN,NaN,NaN,PI,high,90004
TC2_road,lane_change_mu_0p3_v80,0.639460449294599,2.02191065239764,0.0819218062597526,5.06701600521197,NaN,NaN,NaN,PI,high,90004
TC2_road,curve_0p15g_v80_mu_0p3,0.0690526003373324,0.132163185816678,-0.0105950732716976,-0.407855738765985,NaN,NaN,NaN,PI,high,90004
TC2_road,curve_0p15g_v80_after_mu_0p8,0.0157937068596402,0.0312324740590304,-0.0053140163026349,-0.203918851598555,NaN,NaN,NaN,PI,high,90004
TC2_road,curve_0p2g_v100_before_mu_drop,0.0328864907289344,0.052176559647664,-0.0145846260641341,0.486219730104159,NaN,NaN,NaN,PI,high,90004
TC2_road,curve_0p2g_v100_mu_0p5,0.00376849016573008,0.00677626183435986,0.00121573003418675,-0.0405794492027602,NaN,NaN,NaN,PI,high,90004
TC2_road,sine_v60_mu_0p8,0.9729154919618,2.90419965573756,0.00593730025127827,-0.309568307924442,NaN,NaN,NaN,PI,high,90004
TC2_road,sine_v60_mu_0p4,0.966978896464683,2.89815342143972,0.00876325726221107,0.441076089947884,NaN,NaN,NaN,PI,high,90004
TC3_mu_drop_hard_corner,whole case,0.204266082055042,1.09647014120497,NaN,NaN,2.33339470785331,5.72795238753364,1.81348769942124,PI,high,90004
TC3_mu_drop_hard_corner,before_mu_drop,0.0541207966892537,0.0673896031024652,-0.0523799166408585,-1.55473209245333,NaN,NaN,NaN,PI,high,90004
TC3_mu_drop_hard_corner,after_mu_drop_steady,0.00678530168120211,0.0106642586727776,-0.00326708947990779,-0.101143982573871,NaN,NaN,NaN,PI,high,90004
TC4_wet_patch_lane_change,whole case,0.690856419187894,3.62069461710861,NaN,NaN,1.46097662122564,3.91686392725863,10.2331467198196,PI,high,90004
TC4_wet_patch_lane_change,before,0.0667822892967364,0.0856385305189397,0.0648859474459147,-667.396307571923,NaN,NaN,NaN,PI,high,90004
TC4_wet_patch_lane_change,during_puddle,1.61371549479591,2.97069225701965,-1.44279032497626,-55.9568472696135,NaN,NaN,NaN,PI,high,90004
TC4_wet_patch_lane_change,after_lane_change,0.185465713849368,0.248241439723402,-0.140266897299063,-533.682041101167,NaN,NaN,NaN,PI,high,90004
TC5_sine_high_speed_low_mu,whole case,0.678852928596766,2.4724568673766,NaN,NaN,2.03650207227284,3.14807512906212,8.16743368594221,PI,high,90004
TC5_sine_high_speed_low_mu,sine_transient,0.700847549648923,2.4724568673766,0.0754190108994631,3.53131790922632,NaN,NaN,NaN,PI,high,90004
TC5_sine_high_speed_low_mu,sine_sustained,0.669777966849789,2.16086977843906,0.0417842478097234,-1.86311433118711,NaN,NaN,NaN,PI,high,90004
TC6_mu_rise_mid_corner,whole case,0.0725597198925732,0.245840309479898,NaN,NaN,1.63329764859707,2.02289826361268,1.60975145653887,PI,high,90004
TC6_mu_rise_mid_corner,before_mu_rise,0.0857624830513413,0.133553285201325,-0.0647764760585134,-2.85290292974435,NaN,NaN,NaN,PI,high,90004
TC6_mu_rise_mid_corner,after_mu_rise_steady,0.00574952218713335,0.0080436349169255,-0.00356373544634682,-0.156799707403418,NaN,NaN,NaN,PI,high,90004
TC1_dry_calibration,whole case,0.497655043629841,3.4510270094795,NaN,NaN,2.87130185650274,7.54492922546451,5.13667331572093,PI,high,90005
TC1_dry_calibration,v20_aypos0p10g,0.061719932001472,0.0879628436856185,0.0526643964062388,5.26710967337629,NaN,NaN,NaN,PI,high,90005
TC1_dry_calibration,v20_aypos0p15g,0.0348173130219566,0.069415838255527,-0.0204291632152022,-1.55651542510996,NaN,NaN,NaN,PI,high,90005
TC1_dry_calibration,v20_aypos0p18g,0.0178645656285858,0.0253246678067491,-0.0126631009449807,-0.877078089830486,NaN,NaN,NaN,PI,high,90005
TC1_dry_calibration,v40_ayneg0p10g,0.0435228646513993,0.0612163620829047,-0.0365201324227766,2.14898133143406,NaN,NaN,NaN,PI,high,90005
TC1_dry_calibration,v40_ayneg0p20g,0.0639384777709103,0.0818365911369836,-0.0604520970055607,3.02303946228309,NaN,NaN,NaN,PI,high,90005
TC1_dry_calibration,v40_ayneg0p30g,0.0595498257074648,0.0755557801948594,-0.0570023275671711,2.4786056109033,NaN,NaN,NaN,PI,high,90005
TC1_dry_calibration,v60_aypos0p10g,0.0374646689013897,0.0505859781042348,0.0349330766068308,1.66449140368381,NaN,NaN,NaN,PI,high,90005
TC1_dry_calibration,v60_aypos0p20g,0.0547213056746288,0.0673158388322967,0.053394914127716,2.22530269628333,NaN,NaN,NaN,PI,high,90005
TC1_dry_calibration,v60_aypos0p30g,0.0452269758899935,0.0567366055547636,0.0437833982021548,1.56393530560042,NaN,NaN,NaN,PI,high,90005
TC1_dry_calibration,v80_ayneg0p10g,0.0397429443628927,0.0556607274088892,-0.0278200671383908,1.21080573700541,NaN,NaN,NaN,PI,high,90005
TC1_dry_calibration,v80_ayneg0p20g,0.0469399322337449,0.0586641509653569,-0.0455800999887364,1.62839125297239,NaN,NaN,NaN,PI,high,90005
TC1_dry_calibration,v80_ayneg0p30g,0.0446948253454791,0.0554643377376958,-0.043319378165405,1.3976558854579,NaN,NaN,NaN,PI,high,90005
TC1_dry_calibration,v100_aypos0p10g,0.0524414385374412,0.0745574864485889,0.0396120982679774,1.52630043307501,NaN,NaN,NaN,PI,high,90005
TC1_dry_calibration,v100_aypos0p20g,0.0417983590994273,0.0507857638617235,0.0407875729079297,1.35999042434931,NaN,NaN,NaN,PI,high,90005
TC1_dry_calibration,v100_aypos0p30g,0.0337734719690048,0.0434561337602211,0.0321511322382905,0.974404917280073,NaN,NaN,NaN,PI,high,90005
TC2_road,whole case,0.457898682278216,4.92085283564627,NaN,NaN,2.09602565758989,5.25829999661826,7.06393836557676,PI,high,90005
TC2_road,dry_curve_0p2g_v50,0.0171327873900878,0.0286621468186952,0.00930522288214974,0.421910776511775,NaN,NaN,NaN,PI,high,90005
TC2_road,slalom_dry_v50,0.762304606263112,2.70284507665332,0.00400792864522278,-0.243539694281551,NaN,NaN,NaN,PI,high,90005
TC2_road,curve_0p25g_v80_before_mu_drop,0.0640575289793683,0.111411069088759,0.0100381988735597,-0.338315759001655,NaN,NaN,NaN,PI,high,90005
TC2_road,curve_0p25g_v80_mu_0p3,0.011537408254695,0.0184541776099421,0.00836017887083863,-0.28530221993415,NaN,NaN,NaN,PI,high,90005
TC2_road,lane_change_mu_0p3_v80,0.633183424833421,1.97962745243283,0.0769477246079839,4.75180947118185,NaN,NaN,NaN,PI,high,90005
TC2_road,curve_0p15g_v80_mu_0p3,0.0644340462119682,0.117800181121201,-0.00566373353751222,-0.218040323059117,NaN,NaN,NaN,PI,high,90005
TC2_road,curve_0p15g_v80_after_mu_0p8,0.010338231048808,0.0152981450852581,-0.00722315265445405,-0.277175094359642,NaN,NaN,NaN,PI,high,90005
TC2_road,curve_0p2g_v100_before_mu_drop,0.0328359752761239,0.0511979534556914,-0.0146837931607531,0.489524424677436,NaN,NaN,NaN,PI,high,90005
TC2_road,curve_0p2g_v100_mu_0p5,0.00616244406297942,0.0143166623625866,-0.00234984534931163,0.078436091461307,NaN,NaN,NaN,PI,high,90005
TC2_road,sine_v60_mu_0p8,0.974831337912198,2.89140550237656,0.0103812308028884,-0.541229757466078,NaN,NaN,NaN,PI,high,90005
TC2_road,sine_v60_mu_0p4,0.966406868240602,2.90590010213022,0.0299757803469765,1.50909990410551,NaN,NaN,NaN,PI,high,90005
TC3_mu_drop_hard_corner,whole case,0.205807990556484,1.10408264967319,NaN,NaN,2.33367654317669,5.72349380405376,1.84881049745646,PI,high,90005
TC3_mu_drop_hard_corner,before_mu_drop,0.0519616849881556,0.06521486234195,-0.0500335974968606,-1.48509875541525,NaN,NaN,NaN,PI,high,90005
TC3_mu_drop_hard_corner,after_mu_drop_steady,0.00823949515000717,0.0124162238951349,-0.00432095405687964,-0.133770040172863,NaN,NaN,NaN,PI,high,90005
TC4_wet_patch_lane_change,whole case,0.69935684468026,3.71980284361385,NaN,NaN,1.48450866339656,3.90729127004925,10.5159999346788,PI,high,90005
TC4_wet_patch_lane_change,before,0.0288255809498355,0.0399860389154797,-0.0280041422911065,-667.099711285327,NaN,NaN,NaN,PI,high,90005
TC4_wet_patch_lane_change,during_puddle,1.57317822826147,2.84281469751351,-1.41524081561532,-54.8947904363551,NaN,NaN,NaN,PI,high,90005
TC4_wet_patch_lane_change,after_lane_change,0.232264097373284,0.314830741690763,-0.209532251705524,-653.562690397815,NaN,NaN,NaN,PI,high,90005
TC5_sine_high_speed_low_mu,whole case,0.673738656679617,2.30024122759737,NaN,NaN,2.0446519810907,3.22437952431618,8.33096445610555,PI,high,90005
TC5_sine_high_speed_low_mu,sine_transient,0.680289734225138,2.30024122759737,0.0640343803433365,2.99385243482949,NaN,NaN,NaN,PI,high,90005
TC5_sine_high_speed_low_mu,sine_sustained,0.670375984207641,2.16126877716003,0.0464550130632755,-2.07116555708637,NaN,NaN,NaN,PI,high,90005
TC6_mu_rise_mid_corner,whole case,0.069754138033407,0.235889054599223,NaN,NaN,1.63236619151536,2.00117717856498,1.62047024142899,PI,high,90005
TC6_mu_rise_mid_corner,before_mu_rise,0.0811813959165254,0.124616323271733,-0.0618018428500924,-2.7219390328304,NaN,NaN,NaN,PI,high,90005
TC6_mu_rise_mid_corner,after_mu_rise_steady,0.00635905865262995,0.010546154495219,-0.00529696447378013,-0.23305753692382,NaN,NaN,NaN,PI,high,90005
