Kp,peak_to_peak_late_over_early,Pu_s
0.5,0.000963321684198834,NaN
1,0.000102204699180535,NaN
2,1.13339204834843e-06,NaN
3,1.32717276374353e-10,NaN
3.25,0,NaN
3.26508809700339,1.38477685492051e-09,NaN
3.27265839260117,2.25626734019695e-09,NaN
3.27360591285405,1.58466358812913e-09,NaN
3.27455370743883,8303196699.77969,0.0883333333333333
3.27645011992186,8515753552.98426,0.088
3.28024624036715,8991670670.48229,0.0879285714285714
3.31077396844394,15094795829.5339,0.085888888888889
3.37268439080801,38871024548.237,0.08725
3.5,322584282468.455,0.0864615384615384
3.75,20638557775787.4,0.0822380952380952
4,1.0575238502588e+15,0.0800909090909091
6,1.22135131733443e+28,0.0682857142857143
