id,v_kmh,mu,ay_fraction,ay_g,theta1_rad,Kcu,Pu_s,Kp_ZN,Ki_ZN_1_per_s,Kd_ZN_s,margin_current_Kcu_over_Kp,status
1,20,0.2,0.5,0.096,1.37107572046384,3.29698353021313,0.0858749999999999,1.97819011812788,46.0713855750306,0.0212346345492789,1.67785421384892,ok
2,20,0.2,1,0.192,2.79942631548956,2.92493049910374,0.0915,1.75495829946225,38.3597442505409,0.0200723355500994,1.48851424890776,ok
3,20,0.5,0.5,0.0985,1.40426726788365,3.29698353021313,0.0875238095238095,1.97819011812788,45.2034738636403,0.0216423418876133,1.67785421384892,ok
4,20,0.5,1,0.197,2.80755308514073,2.94351990471886,0.0897272727272727,1.76611194283131,39.3662236497355,0.0198085509951649,1.49797450621825,ok
5,20,0.8,0.5,0.0985,1.40403916591258,3.29698353021313,0.0877058823529412,1.97819011812788,45.1096338137812,0.0216873637215343,1.67785421384892,ok
6,20,0.8,1,0.197,2.80538179828714,2.96222745536382,0.0913157894736843,1.77733647321829,38.9272541684698,0.0202873604015378,1.50749488822586,ok
7,40,0.2,0.5,0.1,0.410911763301694,4.07675177625345,0.0791818181818182,2.44605106575207,61.7831497664128,0.0242103463439779,2.07468283778802,ok
8,40,0.2,1,0.2,0.961392789762828,3.60711619925258,0.0853333333333333,2.16426971955155,50.7250715519895,0.0230855436752165,1.8356825441489,ok
9,40,0.5,0.5,0.2,0.80949531461859,3.82417989326044,0.0833571428571428,2.29450793595626,55.0524611883251,0.0239079532255443,1.94614752837681,ok
10,40,0.5,1,0.4,1.65145826808122,3.09589647029922,0.088,1.85753788217953,42.2167700495348,0.0204329167039748,1.57551983221334,ok
11,40,0.8,0.5,0.2,0.807207522837417,3.84140839804999,0.0813846153846154,2.30484503882999,56.6408043568807,0.0234473658757897,1.95491521529261,ok
12,40,0.8,1,0.4,1.61292937658006,3.10984394888423,0.0894545454545454,1.86590636933054,41.7174188264958,0.0208642257661506,1.58261778569172,ok
13,60,0.2,0.5,0.1,0.224410519358629,3,0.08932,1.8,40.3045230631437,0.020097,1.52671755725191,ok
14,60,0.2,1,0.2,0.585597783403329,3.85871451984124,0.081,2.31522871190474,57.166141034685,0.0234416907080355,1.96372240195483,ok
15,60,0.5,0.5,0.2,0.433700310675557,3.46410161513775,0.0846666666666668,2.07846096908265,49.0975032066768,0.0219970452561248,1.76290158531183,ok
16,60,0.5,1,0.4,0.897773873152214,3.67255918940614,0.085,2.20353551364368,51.8478944386749,0.0234125648324641,1.86898686483773,ok
17,60,0.8,0.5,0.2,0.43141251889388,3.46410161513775,0.0845,2.07846096908265,49.1943424634947,0.0219537439859355,1.76290158531183,ok
18,60,0.8,1,0.4,0.859244981651271,3.73918949505598,0.0843333333333334,2.24351369703359,53.2058584276739,0.0236503735562291,1.90289541733129,ok
19,80,0.2,0.5,0.1,0.159553961387113,2.67667466381484,0.0939615384615384,1.60600479828891,34.1843018874429,0.0188628352029798,1.36217540143249,ok
20,80,0.2,1,0.2,0.455884667552775,3.38711376835519,0.0872941176470588,2.03226826101312,46.5614022065,0.0221756330834078,1.72372201951918,ok
21,80,0.5,0.5,0.2,0.303987194732525,2.98105390190977,0.0892631578947369,1.78863234114586,40.0754887756738,0.019957371385417,1.51707577705332,ok
22,80,0.5,1,0.4,0.635555125209182,3.77295660762152,0.082,2.26377396457291,55.2139991359246,0.0232036831368723,1.92007969853512,ok
23,80,0.8,0.5,0.2,0.301699402950825,2.98105390190977,0.0892631578947369,1.78863234114586,40.0754887756738,0.019957371385417,1.51707577705332,ok
24,80,0.8,1,0.4,0.597026233708238,3.78995434381581,0.0821764705882353,2.27397260628949,55.3436425295938,0.0233583803749001,1.92872994596224,ok
25,100,0.2,0.5,0.1,0.130982759309838,2.90645849238937,0.0901363636363637,1.74387509543362,38.6941523948963,0.0196483199673004,1.47911373658492,ok
26,100,0.2,1,0.2,0.395949748767832,2.98105390190977,0.08944,1.78863234114586,39.9962509200774,0.0199969095740107,1.51707577705332,ok
27,100,0.5,0.5,0.2,0.244052274521008,2.8881031431587,0.0916800000000001,1.73286188589522,37.8023971617631,0.0198585972123593,1.46977259193827,ok
28,100,0.5,1,0.4,0.513590897743424,3.3118369362052,0.0878125000000001,1.98710216172312,45.257842829281,0.021811551072039,1.68541319908662,ok
29,100,0.8,0.5,0.2,0.241764482739317,2.8881031431587,0.0905172413793104,1.73286188589522,38.2879959550182,0.0196067347003231,1.46977259193827,ok
30,100,0.8,1,0.4,0.47506200624248,3.26747626957659,0.08625,1.96048576174595,45.4605394028047,0.0211364871188236,1.66283779622218,ok
