Ctrl,Level,Case,Window,GroupCount,mean_RMS_eT_Nm,std_RMS_eT_Nm,mean_MaxAbs_eT_Nm,std_MaxAbs_eT_Nm,mean_Mean_eT_signed_pct_of_Tdref,std_Mean_eT_signed_pct_of_Tdref,mean_RMS_Ta_Nm,std_RMS_Ta_Nm,mean_MaxAbs_Ta_Nm,std_MaxAbs_Ta_Nm,mean_TV_Ta_Nm_per_s,std_TV_Ta_Nm_per_s
PIDF_DZ,high,TC1_dry_calibration,v100_aypos0p10g,5,0.0557919423067944,0.00670127945941924,0.224136032663724,0.0352223210549386,-0.889789882635452,0.272325554168151,NaN,NaN,NaN,NaN,NaN,NaN
PIDF_DZ,high,TC1_dry_calibration,v100_aypos0p20g,5,0.0203196100183049,0.00174025588220481,0.0632518177681706,0.00567521592461302,0.214029050559506,0.0547331492098915,NaN,NaN,NaN,NaN,NaN,NaN
PIDF_DZ,high,TC1_dry_calibration,v100_aypos0p30g,5,0.0076049006628972,0.00140200775572455,0.0217219590929549,0.00499205587428004,0.0705480877978165,0.0365861462793612,NaN,NaN,NaN,NaN,NaN,NaN
PIDF_DZ,high,TC1_dry_calibration,v20_aypos0p10g,5,0.0504484729297282,0.00748784714774953,0.108297343532426,0.00964317456738335,4.17748715322542,0.969291114514521,NaN,NaN,NaN,NaN,NaN,NaN
PIDF_DZ,high,TC1_dry_calibration,v20_aypos0p15g,5,0.0845691562360902,0.0139554782559686,0.141584329132654,0.0276440687089273,6.19469843415184,1.04732993169125,NaN,NaN,NaN,NaN,NaN,NaN
PIDF_DZ,high,TC1_dry_calibration,v20_aypos0p18g,5,0.100454456283621,0.00419077575250695,0.14742306249592,0.00492000224979434,6.83997340471324,0.303196441930085,NaN,NaN,NaN,NaN,NaN,NaN
PIDF_DZ,high,TC1_dry_calibration,v40_ayneg0p10g,5,0.0409905359366619,0.00828294849860202,0.147505853681861,0.0467631794739235,-0.773611071402379,0.490122186240966,NaN,NaN,NaN,NaN,NaN,NaN
PIDF_DZ,high,TC1_dry_calibration,v40_ayneg0p20g,5,0.0183903139211435,0.00201821986035439,0.0606064738951197,0.0133451413606316,0.261721596254066,0.132565093008309,NaN,NaN,NaN,NaN,NaN,NaN
PIDF_DZ,high,TC1_dry_calibration,v40_ayneg0p30g,5,0.0129995739191574,0.00226290808099172,0.0385349032333418,0.0121624351353738,0.263093535190626,0.109300389002717,NaN,NaN,NaN,NaN,NaN,NaN
PIDF_DZ,high,TC1_dry_calibration,v60_aypos0p10g,5,0.0430507619227875,0.00489590446399246,0.166374784032852,0.0559710324794222,-0.600695810162979,0.333350675868006,NaN,NaN,NaN,NaN,NaN,NaN
PIDF_DZ,high,TC1_dry_calibration,v60_aypos0p20g,5,0.0252614038468507,0.00209352252340869,0.0870942234295364,0.0130345643790549,0.505153822878068,0.127984894338142,NaN,NaN,NaN,NaN,NaN,NaN
PIDF_DZ,high,TC1_dry_calibration,v60_aypos0p30g,5,0.013297413131871,0.00339524796054114,0.0488660559179921,0.0198178697547771,0.217576380301908,0.061116743769252,NaN,NaN,NaN,NaN,NaN,NaN
PIDF_DZ,high,TC1_dry_calibration,v80_ayneg0p10g,5,0.0531762883143157,0.00461205621808539,0.177662746109538,0.017662623798064,-0.520140734738152,0.295157989104988,NaN,NaN,NaN,NaN,NaN,NaN
PIDF_DZ,high,TC1_dry_calibration,v80_ayneg0p20g,5,0.0229989354904212,0.00244524305466381,0.0719371349608695,0.00749837148784107,0.222223305885034,0.170781303151641,NaN,NaN,NaN,NaN,NaN,NaN
PIDF_DZ,high,TC1_dry_calibration,v80_ayneg0p30g,5,0.0187794774460773,0.00196114379464945,0.0547634794448967,0.0107498915567218,0.393061224963745,0.115179314745606,NaN,NaN,NaN,NaN,NaN,NaN
PIDF_DZ,high,TC1_dry_calibration,whole case,5,0.3671949698891,0.00162389991452464,3.47856577751113,0.0192364766660525,NaN,NaN,3.55389772171396,0.00675040012980961,7.54499061253908,0,1148.97574379943,3.97555963384063
PIDF_DZ,high,TC2_road,curve_0p15g_v80_after_mu_0p8,5,0.0251165316948698,0.000435531108900894,0.0816515425136447,0.00811948188172137,0.0153136554181405,0.130147254225822,NaN,NaN,NaN,NaN,NaN,NaN
PIDF_DZ,high,TC2_road,curve_0p15g_v80_mu_0p3,5,0.0266061061709727,0.00272996189403983,0.0891884880729354,0.0146282954705498,-0.0352069259992019,0.145841582011814,NaN,NaN,NaN,NaN,NaN,NaN
PIDF_DZ,high,TC2_road,curve_0p25g_v80_before_mu_drop,5,0.0194693128762964,0.00257513241950977,0.0670733518745901,0.011432457529162,0.240653999942199,0.0506627561253288,NaN,NaN,NaN,NaN,NaN,NaN
PIDF_DZ,high,TC2_road,curve_0p25g_v80_mu_0p3,5,0.0184746093672023,0.00104395731837294,0.0665624351922064,0.0114850947629097,0.104985030985743,0.0456656167838523,NaN,NaN,NaN,NaN,NaN,NaN
PIDF_DZ,high,TC2_road,curve_0p2g_v100_before_mu_drop,5,0.019258460238068,0.00107584971382124,0.0715933346426329,0.010602219957121,0.21276241618305,0.141054906058708,NaN,NaN,NaN,NaN,NaN,NaN
PIDF_DZ,high,TC2_road,curve_0p2g_v100_mu_0p5,5,0.0201115082077084,0.00240415931525807,0.0735836730399495,0.013035822880995,0.216940390198881,0.0485526955399981,NaN,NaN,NaN,NaN,NaN,NaN
PIDF_DZ,high,TC2_road,dry_curve_0p2g_v50,5,0.024588749067606,0.0018789501281776,0.0872023224788988,0.0111698838016078,0.432467541429812,0.131899993364907,NaN,NaN,NaN,NaN,NaN,NaN
PIDF_DZ,high,TC2_road,lane_change_mu_0p3_v80,5,0.15389122607264,0.014317575737799,0.715297489856386,0.184378393947074,0.361139615097551,0.403420722637606,NaN,NaN,NaN,NaN,NaN,NaN
PIDF_DZ,high,TC2_road,sine_v60_mu_0p4,5,0.166307923485993,0.00914775852180262,1.35092100958722,0.10579026928339,0.0997195850579123,0.369218180639881,NaN,NaN,NaN,NaN,NaN,NaN
PIDF_DZ,high,TC2_road,sine_v60_mu_0p8,5,0.189847359370383,0.0146660081787882,1.37832319771325,0.157404707834092,-0.134335770880282,0.369402648985848,NaN,NaN,NaN,NaN,NaN,NaN
PIDF_DZ,high,TC2_road,slalom_dry_v50,5,0.181822579397705,0.014037785567962,1.3534605325555,0.142155546547402,-0.507853916641889,0.247412910316626,NaN,NaN,NaN,NaN,NaN,NaN
PIDF_DZ,high,TC2_road,whole case,5,0.105610857997205,0.00268467598453484,1.53217577310353,0.0628637386914766,NaN,NaN,3.01963160418072,0.0130360357073803,7.28523730423509,0.011505108997967,1116.27573018066,4.36162144800041
PIDF_DZ,high,TC3_mu_drop_hard_corner,after_mu_drop_steady,5,0.0139072025409163,0.0013640575917259,0.0520852336628337,0.00722891191185821,-0.0749150451564891,0.0863556704577078,NaN,NaN,NaN,NaN,NaN,NaN
PIDF_DZ,high,TC3_mu_drop_hard_corner,before_mu_drop,5,0.0160508748592336,0.00128759050007595,0.0264910237157824,0.0025698744270791,0.462937334479082,0.03652318813692,NaN,NaN,NaN,NaN,NaN,NaN
PIDF_DZ,high,TC3_mu_drop_hard_corner,whole case,5,0.0158874412360348,0.000495883756823671,0.163478674051042,0.00381625736245322,NaN,NaN,2.94846662842361,0.0116593929413769,6.51862586066548,0,1608.70150018961,9.85392486456913
PIDF_DZ,high,TC4_wet_patch_lane_change,after_lane_change,5,0.0251861497441689,0.0215710593996086,0.0361533402630163,0.0309657660784252,-579.593058826751,0.0382510058025186,NaN,NaN,NaN,NaN,NaN,NaN
PIDF_DZ,high,TC4_wet_patch_lane_change,before,5,0,0,0,0,0,0,NaN,NaN,NaN,NaN,NaN,NaN
PIDF_DZ,high,TC4_wet_patch_lane_change,during_puddle,5,0.0710795360853853,0.0138786145264572,0.223836432188893,0.0507134053191682,-1.49178141525456,0.604458848658476,NaN,NaN,NaN,NaN,NaN,NaN
PIDF_DZ,high,TC4_wet_patch_lane_change,whole case,5,0.104472266123144,0.00839773794089557,1.11396935226556,0.212540106420376,NaN,NaN,2.3389617937472,0.0157064367201368,6.62982743695668,9.93013661298909e-16,513.850878378219,6.82695779997349
PIDF_DZ,high,TC5_sine_high_speed_low_mu,sine_sustained,5,0.151557722226198,0.0102797550522623,0.94074621649638,0.108140711517582,-0.0273349110184125,0.485920411993142,NaN,NaN,NaN,NaN,NaN,NaN
PIDF_DZ,high,TC5_sine_high_speed_low_mu,sine_transient,5,0.152548308935515,0.0127004861226397,0.786544688959463,0.11555750005051,-0.0289478442530438,0.233038767595918,NaN,NaN,NaN,NaN,NaN,NaN
PIDF_DZ,high,TC5_sine_high_speed_low_mu,whole case,5,0.145444467495277,0.00873438483868072,0.94074621649638,0.108140711517582,NaN,NaN,3.79185900778591,0.0256302969569726,6.51895086326548,0.000726727906464549,1575.84607121919,9.05126481651674
PIDF_DZ,high,TC6_mu_rise_mid_corner,after_mu_rise_steady,5,0.0150581221128432,0.00128854870478118,0.0490637482880196,0.00433282998984315,-0.0528745231601557,0.0942364095176409,NaN,NaN,NaN,NaN,NaN,NaN
PIDF_DZ,high,TC6_mu_rise_mid_corner,before_mu_rise,5,0.0136467773893363,0.00167558606154308,0.0416559840547782,0.0048148933767961,-0.0213617507207502,0.0678032698735599,NaN,NaN,NaN,NaN,NaN,NaN
PIDF_DZ,high,TC6_mu_rise_mid_corner,whole case,5,0.0148538163893236,0.000484606681997282,0.0647832457881852,0.00787746909824913,NaN,NaN,2.57381528758886,0.0231527531287031,7.04000268628468,9.93013661298909e-16,1722.73020108824,13.5491133762181
SMC_KI_DZ,high,TC1_dry_calibration,v100_aypos0p10g,5,0.0841551677149038,0.0143269985923937,0.312600387780613,0.0833834036165128,-0.963005267889872,0.318745503343148,NaN,NaN,NaN,NaN,NaN,NaN
SMC_KI_DZ,high,TC1_dry_calibration,v100_aypos0p20g,5,0.0361928746695107,0.00246973817275072,0.122344967819486,0.00704124606006618,0.10892753439595,0.0830100897429056,NaN,NaN,NaN,NaN,NaN,NaN
SMC_KI_DZ,high,TC1_dry_calibration,v100_aypos0p30g,5,0.0757497613143302,0.00520754282539356,0.141196887564526,0.0209825030401368,2.1415104399747,0.138997515191337,NaN,NaN,NaN,NaN,NaN,NaN
SMC_KI_DZ,high,TC1_dry_calibration,v20_aypos0p10g,5,0.0350079124339964,0.00747707206868801,0.104546405185055,0.0216799338432271,1.51408248098496,0.819810934100793,NaN,NaN,NaN,NaN,NaN,NaN
SMC_KI_DZ,high,TC1_dry_calibration,v20_aypos0p15g,5,0.0854816115890241,0.0103697966597564,0.133092713293444,0.0145348897709474,6.29847155132606,0.813232694953668,NaN,NaN,NaN,NaN,NaN,NaN
SMC_KI_DZ,high,TC1_dry_calibration,v20_aypos0p18g,5,0.148072976797632,0.00886056277371766,0.184067476639873,0.0111974753700067,10.191274573559,0.607516566455061,NaN,NaN,NaN,NaN,NaN,NaN
SMC_KI_DZ,high,TC1_dry_calibration,v40_ayneg0p10g,5,0.0639236684657038,0.00767140100576586,0.218466753411564,0.0368019014173896,-1.0710367966781,0.44068190883531,NaN,NaN,NaN,NaN,NaN,NaN
SMC_KI_DZ,high,TC1_dry_calibration,v40_ayneg0p20g,5,0.0386453431799327,0.00350709668149032,0.121357389968605,0.017024835559327,0.115979722736196,0.202649643590334,NaN,NaN,NaN,NaN,NaN,NaN
SMC_KI_DZ,high,TC1_dry_calibration,v40_ayneg0p30g,5,0.0909063272889867,0.011095199220984,0.169950778705824,0.0187761629040277,3.71322314875818,0.457861375039594,NaN,NaN,NaN,NaN,NaN,NaN
SMC_KI_DZ,high,TC1_dry_calibration,v60_aypos0p10g,5,0.0673763873760116,0.00766573680250294,0.246119612393291,0.0423491992992595,-0.956174908774201,0.395991170779594,NaN,NaN,NaN,NaN,NaN,NaN
SMC_KI_DZ,high,TC1_dry_calibration,v60_aypos0p20g,5,0.0422836486901154,0.00200099968017377,0.141009419292783,0.0182868842952255,0.257532828621695,0.154261804981047,NaN,NaN,NaN,NaN,NaN,NaN
SMC_KI_DZ,high,TC1_dry_calibration,v60_aypos0p30g,5,0.0831825260179543,0.00539447389045732,0.175100195531211,0.0306395546773305,2.76105973042186,0.148291242630698,NaN,NaN,NaN,NaN,NaN,NaN
SMC_KI_DZ,high,TC1_dry_calibration,v80_ayneg0p10g,5,0.0808211695279225,0.00395358461952585,0.27334070130095,0.0464125555265931,-0.657388272150122,0.258144416902669,NaN,NaN,NaN,NaN,NaN,NaN
SMC_KI_DZ,high,TC1_dry_calibration,v80_ayneg0p20g,5,0.036906653751582,0.00344572879751501,0.118884569343935,0.007990493763566,-0.0732977189684331,0.143030310327826,NaN,NaN,NaN,NaN,NaN,NaN
SMC_KI_DZ,high,TC1_dry_calibration,v80_ayneg0p30g,5,0.091642726921698,0.00943029751306457,0.161640881474959,0.0168460553389584,2.82637397094379,0.315334598405806,NaN,NaN,NaN,NaN,NaN,NaN
SMC_KI_DZ,high,TC1_dry_calibration,whole case,5,0.394322859695361,0.00311852834386425,3.57561220520428,0.0847223618755634,NaN,NaN,5.22346729065021,0.00158813682492456,7.54499061253908,0,2971.96439692983,6.72952690088695
SMC_KI_DZ,high,TC2_road,curve_0p15g_v80_after_mu_0p8,5,0.0459470520174931,0.00278783225757391,0.156896625083982,0.0375250310461406,-0.148127148896308,0.0830257177166212,NaN,NaN,NaN,NaN,NaN,NaN
SMC_KI_DZ,high,TC2_road,curve_0p15g_v80_mu_0p3,5,0.0478321638999926,0.00335682114843949,0.163625562523629,0.0184697157568815,-0.206734819857619,0.144695528425175,NaN,NaN,NaN,NaN,NaN,NaN
SMC_KI_DZ,high,TC2_road,curve_0p25g_v80_before_mu_drop,5,0.0427101680710338,0.000906677353160377,0.145259106800079,0.0141514780566326,0.791174270952266,0.0507854397060108,NaN,NaN,NaN,NaN,NaN,NaN
SMC_KI_DZ,high,TC2_road,curve_0p25g_v80_mu_0p3,5,0.0378667615361077,0.00295178408970422,0.139159702247752,0.0299087036471373,-0.0443060297365086,0.0776900607077278,NaN,NaN,NaN,NaN,NaN,NaN
SMC_KI_DZ,high,TC2_road,curve_0p2g_v100_before_mu_drop,5,0.0381935765944677,0.00242359364275894,0.129831886658075,0.0148504540681311,0.0313193066401797,0.168279179174994,NaN,NaN,NaN,NaN,NaN,NaN
SMC_KI_DZ,high,TC2_road,curve_0p2g_v100_mu_0p5,5,0.0371380357416752,0.00231611921327737,0.125634040314729,0.0179763455012975,0.046828840892941,0.0508412435111305,NaN,NaN,NaN,NaN,NaN,NaN
SMC_KI_DZ,high,TC2_road,dry_curve_0p2g_v50,5,0.0408861252510388,0.00239370689878753,0.135148831580557,0.0140523313469897,0.303279613940113,0.0529927429435851,NaN,NaN,NaN,NaN,NaN,NaN
SMC_KI_DZ,high,TC2_road,lane_change_mu_0p3_v80,5,0.199201166347387,0.0187983740487446,0.888075850206013,0.128304026974585,0.123998304913054,0.396072428379824,NaN,NaN,NaN,NaN,NaN,NaN
SMC_KI_DZ,high,TC2_road,sine_v60_mu_0p4,5,0.184349787829842,0.0146908496702379,1.44701214786286,0.245551812822332,0.156086963320062,0.596336125329812,NaN,NaN,NaN,NaN,NaN,NaN
SMC_KI_DZ,high,TC2_road,sine_v60_mu_0p8,5,0.217127313865965,0.0060507802753856,1.49032921412407,0.0885390921453659,0.0588050250303198,0.391408187848562,NaN,NaN,NaN,NaN,NaN,NaN
SMC_KI_DZ,high,TC2_road,slalom_dry_v50,5,0.201095378899174,0.00969578239806535,1.42385410036125,0.080957397105284,-0.311435873151555,0.220805876798017,NaN,NaN,NaN,NaN,NaN,NaN
SMC_KI_DZ,high,TC2_road,whole case,5,0.121875728126341,0.00199714935503148,1.55358725188367,0.104648132708549,NaN,NaN,4.88093630900767,0.0036713657831325,7.28523730423509,0.011505108997967,3160.65261479655,3.75508716136087
SMC_KI_DZ,high,TC3_mu_drop_hard_corner,after_mu_drop_steady,5,0.035585649489084,0.0017060665305737,0.123678148055321,0.0164005802000288,-0.072792838967623,0.0491034399576747,NaN,NaN,NaN,NaN,NaN,NaN
SMC_KI_DZ,high,TC3_mu_drop_hard_corner,before_mu_drop,5,0.173456190751263,0.00931535142844949,0.231339363017936,0.0158493913476766,5.10544301922051,0.273260591702947,NaN,NaN,NaN,NaN,NaN,NaN
SMC_KI_DZ,high,TC3_mu_drop_hard_corner,whole case,5,0.0771039013229476,0.00164627777214593,0.340820054136433,0.0351786372713804,NaN,NaN,6.01822634307566,0.00866366989908786,6.51862586066548,0,5194.62726250062,47.6445550531077
SMC_KI_DZ,high,TC4_wet_patch_lane_change,after_lane_change,5,0.0475402683631524,0.031074019516761,0.0682477312341049,0.0446142852518997,-579.579381558817,0.0240099609920339,NaN,NaN,NaN,NaN,NaN,NaN
SMC_KI_DZ,high,TC4_wet_patch_lane_change,before,5,0,0,0,0,0,0,NaN,NaN,NaN,NaN,NaN,NaN
SMC_KI_DZ,high,TC4_wet_patch_lane_change,during_puddle,5,0.0929215065714991,0.0263073847360094,0.292686238970929,0.139174314474655,-1.27681099706813,0.559613254782511,NaN,NaN,NaN,NaN,NaN,NaN
SMC_KI_DZ,high,TC4_wet_patch_lane_change,whole case,5,0.114537702867212,0.0104869051428463,1.00416312758352,0.0405770288177082,NaN,NaN,3.18983510082032,0.026905094368028,6.62982743695668,9.93013661298909e-16,1291.59120855146,16.716980875971
SMC_KI_DZ,high,TC5_sine_high_speed_low_mu,sine_sustained,5,0.179512162052535,0.00651581196311762,1.03362705701616,0.0937011096339371,0.0679357574578134,0.324019205183782,NaN,NaN,NaN,NaN,NaN,NaN
SMC_KI_DZ,high,TC5_sine_high_speed_low_mu,sine_transient,5,0.191070634074192,0.0100086541787295,0.989970164005319,0.0969170581177237,-0.159406803465076,0.401514061705107,NaN,NaN,NaN,NaN,NaN,NaN
SMC_KI_DZ,high,TC5_sine_high_speed_low_mu,whole case,5,0.171400690556551,0.0025038089466948,1.04423642978272,0.0841256033180768,NaN,NaN,5.59892265001079,0.0112590946669506,6.51895086326548,0.000726727906464549,4055.16306213646,47.880253628381
SMC_KI_DZ,high,TC6_mu_rise_mid_corner,after_mu_rise_steady,5,0.0358834056300774,0.00239664789078466,0.136551147890083,0.0342171921247187,-0.118045256429549,0.0810581972859044,NaN,NaN,NaN,NaN,NaN,NaN
SMC_KI_DZ,high,TC6_mu_rise_mid_corner,before_mu_rise,5,0.0368228969359918,0.00352388447428206,0.111569547350644,0.0138015110005652,-0.0864217627221002,0.0951336368727269,NaN,NaN,NaN,NaN,NaN,NaN
SMC_KI_DZ,high,TC6_mu_rise_mid_corner,whole case,5,0.0366354933038438,0.000414587037604134,0.163966441082764,0.0171880455377146,NaN,NaN,6.41585089083821,0.0114058926166153,7.04000268628468,9.93013661298909e-16,6225.15194274708,60.3746184434935
