t_s,T_s_Nm,T_d_ref_Nm,e_T_Nm,T_a_Nm,a_y_mps2
0,0,0,0,0,0
0.01,0.0284688896257224,1.7,-1.67153111037428,-4.98622774153628,1.2623720391848e-06
0.02,0.299687304863037,-1.7,1.99968730486304,6.596,-0.0040125832651864
0.03,0.33638251792467,-1.7,2.03638251792467,2.54615180307246,-0.0013696644393613
0.04,0.0724043728960276,1.7,-1.62759562710397,-6.596,0.00860117963453754
0.05,0.327606039218658,1.7,-1.37239396078134,1.75946165733035,0.00787858889890457
0.06,0.72540278794429,1.7,-0.974597212055709,-0.83533534123706,0.00557949065198183
0.07,1.09039950878849,1.7,-0.609600491211512,0.951528204373376,0.00532615016166643
0.08,1.48506291457564,1.7,-0.214937085424361,2.04734312432557,0.00568435190636492
0.09,1.8164315999438,1.7,0.116431599943803,1.36467835461746,0.0086006022321208
0.1,2.03979070881012,1.7,0.339790708810124,1.29436406923715,0.0148098307699592
0.11,2.19462576353556,1.7,0.494625763535556,1.1223076316109,0.023254787016453
0.12,2.29527970320827,1.7,0.595279703208274,1.10198029405712,0.033492998287504
0.13,2.35853248871594,1.7,0.658532488715938,1.09951743861695,0.0450765532050545
0.14,2.39426571761969,1.7,0.694265717619688,1.14772177351662,0.0577416060429601
0.15,2.41077600261696,1.7,0.710776002616964,1.21673357440341,0.0712820023454191
0.16,2.41372517534643,1.7,0.713725175346434,1.30669319457888,0.0855646988189121
0.17,2.4074156601469,1.7,0.707415660146899,1.4087638164659,0.100496436787336
0.18,2.3949265677126,1.7,0.694926567712598,1.52005203370734,0.116016881956109
0.19,2.37849800797985,1.7,0.678498007979845,1.63699669124292,0.132087349238587
0.2,2.3597178093966,1.7,0.659717809396604,1.75755105631888,0.148684764317086
0.21,2.33971447992476,1.7,0.639714479924756,1.88017201285575,0.165796041474269
0.22,2.31927390207923,1.7,0.619273902079234,2.00355611404939,0.183414668303942
0.23,2.2989339739708,1.7,0.598933973970803,2.12707577465408,0.201537792100954
0.24,2.27902836603199,1.7,0.579028366031991,2.25000633894699,0.22016522956827
0.25,2.2597773517576,1.7,0.559777351757602,2.37207297765686,0.239296993957378
0.26,2.24130386040555,1.7,0.54130386040555,2.4929259719283,0.258932940349438
0.27,2.22366216454015,1.7,0.523662164540153,2.61240910104847,0.279072112406034
0.28,2.20686597555098,1.7,0.506865975550984,2.73039517847755,0.299712187581769
0.29,2.19089426349192,1.7,0.490894263491916,2.84678930194765,0.320849416669438
0.3,2.17570558138259,1.7,0.475705581382592,2.96154042601061,0.342478414310436
0.31,2.16124226559444,1.7,0.461242265594435,3.07459851598635,0.364592174916246
0.32,2.14742304705174,1.7,0.447423047051743,3.18595387855576,0.387182329719961
0.33,2.13420681302588,1.7,0.434206813025879,3.29559567362765,0.410237957262265
0.34,2.12152912023767,1.7,0.421529120237669,3.40346531116327,0.433747044911813
0.35,2.10932492769741,1.7,0.409324927697412,3.50955863080856,0.457696112869869
0.36,2.0975316310454,1.7,0.397531631045405,3.61384284865252,0.482070259239008
0.37,2.08609049534718,1.7,0.386090495347175,3.71629514498827,0.506853243988839
0.38,2.07493928966352,1.7,0.374939289663522,3.81689268801057,0.532027735307942
0.39,2.06403387002988,1.7,0.364033870029882,3.91562298884564,0.557574959348555
0.4,2.05332372609872,1.7,0.353323726098716,4.01241373749915,0.58347531714677
0.41,2.04276693770645,1.7,0.342766937706455,4.10725954177141,0.609708145472243
0.42,2.03232661889972,1.7,0.332326618899723,4.20011037632245,0.636251879571922
0.43,2.02196944081775,1.7,0.321969440817746,4.29092663631977,0.663084161709563
0.44,2.01166608833532,1.7,0.311666088335324,4.37966369405529,0.690181903432117
0.45,2.00139081398755,1.7,0.301390813987548,4.46627559727659,0.717521363028303
0.46,1.99112120379365,1.7,0.291121203793648,4.55071483444214,0.745078214488735
0.47,1.98083311733548,1.7,0.280833117335481,4.63293050652685,0.772827708949511
0.48,1.97050735404148,1.7,0.27050735404148,4.71288565888707,0.800744590846027
0.49,1.96013511916937,1.7,0.260135119169368,4.7905274845496,0.828803049680305
0.5,1.94970669538447,1.7,0.249706695384472,4.86580580094621,0.856977010044585
0.51,1.93923302365644,1.7,0.239233023656439,4.93866975851177,0.885239738267578
0.52,1.92868370858855,1.7,0.228683708588552,5.00904588540899,0.913565169353441
0.53,1.91805795730555,1.7,0.218057957305546,5.07693442164431,0.941926452242436
0.54,1.90734991162569,1.7,0.207349911625691,5.14221974661935,0.970296688910528
0.55,1.89656222674636,1.70539720995446,0.191165016791895,5.18844679523934,0.998648876551087
0.56,1.88671710653787,1.71404713841392,0.172669968123944,5.2454137621092,1.02693414261352
0.57,1.87873861894706,1.72266294261522,0.156075676331837,5.30219517058632,1.05510782235179
0.58,1.87224135406286,1.73123967352803,0.141001680534829,5.35231994490405,1.08315373243667
0.59,1.86677747873252,1.73977246719101,0.127005011541508,5.39915925052761,1.11105596771461
0.6,1.8620760490532,1.74825508934975,0.113820959703458,5.44186921899349,1.13879414217367
0.61,1.85790981518387,1.75668089968392,0.101228915499954,5.48119202609407,1.16634654196641
0.62,1.85412323656714,1.76504273887966,0.0890804976874759,5.51710701567341,1.1936897561365
0.63,1.85056240539365,1.77333333482049,0.077229070573164,5.54972010125246,1.220800004863
0.64,1.84721056118384,1.78154484811086,0.0656657130729774,5.5795096472795,1.24765165332251
0.65,1.84393634183,1.78966991155391,0.0542664302760987,5.60592381430794,1.27422061078127
0.66,1.84070170019848,1.79770077799359,0.0430009222048853,5.62951504805399,1.30048154403905
0.67,1.83748127898062,1.80562972904731,0.0318515499333074,5.65007420408701,1.3264092139847
0.68,1.83423479246682,1.8134492171921,0.0207855752747204,5.66769763641506,1.35197894021818
0.69,1.83097139952048,1.82115159031139,0.00981980920909042,5.68249573919519,1.37716570031825
0.7,1.82759739012713,1.82872972598405,-0.00113233585692152,5.69416872519426,1.40194620396784
0.71,1.82424189837351,1.83617576090591,-0.0119338625323944,5.70338161688127,1.42629473816231
0.72,1.82073314606619,1.84348316388874,-0.0227500178225559,5.70917069788736,1.45018994591619
0.73,1.81713182568905,1.85064462931181,-0.0335128036227599,5.7125992250153,1.47360793784961
0.74,1.81363686937929,1.85765244967235,-0.0440155802930695,5.71325591974539,1.4965235104286
0.75,1.81011074348434,1.86450053007095,-0.0543897865866072,5.71065103054402,1.518916733332
0.76,1.8065500695136,1.87118234941674,-0.064632279903134,5.70538607440327,1.54076628259273
0.77,1.80262852068822,1.8776928041214,-0.0750642834331812,5.69692423490132,1.56205546947697
0.78,1.79900757825071,1.88402288883307,-0.0850153105823592,5.68686512664102,1.58275484648413
0.79,1.79513318100781,1.89016895610651,-0.0950357750987016,5.67255037355817,1.6028524864683
0.8,1.79089867616534,1.89612553208097,-0.105226855915622,5.65648621382489,1.62233048990476
0.81,1.78689158436636,1.90188441345218,-0.114992829085814,5.63800196903188,1.64116203198862
0.82,1.78277376896268,1.9074416683042,-0.124667899341516,5.61619365448688,1.65933425535473
0.83,1.7785625395045,1.91279197645565,-0.134229436951146,5.59217464352602,1.67682976300998
0.84,1.77423264729624,1.91793035752171,-0.143697710225466,5.5653961961064,1.69363226909598
0.85,1.76998165660908,1.92285112517068,-0.152869468561598,5.53633985120155,1.70972317930813
0.86,1.76566631313045,1.92755028623297,-0.16188397310252,5.50440764095088,1.72508943598181
0.87,1.76126749861622,1.932023509526,-0.170756010909776,5.4701714115319,1.73971687615001
0.88,1.75686966640568,1.93626619394482,-0.179396527539143,5.4335088766049,1.75359045419957
0.89,1.75246899040385,1.94027437982792,-0.187805389424072,5.39441067874025,1.7666972220373
0.9,1.74805322240233,1.94404434917048,-0.195991126768152,5.35291270187751,1.77902502178748
0.91,1.74361732782545,1.94757258220364,-0.203955254378193,5.30912682184876,1.79056234380592
0.92,1.73917040426378,1.95085569331459,-0.211685289050815,5.26306300113181,1.80129811713872
0.93,1.73471444760073,1.95389057040771,-0.21917612280698,5.214742073231,1.81122216523321
0.94,1.73025309977413,1.95667432014793,-0.226421220373806,5.16432113641748,1.82032502688374
0.95,1.72579109660058,1.95920427051222,-0.233413173911642,5.11174385181896,1.82859796457497
0.96,1.72129961932413,1.96147812323837,-0.240178503914244,5.05712591669809,1.83603346298948
0.97,1.7168245424213,1.9634934775792,-0.246668935157898,5.00047320698987,1.84262367168399
0.98,1.71234853049747,1.9652484795545,-0.252899949057035,4.94188002847541,1.84836252814321
0.99,1.70787515700877,1.96674140194226,-0.258866244933497,4.88120621613589,1.8532443843512
1,1.701084979801,1.96798579264866,-0.266900812847657,4.676565781792,1.85731354196112
1.01,1.6884009208521,1.96918366619363,-0.280782745341534,4.15605499280216,1.86123058845318
1.02,1.68138765134478,1.97042494868779,-0.289037297343016,3.87858522011356,1.86528958220909
1.03,1.67689402198014,1.97170903104545,-0.294815009065307,3.6838554748193,1.86948853151863
1.04,1.67390788803813,1.97302337786786,-0.299115489829729,3.53943805664922,1.87378644562791
1.05,1.67198265577905,1.97435420153023,-0.302371545751182,3.42050882858459,1.87813823900386
1.06,1.67090588243451,1.9756885873411,-0.30478270490659,3.31509041483218,1.88250168060539
1.07,1.67057099700993,1.97701518857616,-0.306444191566224,3.21718377842076,1.88683966664403
1.08,1.67092199713881,1.97832425856349,-0.307402261424678,3.12387729767898,1.8911203255026
1.09,1.67192748553608,1.97960765101173,-0.307680165475654,3.03381473901553,1.89531701880836
1.1,1.67356802461409,1.98085865159958,-0.307290626985486,2.946396256808,1.89940779073063
1.11,1.67583008609113,1.98207189691114,-0.306241810820013,2.86143741312972,1.90337510289942
1.12,1.67870285595623,1.98324316074933,-0.3045403047931,2.77892310042091,1.9072051356503
1.13,1.68217662203388,1.98436922814752,-0.302192606113641,2.69893563255454,1.91088737604238
1.14,1.68624192074117,1.98544776020304,-0.299205839461872,2.62159801036541,1.91441417586394
1.15,1.69088891317966,1.98647717598803,-0.295588262808369,2.54704958404979,1.91778036548086
1.16,1.6961069776272,1.98745654183643,-0.291349564209225,2.47543192870666,1.92098289180513
1.17,1.70188440437992,1.9883854796746,-0.286501075294681,2.40688169825709,1.92402051853596
1.18,1.70820815675683,1.98926407946898,-0.281055922712151,2.34152684089544,1.92689353986355
1.19,1.71506342149494,1.99009282400962,-0.275029402514684,2.27948318860206,1.92960353451146
1.2,1.72243342146133,1.99087252664369,-0.268439105182363,2.22085248085188,1.93215316212486
1.21,1.73029910555277,1.99160427270493,-0.261305167152162,2.16572058827975,1.93454597174513
1.22,1.73863900290149,1.99228937145046,-0.253650368548965,2.11415732521182,1.936786244643
1.23,1.74742891731163,1.99292931221222,-0.245500394900596,2.06621435052715,1.93887885093397
1.24,1.7566418654758,1.99352572111508,-0.236883855639282,2.02192528283127,1.94082910804632
1.25,1.76624800521466,1.99408033897924,-0.227832333764586,1.98130328033956,1.94264270846212
1.26,1.77621452515954,1.99459497647747,-0.218380451317932,1.9443466092661,1.94432557308134
1.27,1.78650613060984,1.99507151160269,-0.208565380992852,1.9110319230594,1.9458838429408
1.28,1.79708489240886,1.9955118389121,-0.198426946503238,1.88132463285855,1.94732371324256
1.29,1.80791079855221,1.99591787185797,-0.188007073305763,1.8551712016886,1.94865144097556
1.3,1.81894225198276,1.99629151076362,-0.177349258780866,1.8325072044292,1.94987324019704
1.31,1.83013667252499,1.996634646597,-0.166497974072015,1.81326065473324,1.95099529437219
1.32,1.84145084692454,1.99694912495363,-0.155498278029087,1.7973444848823,1.95202363859836
1.33,1.85284167331004,1.9972367460359,-0.144395072725861,1.78466848780694,1.95296415953738
1.34,1.86426697576079,1.99749926058675,-0.133232284825961,1.77514060664544,1.95382258211868
1.35,1.87568578664396,1.99773835962864,-0.122052572984682,1.76866085632535,1.95460443598566
1.36,1.8870588352995,1.99795563463781,-0.110896799338308,1.76512932362912,1.95531492526564
1.37,1.89834912960162,1.99815264166135,-0.0998035120597227,1.76444247271425,1.95595913823261
1.38,1.90951640710823,1.99833001057722,-0.0888136034689937,1.76649087266467,1.95653913458751
1.39,1.92054111341564,1.99849085498134,-0.0779497415656991,1.77118934880797,1.95706509578899
1.4,1.93138886246347,1.99863566396329,-0.0672468014998158,1.77842596459261,1.95753862115994
1.41,1.94203325666853,1.99876561965016,-0.056732362981631,1.78809696911434,1.95796357625602
1.42,1.95245145239244,1.99888189997069,-0.0464304475782453,1.80010337233872,1.95834381290415
1.43,1.96262323843344,1.99898558631259,-0.0363623478791488,1.81434094248127,1.95868286724217
1.44,1.97253103065276,1.99907771283507,-0.0265466821823144,1.83070900845542,1.95898412097068
1.45,1.98215970617189,1.99915923591096,-0.0169995297390684,1.84910512367537,1.95925070142885
1.46,1.99149640591427,1.99923105172928,-0.00773464581501293,1.8694286231031,1.95948553915476
1.47,2.00053039522817,1.99929399830306,0.00123639692511657,1.89157836085781,1.959691374451
1.48,2.00925282559957,1.9993488562839,0.00990396931567217,1.91545415463424,1.95987076004836
1.49,2.01765520609723,1.99939622147501,0.0182589846222156,1.94095303147678,1.9600256442233
1.5,2.02573295795113,1.99943689769782,0.0262960602533127,1.96797766208795,1.96015865547187
1.51,2.03348200247422,1.99947154599101,0.03401045648321,1.99642890921227,1.9602719553906
1.52,2.0409006261693,1.99950089810796,0.0413997280613412,2.02621071826164,1.96036793681302
1.53,2.04798527443971,1.9995253355301,0.0484599389096108,2.0572232479632,1.96044784718342
1.54,2.05473474016456,1.99954536584579,0.055189374318767,2.08936967434491,1.96051334631573
1.55,2.06114862848849,1.99956146072229,0.0615871677661992,2.12255401282029,1.9605659765619
1.56,2.06722597201237,1.99957393394653,0.0676520380658334,2.15667904561067,1.96060676400517
1.57,2.07296916653651,1.99958334913962,0.0733858173968893,2.19165313657058,1.96063755168656
1.58,2.0783794578262,1.9995900588563,0.0787893989698953,2.22738295465659,1.9606594924601
1.59,2.08345905266769,1.99959443448175,0.0838646181859408,2.26377741203385,1.96067380075532
1.6,2.08820970524338,1.99959673526981,0.0886129699735667,2.30074514960739,1.96068132433228
1.61,2.0926354493705,1.99959738534815,0.0930380640223496,2.33819918223029,1.96068345008844
1.62,2.09673827874152,1.99959654659904,0.0971417321424743,2.37605085421003,1.96068070737887
1.63,2.10052153213363,1.99959446910736,0.100927063026267,2.41421395986801,1.96067391398107
1.64,2.10398881544715,1.99959138247675,0.104397432970405,2.45260397613712,1.96066382069896
1.65,2.10714324941745,1.99958742265774,0.107555826759713,2.49113727523564,1.9606508720908
1.66,2.10998980922243,1.99958287988971,0.11040692933272,2.5297332335734,1.96063601723936
1.67,2.11253267495058,1.99957790981248,0.112954765138096,2.56831281262706,1.96061976508681
1.68,2.11477649146775,1.99957268781482,0.115203803652923,2.60679870621986,1.96060268915448
1.69,2.11672586392796,1.99956733798561,0.117158525942342,2.64511536672351,1.96058519521296
1.7,2.11838584371294,1.99956201027071,0.118823833442236,2.68318946861586,1.96056777358522
1.71,2.11976170506355,1.99955684636535,0.120204858698207,2.72095003872665,1.96055088761468
1.72,2.12085830359254,1.99955185879295,0.121306444799587,2.75832731978484,1.96053457825295
1.73,2.12168146545086,1.99954720605054,0.122134259400325,2.79525480091604,1.96051936378525
1.74,2.122236855862,1.99954295681322,0.122693899048782,2.83166785811554,1.96050546877921
1.75,2.12253042963686,1.99953918067767,0.122991248959192,2.86750462764183,1.96049312081598
1.76,2.12256831647326,1.99953595090258,0.123032365570677,2.9027053855618,1.96048255945145
1.77,2.12235689339814,1.99953331192935,0.122823581468792,2.93721333759292,1.96047393000897
1.78,2.12190269033779,1.99953131716338,0.122371373174408,2.97097399609516,1.96046740712425
1.79,2.12121253072269,1.99952999937993,0.121682531342754,3.00393594384646,1.96046309797238
1.8,2.12029338726285,1.99952939288034,0.120763994382513,3.03605027358223,1.96046111471871
1.81,2.11915249979496,1.99952951944521,0.119622980349755,3.06727112757628,1.96046152858583
1.82,2.11779729556476,1.99953039878113,0.11826689678363,3.09755542617965,1.96046440401429
1.83,2.11623545269907,1.99953204181822,0.11670341088085,3.12686316246033,1.96046977674559
1.84,2.11447483816403,1.99953445613162,0.114940382032409,3.15515724492201,1.96047767155041
1.85,2.1125235548987,1.99953764284711,0.112985912051585,3.18240369682873,1.96048809211006
1.86,2.11038989282641,1.99954159937251,0.110848293453906,3.20857155224554,1.9605010299481
1.87,2.1080823545583,1.99954631818174,0.108536036376558,3.2336329753151,1.9605164604543
1.88,2.1056096206178,1.99955178814113,0.106057832476669,3.25756319455848,1.96053434722149
1.89,2.10298055432839,1.99955799425261,0.103422560075778,3.28034055358228,1.96055464120605
1.9,2.10020388783742,1.99956492246283,0.100638965374588,3.30194593162511,1.96057729645346
1.91,2.0972891675903,1.99957254439174,0.0977166231985533,3.32236443827968,1.960602220161
1.92,2.09424563568872,1.9995808375445,0.0946647981442192,3.34158349970595,1.96062933877053
1.93,2.09108257307288,1.9995897771399,0.0914927959329823,3.35959337828508,1.96065857124747
1.94,2.087809574031,1.99959933332884,0.0882102407021625,3.37638770555843,1.96068981998529
1.95,2.08443609869538,1.99960947662734,0.0848266220680483,3.39196259695759,1.96072298857139
1.96,2.08097147823943,1.99962017609498,0.0813513021444465,3.40631648192433,1.96075797583059
1.97,2.07742597700414,1.99963139391293,0.0777945830912183,3.41945292791868,1.96079465809527
1.98,2.07380881008967,1.99964309868501,0.0741657114046652,3.43137518517622,1.96083293269998
1.99,2.07012929551518,1.99965525560687,0.0704740399083099,3.44209004698959,1.96087268583445
2,2.06639710791926,1.99966782698484,0.0667292809344286,3.45160666878849,1.96091379424041
2.01,2.06262172236019,1.9996807760427,0.0629409463174879,3.45993805282782,1.96095613765964
2.02,2.05881235797187,1.99969406653113,0.0591182914407362,3.46709885768233,1.9609995975568
2.03,2.054978167026,1.99970766116856,0.0552705058574396,3.47310362340027,1.9610440520212
2.04,2.05112810603764,1.99972152312699,0.0514065829106432,3.47797137959186,1.96108938062527
2.05,2.04727188167581,1.99973561623079,0.0475362654450211,3.48172423170021,1.9611354650747
2.06,2.04341689408868,1.99974990523604,0.0436669888526409,3.48438172359873,1.96118219012186
2.07,2.03957202196016,1.99976435437664,0.0398076675835226,3.48596900833673,1.9612294388116
2.08,2.03574511184559,1.99977892836229,0.0359661834832947,3.4865109127851,1.9612770957447
2.09,2.03194398881608,1.99979359292889,0.0321503958871967,3.48603430587625,1.96132504887746
2.1,2.02817584956556,1.99980831364997,0.0283675359155899,3.48456677778787,1.96137318563539
2.11,2.02444778093203,1.9998230564262,0.0246247245058342,3.48213746621569,1.96142139451367
2.12,2.02076669775234,1.99983778903551,0.0209289087168263,3.47877693286468,1.96146957014613
2.13,2.01713937129495,1.99985248108433,0.0172868902106247,3.47451702236199,1.96151761314575
2.14,2.01357187718708,1.9998671013992,0.0137047757878797,3.4693899417133,1.96156542157538
2.15,2.01006953092629,1.99988161771382,0.0101879132124734,3.46342798629635,1.96161288992418
2.16,2.00663877476784,1.99989600664744,0.00674276812040153,3.45666660239712,1.96165994173714
2.17,2.00328486984549,1.9999102418394,0.00337462800609001,3.44914058567812,1.96170649081482
2.18,2.00001275110296,1.99992429792114,8.84531818157175e-05,3.44088543662559,1.96175245420214
2.19,1.99682699231689,1.99993815087781,-0.00311115856091893,3.43193638301735,1.96179775337043
2.2,1.99373187143532,1.99995177768406,-0.00621990624874269,3.42233231755104,1.96184231302688
2.21,1.99073132572387,1.99996515636032,-0.00923383063644767,3.41210685136526,1.96188606129824
2.22,1.98782896802834,1.99997826615884,-0.0121492981305034,3.40129819775485,1.96192893033942
2.23,1.98502808694941,1.99999108751004,-0.0149630005606323,3.38994328884269,1.96197085615784
2.24,1.98233167341083,2.00000360171342,-0.0176719283025983,3.37807650546863,1.9620117776029
2.25,1.97974238715447,2.00001579167058,-0.0202734045161088,3.36574118903584,1.96205163876279
2.26,1.97726258355553,2.00002764132635,-0.0227650577708121,3.35297012273062,1.96209038713715
2.27,1.97489432536292,2.00003913574854,-0.0251448103856209,3.33980395760372,1.96212797389773
2.28,1.97263936845195,2.00005026071316,-0.0274108922612153,3.32627166237402,1.96216435253204
2.29,1.97049926456042,2.00006100327151,-0.0295617387110956,3.31241842958219,1.96219948069785
2.3,1.96847523720385,2.00007135225107,-0.0315961150472241,3.29827781695441,1.96223332186101
2.31,1.96656825482512,2.00008129708608,-0.0335130422609624,3.28388484177622,1.9622658414715
2.32,1.9647789217106,2.00009082645134,-0.0353119047407491,3.26927546195216,1.9622970024959
2.33,1.96310787015562,2.00009993496736,-0.0369920648117417,3.254485155816,1.96232678734328
2.34,1.96155503036625,2.00010861013915,-0.0385535797728929,3.23954753727516,1.96235515515501
2.35,1.96012057878217,2.00011684850301,-0.0399962697208451,3.22449780013308,1.96238209460485
2.36,1.95880427691124,2.00012464536574,-0.0413203684544972,3.20936850882838,1.96240759034596
2.37,1.95760549403325,2.00013199281477,-0.0425264987815264,3.19419200540023,1.96243161650431
2.38,1.9565236625873,2.00013888923563,-0.0436152266483316,3.1790007040104,1.96245416780051
2.39,1.95555798237532,2.00014533471965,-0.0445873523443321,3.16382662823828,1.96247524453327
2.4,1.95470715875484,2.00015132150987,-0.0454441627550293,3.14869779468151,1.96249482133727
2.41,1.95397002976237,2.00015685219941,-0.0461868224370394,3.13364621021038,1.96251290669207
2.42,1.95334518768922,2.00016192895821,-0.0468167412689884,3.11869951789979,1.96252950769335
2.43,1.95283088218879,2.0001665480471,-0.0473356658583108,3.10388480211279,1.96254461211402
2.44,1.95242537024822,2.00017071390343,-0.0477453436552044,3.08922874720773,1.9625582344642
2.45,1.95212669456769,2.00017442928062,-0.0480477347129304,3.07475873972887,1.96257038374762
2.46,1.95193275002328,2.00017769885856,-0.048244948835285,3.06049845975942,1.96258107526751
2.47,1.95184121744677,2.00018052435365,-0.0483393069068747,3.04647107138412,1.96259031463642
2.48,1.95184972380071,2.00018291232774,-0.0483331885270335,3.03270003621574,1.96259812331171
2.49,1.95195573972124,2.00018486856715,-0.0482291288459102,3.01920684639173,1.96260452021459
2.5,1.95215660338594,2.00018639966283,-0.0480297962768936,3.00601234632882,1.96260952689746
2.51,1.95244950716544,2.00018751304032,-0.0477380058748724,2.9931343873196,1.96261316764183
2.52,1.95283156522241,2.00018821660674,-0.047356651384338,2.9805927433757,1.96261546830405
2.53,1.95329979507434,2.00018851890536,-0.0468887238310163,2.96840432106133,1.96261645682052
2.54,1.9538510989903,2.00018842933975,-0.0463373303494443,2.95658833326739,1.96261616394097
2.55,1.95448227950597,2.00018795748361,-0.0457056779776455,2.94514846860428,1.96261462097141
2.56,1.95519006355183,2.00018711413424,-0.0449970505824149,2.93411253617073,1.96261186321897
2.57,1.95597113588206,2.00018590971817,-0.0442147738361078,2.92348188020332,1.96260792477842
2.58,1.9568220559172,2.00018435614052,-0.0433623002233201,2.91327659885463,1.96260284457951
2.59,1.9577393829553,2.00018246484909,-0.0424430818937891,2.90349918663593,1.96259666005652
2.6,1.95871958564465,2.00018024845556,-0.0414606628109131,2.89416508677339,1.96258941244968
2.61,1.95975912256691,2.00017771939214,-0.0404185968252275,2.88527947936438,1.96258114241229
2.62,1.96085439669937,2.0001748906075,-0.0393204939081324,2.87684587027773,1.96257189228654
2.63,1.96200176994922,2.00017177564517,-0.0381700056959469,2.8688757100857,1.96256170635969
2.64,1.96319765341587,2.00016838780076,-0.0369707343848868,2.86137098471976,1.96255062810848
2.65,1.96443833060138,2.00016474129009,-0.0357264106887192,2.8543346555506,1.96253870401861
2.66,1.96572021843444,2.00016084974834,-0.0344406313139025,2.84777096334278,1.96252597867709
2.67,1.96703961006742,2.00015672772056,-0.0331171176531417,2.84167977440297,1.96251249964625
2.68,1.96839288711142,2.00015238941348,-0.0317595023020609,2.83606201161859,1.96249831338209
2.69,1.96977643540518,2.00014784921254,-0.0303714138073621,2.83091719024063,1.962483466925
2.7,1.9711866613163,2.00014312160529,-0.0289564602889958,2.82624376964737,1.96246800764931
2.71,1.97262000819112,2.00013822107893,-0.0275182128878149,2.82203933139783,1.96245198292811
2.72,1.97407263409006,2.00013316288538,-0.0260605287953239,2.81829974927615,1.96243544263521
2.73,1.97554130849909,2.00012796015173,-0.0245866516526427,2.81502153800006,1.96241842969617
2.74,1.97702268730045,2.00012262704166,-0.0230999397412119,2.81219959272665,1.96240099042622
2.75,1.97851344093889,2.00011717794307,-0.0216037370041802,2.80982811658673,1.96238317187385
2.76,1.98001022169152,2.00011162720314,-0.0201014055116167,2.80790037952028,1.96236502095427
2.77,1.98150985692608,2.00010598888055,-0.0185961319544672,2.80640908803264,1.96234658363938
2.78,1.98300919237188,2.0001002768998,-0.0170910845279235,2.80534621400197,1.96232790546234
2.79,1.98450508758528,2.00009450490032,-0.0155894173150433,2.80470279144327,1.96230903102405
2.8,1.98599461387574,2.00008868600316,-0.0140940721274183,2.8044696683376,1.96229000323033
2.81,1.98747484403828,2.00008283384118,-0.0126079898028932,2.80463668637801,1.96227086666065
2.82,1.9889430079827,2.0000769610161,-0.0111339530333969,2.80519342582972,1.96225166252265
2.83,1.99039659428943,2.00007108051414,-0.00967448622470823,2.80612917225308,1.96223243328124
2.84,1.99183284475093,2.00006520466037,-0.00823235990944271,2.80743212087043,1.96221321923942
2.85,1.9932493049164,2.00005934517599,-0.00681004025958365,2.80909040129069,1.96219405872548
2.86,1.99464358168558,2.00005351375955,-0.00540993207396889,2.81109154473865,1.96217498999374
2.87,1.99601331675775,2.00004772114972,-0.00403440439197,2.81342272638022,1.96215604815958
2.88,1.99735639576923,2.00004197860276,-0.00268558283352771,2.81607086413145,1.96213727003103
2.89,1.99867083345097,2.00003629698778,-0.00136546353681211,2.81902271203696,1.96211869115004
2.9,1.99995454325182,2.00003068577675,-7.61425249322656e-05,2.82226429308174,1.96210034248998
2.91,2.00120578714653,2.00002515451557,0.00118063263096202,2.82578189985824,1.96208225526591
2.92,2.00242280653766,2.00001971263375,0.00240309390390925,2.82956126321756,1.96206446031235
2.93,2.00360400236022,2.00001436858081,0.00358963377940924,2.83358813096348,1.96204698525926
2.94,2.00474817147323,2.00000913380228,0.00473903767094397,2.83784855649764,1.96202986753346
2.95,2.00585363455509,2.00000401291513,0.00584962163996128,2.84232751194764,1.96201312223248
2.96,2.00691889758098,1.99999901090277,0.0069198866782143,2.84700995823813,1.96199676565205
2.97,2.00794308282827,1.99999413787876,0.0079489449495167,2.85188165376486,1.96198083086353
2.98,2.00892533985408,1.99998940251931,0.00893593733476528,2.85692809690845,1.96196534623816
2.99,2.00986453673255,1.99998480825124,0.0098797284813088,2.86213460434914,1.96195032298155
3,2.01075986664936,1.99998036079454,0.0107795058548177,2.86748642070949,1.96193577979816
3.01,2.01161063127324,1.99997606544192,0.0116345658313208,2.87296901790712,1.96192173399507
3.02,2.01241624120852,1.99997192703985,0.0124443141686705,2.87856797150115,1.9619082014203
3.03,2.01317621387766,1.9999679499944,0.0132082638832576,2.88426898593799,1.96189519648169
3.04,2.01389017089429,1.99996413828032,0.013926032613965,2.89005791607393,1.96188273217666
3.05,2.01455783673261,1.9999604954377,0.014597341294905,2.89592080071721,1.9618708200813
3.06,2.01517903615463,1.99995702457954,0.0152220115750894,2.90184387899184,1.96185947037508
3.07,2.01575369210458,1.99995372839451,0.0157999637100765,2.90781361680114,1.96184869185003
3.08,2.01628182316935,1.9999506091533,0.0163312140160441,2.91381672614358,1.9618384919313
3.09,2.0167635410907,1.99994766871408,0.016815872376621,2.91984018670034,1.96182887669503
3.1,2.01719904808973,1.99994490852926,0.0172541395604724,2.92587126468438,1.96181985089068
3.11,2.01758863413762,1.99994232965259,0.0176463044850248,2.93189753153725,1.96181141796398
3.12,2.01793267411608,1.99993993274693,0.0179927413691534,2.93790688113109,1.96180358008245
3.13,2.01823162490659,1.99993771809243,0.018293906814155,2.94388754614213,1.96179633816225
3.14,2.01848602239822,1.99993568559542,0.0185503368027984,2.94982811324813,1.96178969189702
3.15,2.01869647842989,1.9999338347976,0.018762643632285,2.95571753731558,1.96178363978815
3.16,2.01886367766838,1.99993216488586,0.0189315127825194,2.96154515448768,1.96177817917677
3.17,2.0189883744303,1.99993067470247,0.0190576997278309,2.96730069421245,1.96177330627708
3.18,2.01907138945391,1.99992936275571,0.0191420266982005,2.97297429019261,1.96176901621116
3.19,2.01911360662563,1.99992822723092,0.019185379394713,2.97855649026565,1.96176530304511
3.2,2.01911596966873,1.99992726600195,0.0191887036667793,2.98403826521685,1.96176215982638
3.21,2.01907947879837,1.99992647664291,0.0191530021554653,2.98941101652978,1.9617595786223
3.22,2.01900518735034,1.99992585644027,0.0190793309100681,2.99466658308372,1.96175755055968
3.23,2.01889419838805,1.99992540240531,0.0189687959827369,2.99979724680589,1.96175606586536
3.24,2.01874766164998,1.99992511128405,0.0188225503659267,3.00479573960701,1.96175511389885
3.25,2.01856676882433,1.99992497958042,0.0186417892439061,3.00965523695287,1.96175468322797
3.26,2.01835275202366,1.99992500355422,0.0184277484694415,3.01436937853411,1.9617547616223
3.27,2.01810687886096,1.9999251792466,0.0181816996143609,3.01893225155365,1.96175533613637
3.28,2.0178304499341,1.99992550248636,0.0179049474477364,3.02333840405179,1.96175639313041
3.29,2.01752486302345,1.99992596730624,0.0175988957172082,3.02758312777611,1.96175791309142
3.3,2.01719140225158,1.99992657161716,0.0172648306344196,3.03166143095272,1.96175988918812
3.31,2.01683148323162,1.99992730969372,0.0169041735378981,3.03556948468054,1.96176230269848
3.32,2.01644635893729,1.99992817913846,0.0165181797988285,3.03930308352458,1.96176514578276
3.33,2.01603767260552,1.99992917080338,0.0161085018021445,3.04286024451273,1.96176838852704
3.34,2.01560672656789,1.99993028187825,0.0156764446896347,3.04623718316888,1.96177202174188
3.35,2.01515496350438,1.99993150695562,0.0152234565487637,3.04943192069647,1.96177602774488
3.36,2.01468383745773,1.99993284048893,0.0147509969688007,3.0524425498031,1.96178038839879
3.37,2.01419477188887,1.99993427722397,0.0142604946649052,3.05526759146106,1.96178508652238
3.38,2.01368922756604,1.99993581142506,0.013753416140986,3.05790599376319,1.96179010335994
3.39,2.01316863611231,1.99993743752041,0.0132311985919009,3.06035710055286,1.96179542069173
3.4,2.01263443598585,1.99993914983795,0.0126952861478942,3.06262066454993,1.9618010199701
3.41,2.01208809282813,1.99994094252252,0.0121471503056179,3.06469690046332,1.96180688204863
3.42,2.01153098563549,1.99994281015729,0.0115881754782015,3.06658624784325,1.96181298921433
3.43,2.01096452676979,1.99994474695229,0.0110197798175067,3.06828961192276,1.96181932253397
3.44,2.01039009417165,1.99994674725725,0.0104433469143994,3.06980821467197,1.9618258635312
3.45,2.00980901336403,1.99994880549015,0.00986020787388542,3.0711435465222,1.96183259395277
3.46,2.00922273240998,1.99995091555673,0.00927181685325174,3.07229772262701,1.96183949387051
3.47,2.00863247681425,1.99995307229642,0.00867940451783422,3.07327279232776,1.96184654640928
3.48,2.00803957855146,1.99995526999484,0.00808430855661624,3.07407132638577,1.96185373288314
3.49,2.0074453319783,1.99995750306708,0.00748782891122746,3.07469623691538,1.96186103502934
3.5,2.00685098868789,1.99995976585526,0.00689122283263321,3.07515067395635,1.9618684343467
3.51,2.00625771918878,1.99996205351754,0.00629566567123185,3.07543787412775,1.96187591500237
3.52,2.00566674522117,1.9999643603675,0.00570238485366459,3.07556164453311,1.96188345840173
3.53,2.00507917675963,1.99996668146108,0.00511249529855062,3.07552575795546,1.96189104837774
3.54,2.00449611616637,1.99996901154309,0.00452710462328088,3.07533431039995,1.96189866774592
3.55,2.0039186498135,1.99997134578924,0.00394730402425858,3.07499163705267,1.96190630073081
3.56,2.00334778474641,1.99997367911428,0.00337410563213347,3.07450225022803,1.96191393070368
3.57,2.00278451824676,1.99997600694089,0.00280851130587045,3.07387081314961,1.9619215426967
3.58,2.00222985783419,1.99997832457975,0.00225153325443661,3.07310230886188,1.96192912137579
3.59,2.00168466919042,1.99998062765699,0.00170404153342973,3.07220166452647,1.96193665243834
3.6,2.00114976803058,1.99998291198467,0.00116685604591504,3.07117391860382,1.96194412218987
3.61,2.00062603853611,1.99998517332619,0.000640865209923458,3.07002455119294,1.96195151677664
3.62,2.00011425393631,1.99998740754888,0.000126846387427548,3.06875886696651,1.96195882268484
3.63,1.99961515783922,1.99998961057318,-0.000374452733954422,3.06738244510314,1.9619660265743
3.64,1.99912944791715,1.99999177927066,-0.000862331353504775,3.06590081042194,1.96197311821504
3.65,1.99865774315022,1.99999390974776,-0.00133616659754532,3.06431965813589,1.96198008487518
3.66,1.99820069302875,1.99999599900681,-0.00179530597806576,3.06264470038065,1.96198691675227
3.67,1.99775883130312,1.99999804356006,-0.00223921225694146,3.06088168942051,1.96199360244141
3.68,1.99733266563688,2.00000004051821,-0.0026673748813304,3.05903648086078,1.96200013249455
3.69,1.99692266442547,2.00000198692933,-0.00307932250386744,3.05711480618369,1.96200649725892
3.7,1.99652925766729,2.00000387982991,-0.00347462216262673,3.05512253529603,1.96201268704382
3.71,1.99615281462711,2.00000571724367,-0.00385290261655946,3.05306549142377,1.96201869538679
3.72,1.99579367739277,2.00000749666603,-0.00421381927325992,3.0509494577233,1.96202451409792
3.73,1.99545213590651,2.00000921600183,-0.00455708009532563,3.04878023441037,1.96203013632599
3.74,1.99512844461299,2.00001087326423,-0.00488242865124056,3.04656356226047,1.96203555557403
3.75,1.9948228155219,2.00001246656787,-0.00518965104596458,3.04430516001481,1.96204076567692
3.76,1.99453539136938,2.00001399447855,-0.00547860310917114,3.04201061103143,1.96204576194486
3.77,1.99426631818022,2.00001545536067,-0.00574913718044989,3.03968553392803,1.9620505390294
3.78,1.99401565357755,2.00001684812517,-0.0060011945476266,3.0373353615162,1.96205509336932
3.79,1.99378346946151,2.00001817151936,-0.00623470205784815,3.03496555158782,1.96205942086831
3.8,1.99356975535725,2.00001942466154,-0.00644966930428992,3.03258137809536,1.96206351864323
3.81,1.99337447911965,2.00002060679968,-0.00664612768003159,3.03018804223246,1.96206738423495
3.82,1.99319757069565,2.00002171730275,-0.00682414660710129,3.02779062961336,1.96207101557998
3.83,1.99303892584073,2.00002275574406,-0.00698382990332735,3.02539410637814,1.96207441128307
3.84,1.99289839994777,2.00002372173769,-0.00712532178991698,3.02300329143907,1.96207757008223
3.85,1.9927758208453,2.00002461556416,-0.00724879471885975,3.02062291678225,1.96208049289479
3.86,1.99267099960826,2.00002543662667,-0.00735443701841332,3.01825755875476,1.96208317776922
3.87,1.9925836900465,2.00002618531811,-0.00744249527161434,3.0159116051888,1.96208562599022
3.88,1.99251361814862,2.00002686205609,-0.00751324390747121,3.01358934148526,1.96208783892341
3.89,1.99246050179107,2.00002746751021,-0.00756696571914461,3.01129487402468,1.96208981875839
3.9,1.99242402035373,2.00002800180285,-0.00760398144911889,3.00903217245535,1.96209156589531
3.91,1.99240384161381,2.00002846570791,-0.00762462409410158,3.00680503783151,1.96209308286487
3.92,1.99239956985015,2.00002886023589,-0.00762929038573734,3.00461704753684,1.96209437297135
3.93,1.99241082509483,2.0000291862605,-0.00761836116567527,3.00247168201341,1.96209543907184
3.94,1.99243719506423,2.00002944484076,-0.00759224977652995,3.00037221707817,1.96209628462928
3.95,1.99247824257414,2.00002963717795,-0.00755139460381127,2.99832175681451,1.96209691357189
3.96,1.99253351853257,2.00002976449979,-0.00749624596721721,2.99632322445708,1.96209732991431
3.97,1.99260254522721,2.00002982825296,-0.00742728302574935,2.99437936570941,1.96209753838717
3.98,1.99268483426308,2.00002983000866,-0.00734499574557201,2.99249271142273,1.9620975441283
3.99,1.99277988988692,2.00002977113288,-0.00724988124595827,2.99066570805751,1.96209735160452
4,1.9928872036819,2.00002965316267,-0.00714244948076548,2.98890054615288,1.96209696584192
4.01,1.99300623559998,2.00002947814607,-0.00702324254609343,2.98719918997408,1.96209639353765
4.02,1.99313644172883,2.00002924773948,-0.00689280601065034,2.98556350084572,1.96209564010811
4.03,1.99327732780368,2.00002896352707,-0.00675163572338988,2.98399526976508,1.96209471073351
4.04,1.99342827746507,2.0000286278973,-0.00660035043222851,2.98249582002172,1.96209361322418
4.05,1.99358876511346,2.00002824251908,-0.00643947740561357,2.98106651307085,1.96209235303738
4.06,1.99375821309043,2.0000278095109,-0.0062695964204742,2.97970853133275,1.96209093710064
4.07,1.99393605267081,2.00002733101585,-0.00609127834503775,2.97842275268547,1.96208937242183
4.08,1.99412169210108,2.00002680930457,-0.00590511720349118,2.97720995077753,1.96208766642595
4.09,1.99431460156248,2.00002624614732,-0.00571164458484263,2.97607085468929,1.96208582490173
4.1,1.99451415638088,2.00002564413641,-0.00551148775553068,2.97500577942702,1.96208385632607
4.11,1.99471983769231,2.00002500506965,-0.0053051673773421,2.97401515202051,1.96208176657777
4.12,1.99493102836993,2.00002433148088,-0.0050933031109488,2.97309903098684,1.96207956394247
4.13,1.99514720594458,2.00002362532732,-0.00487641938273509,2.97225745578337,1.96207725482033
4.14,1.99536777427395,2.00002288907118,-0.00465511479723113,2.97149020142073,1.96207484726275
4.15,1.99559217550457,2.00002212493205,-0.00442994942748109,2.97079696580348,1.96207234852782
4.16,1.99581985692609,2.00002133520352,-0.00420147827742223,2.9701772615568,1.9620697661155
4.17,1.99605029138531,2.00002052197966,-0.00397023059435053,2.96963055376882,1.96206710687348
4.18,1.99628291575149,2.00001968768269,-0.00373677193120092,2.96915604024555,1.96206437872238
4.19,1.99651722883137,2.0000188343742,-0.00350160554283496,2.96875291964116,1.96206158840364
4.2,1.99675266386134,2.000017964605,-0.00326530074365894,2.9684201107849,1.96205874425834
4.21,1.99698878294154,2.00001708003542,-0.00302829709388197,2.96815664152176,1.96205585171584
4.22,1.99722503576301,2.00001618328921,-0.00279114752619392,2.96796121879234,1.96205291935571
4.23,1.99746096303369,2.00001527624977,-0.00255431321607391,2.96783254191481,1.96204995333673
4.24,1.99769609136488,2.00001436097334,-0.00231826960846004,2.96776919499731,1.96204696038283
4.25,1.99792996617999,2.00001343978813,-0.00208347360813188,2.96776966282742,1.96204394810717
4.26,1.99816214079973,2.00001251453148,-0.00185037373175501,2.96783231941079,1.96204092251795
4.27,1.99839219540069,2.00001158717423,-0.0016193917735472,2.96795549758431,1.96203789005974
4.28,1.99861969426555,2.00001065978057,-0.00139096551502038,2.96813736152649,1.96203485748248
4.29,1.99884427459179,2.0000097341076,-0.00116545951580926,2.96837614098664,1.96203183053184
4.3,1.99906553567896,2.00000881203729,-0.000943276358335243,2.96866987894129,1.96202881536194
4.31,1.99928311546905,2.00000789531441,-0.000724779845362455,2.96901659290059,1.96202581767813
4.32,1.99949663966404,2.00000698579892,-0.000510346134886319,2.9694142118584,1.96202284356247
4.33,1.99970579629226,2.00000608507108,-0.000300288778813274,2.96986066152043,1.96201989818242
4.34,1.99991025883184,2.00000519480951,-9.49359776707404e-05,2.97035376318239,1.96201698702709
4.35,2.00010975698604,2.00000431641859,0.000105440567458537,2.97089142679221,1.96201411468878
4.36,2.00030404294947,2.00000345124609,0.000300591703388697,2.97147150375635,1.9620112855747
4.37,2.0004928104619,2.00000260085434,0.000490209607565628,2.97209161275476,1.96200850479368
4.38,2.00067578451409,2.00000176686541,0.00067401764867947,2.97274947397254,1.96200577764988
4.39,2.00085280130355,2.00000095025292,0.000851851050626351,2.97344291928016,1.96200310732706
4.4,2.00102360228986,2.00000015234014,0.00102344994972325,2.97416951724619,1.96200049815226
4.41,2.00118802547485,1.99999937420309,0.00118865127175427,2.97492703946095,1.96199795364412
4.42,2.00134593102405,1.99999861686123,0.00134731416281797,2.97571325246076,1.96199547713622
4.43,2.00149708855213,1.99999788154276,0.00149920700936912,2.97652561354618,1.96199307264482
4.44,2.00164142436295,1.99999716892286,0.00164425544008773,2.97736203168732,1.96199074237776
4.45,2.00177876924272,1.99999648019359,0.00178228904913769,2.97822004908589,1.96198849023303
4.46,2.0019090446848,1.99999581596377,0.00191322872102484,2.97909745627588,1.96198631820154
4.47,2.00203216012637,1.99999517697118,0.00203698315518919,2.97999196249527,1.96198422869575
4.48,2.00214805104857,1.9999945638553,0.00215348719327269,2.98090133435235,1.96198222380684
4.49,2.00225665531305,1.99999397724304,0.00226267807001657,2.98182333088942,1.96198030558473
4.5,2.00235795068473,1.99999341758885,0.00236453309588236,2.98275579602808,1.96197847551554
4.51,2.00245193318936,1.99999288520637,0.00245904798298979,2.9836966314353,1.96197673462484
4.52,2.00253857221959,1.99999238070591,0.00254619151367974,2.98464362123869,1.96197508490831
4.53,2.00261787653157,1.9999919043789,0.00262597215266647,2.98559472219226,1.96197352731901
4.54,2.00268987058899,1.99999145649864,0.00269841409034655,2.98654789574185,1.96197206275056
4.55,2.00275459244207,1.99999103724394,0.00276355519813043,2.98750115828825,1.96197069178768
4.56,2.00281209427379,1.99999064675054,0.00282144752325819,2.98845257215895,1.96196941487425
4.57,2.00286244140789,1.99999028508,0.0028721563278955,2.98940025479348,1.96196823221158
4.58,2.00290571212172,1.99998995224187,0.00291575987984771,2.99034237697497,1.96196714383092
4.59,2.00294199702502,1.99998964818195,0.00295234884307183,2.99127716798225,1.96196614955497
4.6,2.00297139862588,1.99998937279225,0.00298202583362372,2.99220291586096,1.96196524903067
4.61,2.00299403080191,1.99998912590734,0.00300490489457128,2.99311797063414,1.96196444171699
4.62,2.00301001828581,1.99998890730943,0.00302111097637403,2.9940207452819,1.96196372690184
4.63,2.00301949614485,1.99998871672805,0.00303077941679319,2.99490971790711,1.96196310370073
4.64,2.00302260923879,1.99998855384326,0.00303405539553214,2.99578343282741,1.96196257106746
4.65,2.00301951168853,1.99998841828665,0.00303109340187802,2.99664050209737,1.96196212779736
4.66,2.00301036632305,1.99998830964394,0.00302205667910416,2.99747960645715,1.96196177253569
4.67,2.00299534413738,1.99998822745655,0.00300711668083098,2.99829949638931,1.9619615037829
4.68,2.00297458629753,1.9999881714108,0.00298641488673157,2.99909888581751,1.96196132051332
4.69,2.00294831714626,1.99998814077047,0.0029601763757896,2.99987680314841,1.96196122031945
4.7,2.00291673113211,1.99998813494563,0.00292859618648245,3.00063217794363,1.9619612012722
4.71,2.00288002216059,1.99998815334606,0.00289186881453096,3.00136403842214,1.96196126144162
4.72,2.00283840185475,1.99998819528213,0.00285020657262591,3.00207151305081,1.96196139857256
4.73,2.00279206338854,1.99998826016832,0.00280380322021623,3.00275374724515,1.96196161075041
4.74,2.00274123693555,1.99998834718379,0.00275288975175814,3.00341002856213,1.961961895291
4.75,2.00268612894063,1.99998845566165,0.00269767327897608,3.00403966236095,1.9619622500136
4.76,2.00262695138306,1.99998858488337,0.00263836649968896,3.00464202522897,1.96196267256861
4.77,2.00256397490054,1.99998873378257,0.00257524111797203,3.00521668757432,1.96196315946899
4.78,2.00249734655622,1.99998890200854,0.00250844454767352,3.00576300710447,1.96196370956794
4.79,2.00242736899254,1.99998908829368,0.0024382806988581,3.00628079227365,1.96196431872033
4.8,2.00235422992772,1.99998929202297,0.00236493790474146,3.00676955937569,1.96196498491513
4.81,2.00227812872807,1.99998951252078,0.00228861620728771,3.00722904621932,1.96196570594296
4.82,2.0021993546838,1.99998974855213,0.00220960613166832,3.00765917769994,1.96196647776547
4.83,2.00211807237948,1.99998999963386,0.00212807274561566,3.00805966780506,1.96196729880272
4.84,2.00203456924131,1.99999026450869,0.00204430473262351,3.00843061287154,1.9619681649434
4.85,2.00194904852699,1.9999905424295,0.00195850609749471,3.00877190688534,1.96196907374446
4.86,2.00186172433421,1.99999083257218,0.00187089176202915,3.00908363507924,1.96197002251102
4.87,2.00177282973636,1.99999113397636,0.00178169576000697,3.00936589320489,1.96197100810268
4.88,2.00168256225065,1.99999144588895,0.00169111636170216,3.00961883886885,1.96197202805687
4.89,2.00159116273878,1.99999176726143,0.00159939547734655,3.0098427209696,1.96197307894488
4.9,2.0014988304166,1.99999209730173,0.00150673311486837,3.01003779497735,1.96197415817667
4.91,2.00140581446635,1.99999243486494,0.00141337960140686,3.01020445765706,1.96197526200836
4.92,2.0013122681738,1.99999277943035,0.00131948874345467,3.01034301110047,1.96197638873723
4.93,2.001218438258,1.99999312981677,0.00122530844122526,3.01045394006252,1.96197753450085
4.94,2.00112449021761,1.99999348539703,0.00113100482057549,3.01053767482519,1.9619786972483
4.95,2.0010306287149,1.99999384523836,0.00103678347653191,3.01059474001547,1.96197987392945
4.96,2.00093705065109,1.99999420842576,0.000942842225331919,3.01062571173828,1.96198106155223
4.97,2.00084392961944,1.99999457422672,0.000849355392720463,3.01063116942981,1.96198225772137
4.98,2.00075144483727,1.99999494182652,0.000756503010743925,3.01061175059234,1.96198345977273
4.99,2.00065976264891,1.99999531042399,0.000664452224925727,3.01056810852442,1.96198466508643
5,2.00048031544942,1.95357191989342,0.0469083955559917,3.11772237658437,1.8101801780515
5.01,1.99111136840948,1.95659911076441,0.0345122576450683,3.02313904496987,1.82007909219963
5.02,1.98235924193599,1.95940711593952,0.0229521259964692,3.02313904496987,1.82926126912223
5.03,1.97398883768572,1.96201251139217,0.0119763262935522,2.9872870393555,1.83778091225238
5.04,1.96601314309384,1.96442954522956,0.00158359786428175,2.96312633573904,1.84568461290067
5.05,1.95842506120256,1.96667130080494,-0.0082462396023848,2.93735046159869,1.85301515363217
5.06,1.95121934637679,1.96875000980147,-0.0175306634246789,2.93735046159869,1.8598125320508
5.07,1.94439058956403,1.97067696090183,-0.0262863713378065,2.88175847150377,1.86611366214899
5.08,1.93793334188459,1.97246264128888,-0.0345292994042912,2.85215967221873,1.87195283701465
5.09,1.93184211541131,1.97411678938911,-0.0422746739778024,2.82150714030841,1.87736190130239
5.1,1.92611139839469,1.97564845392323,-0.0495370555285455,2.82150714030841,1.88237044432897
5.11,1.92073567212585,1.97706604716326,-0.0563303750374116,2.75746904868008,1.88700597422387
5.12,1.91570936947438,1.97837740973685,-0.0626680402624717,2.72429155112528,1.89129412983951
5.13,1.91102697699113,1.97958982467884,-0.0685628476877129,2.69047528034016,1.89525872669982
5.14,1.90668284690725,1.98071009850006,-0.0740272515928113,2.65611893057458,1.8989220220952
5.15,1.90267136190096,1.98174454862152,-0.0790731867205634,2.65611893057458,1.90230467399238
5.16,1.89898684609434,1.98269911640867,-0.0837122703143292,2.58616217313064,1.90542611065634
5.17,1.89562364735761,1.98357929477099,-0.0879556474133874,2.55074468082872,1.90830429390115
5.18,1.89257603860751,1.98439022808022,-0.0918141894727107,2.51515174586394,1.91095604582233
5.19,1.88983824770764,1.98513671907668,-0.0952984713690416,2.51515174586394,1.91339707138076
5.2,1.88740444326029,1.98582325267074,-0.0984188094104479,2.44377788855582,1.91564203623332
5.21,1.88526870935364,1.98645401798284,-0.1011853086292,2.40815876925412,1.91770463880389
5.22,1.88342508537641,1.98703292798379,-0.103607842607377,2.37268976607295,1.91959767450699
5.23,1.88186750651902,1.98756363741651,-0.105696130897495,2.37268976607295,1.921333094352
5.24,1.88058983494101,1.98804956203292,-0.107459727091915,2.30249727774703,1.92292206784765
5.25,1.879585743077,1.98849389330273,-0.108908150225729,2.2679140116148,1.92437503109993
5.26,1.87884889611769,1.98889961206518,-0.110050715947491,2.23376433670238,1.92570173145315
5.27,1.87837272281873,1.98926950480055,-0.110896781981817,2.23376433670238,1.9269112806978
5.28,1.87815062237248,1.98960617256031,-0.111455550187823,2.16701339325206,1.9280121842722
5.29,1.87817574452864,1.98991204710553,-0.111736302576888,2.1345313990348,1.92901239403507
5.3,1.87844117950474,1.9901893972754,-0.111748217770656,2.1027213850143,1.92991932909056
5.31,1.87893979176392,1.99044034342639,-0.111500551662467,2.1027213850143,1.93073992300429
5.32,1.87966433640577,1.99066686362228,-0.111002527216512,2.04131891254552,1.93148064404486
5.33,1.88060736330791,1.99087080499899,-0.11026344169108,2.01182299965218,1.9321475323467
5.34,1.88176126064106,1.99105389047706,-0.109292629836001,1.98318947726962,1.93274622186
5.35,1.883118254404,1.99121772746408,-0.108099473060082,1.98318947726962,1.93328196880754
5.36,1.88467039403329,1.99136381462703,-0.10669342059374,1.9286682039387,1.93375967383038
5.37,1.88640956747024,1.99149354909942,-0.105083981629182,1.90285197091554,1.93418390555511
5.38,1.8883274960616,1.9916082326492,-0.103280736587592,1.87804120607102,1.93455892076287
5.39,1.89041574804526,1.99170907786227,-0.101293329817006,1.85426402059514,1.93488868460961
5.4,1.89266574188684,1.99179721368784,-0.0991314718009988,1.85426402059514,1.93517688875924
5.41,1.89506875757069,1.99187368897777,-0.0968049314070774,1.80990710274857,1.93542696295731
5.42,1.89761594743699,1.9919394833067,-0.094323535869709,1.78936842760981,1.9356421104129
5.43,1.90029836607925,1.99199550631356,-0.091697140234303,1.76994503537009,1.93582530564533
5.44,1.90310694648787,1.99204260024445,-0.088935653756582,1.76994503537009,1.93597930279936
5.45,1.90603258568755,1.99208154951341,-0.0860489638258648,1.73449318816063,1.93610666690886
5.46,1.90906607401317,1.99211308378693,-0.0830470097737572,1.71848197636899,1.93620978398326
5.47,1.91219817627776,1.99213787581911,-0.079939699541355,1.70362064037924,1.9362908539285
5.48,1.91541968289349,1.99215655487801,-0.0767368719845208,1.70362064037924,1.93635193445108
5.49,1.91872132413877,1.99216969880922,-0.0734483746704537,1.67735216770942,1.93639491510616
5.5,1.92209392943057,1.99217784656755,-0.0700839171369727,1.66594032109254,1.93642155827588
5.51,1.92552827285063,1.99218149282061,-0.0666532199699839,1.65567087034164,1.9364334815234
5.52,1.92901534743602,1.9921810983059,-0.0631657508698794,1.65567087034164,1.93643219146029
5.53,1.93254609773116,1.99217708713332,-0.0596309894021652,1.63851821557623,1.93641907492596
5.54,1.93611171442741,1.99216985154514,-0.0560581371177302,1.63161167226253,1.9363954145526
5.55,1.93970345876527,1.99215975189146,-0.0524562931261887,1.62580074523883,1.93636238868507
5.56,1.94331276990011,1.99214712071545,-0.0488343508153414,1.62580074523883,1.93632108473954
5.57,1.94693044501102,1.9921322086278,-0.0452017636167754,1.61739221162869,1.93627232221289
5.58,1.9505500029592,1.99211541468707,-0.0415654117278696,1.61475723919311,1.93621740602671
5.59,1.95416165102333,1.99209688381,-0.0379352327866653,1.61313711828344,1.93615681005869
5.6,1.95775851233178,1.9920769094666,-0.034318397134825,1.61313711828344,1.93609149395579
5.61,1.96133315387135,1.99205571015854,-0.0307225562871831,1.61284989547042,1.93602217221841
5.62,1.9648786740531,1.99203349370544,-0.0271548196523395,1.61413179860413,1.93594952441679
5.63,1.96838819753297,1.99201043892742,-0.0236222413944507,1.61632788583176,1.93587413529267
5.64,1.97185501418331,1.99198670745498,-0.0201316932716682,1.61940927407441,1.93579653337779
5.65,1.97527301073409,1.99196245282136,-0.0166894420872688,1.61940927407441,1.93571722072585
5.66,1.97863628257587,1.99193780956712,-0.0133015269912464,1.62810952820726,1.93563663728447
5.67,1.98193857976622,1.99191289143804,-0.00997431167182294,1.63366547977792,1.93555515500238
5.68,1.9851750043386,1.99188781822887,-0.0067128138902619,1.63998314425432,1.93547316560839
5.69,1.98834086373385,1.99186269220277,-0.00352182846891098,1.63998314425432,1.93539100350304
5.7,1.991430755886,1.99183759661306,-0.000406840727058322,1.65477235004497,1.9353089409247
5.71,1.99444027586036,1.99181261416444,0.00262766169592332,1.66317464936063,1.93522724831772
5.72,1.99736525834006,1.99178781982569,0.00557743851437653,1.67220580953817,1.93514617083
5.73,2.00020188204963,1.99176327989623,0.00843860215339351,1.67220580953817,1.93506592526069
5.74,2.00294664040645,1.99173905405203,0.0112075863544261,1.69200482456751,1.93498670675013
5.75,2.00559629807343,1.99171519544754,0.0138811026258914,1.70270607450577,1.93490868911346
5.76,2.00814798751315,1.99169175050032,0.0164562370128267,1.71389291099945,1.93483202413605
5.77,2.01059908392803,1.99166876043116,0.0189303234968692,1.71389291099945,1.9347568466099
5.78,2.01294725259599,1.9916462611856,0.021300991410395,1.73758121810021,1.9346832740769
5.79,2.01519045927212,1.99162428434758,0.0235661749245444,1.75001747034808,1.93461140981658
5.8,2.01732693179667,1.9916028569846,0.0257240748120786,1.76279677431972,1.93454134233963
5.81,2.0193551661102,1.99158200242053,0.0277731636896704,1.76279677431972,1.93447314791512
5.82,2.02127396775592,1.99156173993401,0.0297122278219082,1.7892540019357,1.93440688958423
5.83,2.02308229345395,1.99154208613671,0.0315402073172446,1.80286227740254,1.93434262166704
5.84,2.02477944799875,1.99152305413089,0.0332563938678514,1.81667833550103,1.93428038700802
5.85,2.0263649322502,1.99150465461573,0.0348602776344732,1.81667833550103,1.93422022059343
5.86,2.02783843623293,1.99148689611467,0.0363515401182639,1.84480249420361,1.93416215029496
5.87,2.02919992788834,1.99146978487324,0.0377301430150991,1.85904505727247,1.9341061965355
5.88,2.03044969984017,1.99145332305825,0.0389963767819212,1.87336582327234,1.93405236640046
5.89,2.03158806216501,1.99143751362586,0.0401505485391529,1.88773361446549,1.93400066955656
5.9,2.03261559601347,1.99142235724393,0.0411932387695413,1.90211654787229,1.93395110818765
5.91,2.03353315863662,1.99140785179078,0.0421253068458434,1.91648705116422,1.93390367535585
5.92,2.03434167971931,1.99139399537163,0.0429476843476813,1.93081502887272,1.93385836486524
5.93,2.03504240868365,1.99138078259808,0.0436616260855685,1.94507306889775,1.93381515909572
5.94,2.03563663311279,1.99136820914219,0.0442684239706026,1.94507306889775,1.93377404389495
5.95,2.03612589178962,1.99135626858223,0.0447696232073911,1.97326911118289,1.93373499826388
5.96,2.03651187280717,1.99134495371099,0.0451669190961752,1.98715655260568,1.93369799863494
5.97,2.03679638815639,1.99133425664632,0.0454621315100663,2.00086974720697,1.93366301923348
5.98,2.03698144126898,1.99132416832555,0.0456572729434303,2.00086974720697,1.93363003042454
5.99,2.0370691713732,1.99131467913891,0.0457544922342894,2.02767943805449,1.93359900078425
6,2.03706184670294,1.99130577884057,0.0457560678623721,2.04073286127318,1.93356989680867
6.01,2.03696181009716,1.99129745680933,0.0456643532878342,2.05352354198022,1.9335426837665
6.02,2.03677161814967,1.99128970133003,0.0454819168196448,2.05352354198022,1.9335173233492
6.03,2.036493898268,1.99128250074348,0.0452113975245214,2.06602790960351,1.93349377743117
6.04,2.03613137800731,1.99127584256558,0.0448555354417257,2.0901296320625,1.93347200518945
6.05,2.03568694729818,1.99126971405295,0.0444172332452371,2.10168646395498,1.93345196495314
6.06,2.03516346252828,1.99126410239847,0.0438993601298134,2.11289293424569,1.93343361484299
6.07,2.03456399102224,1.99125899389561,0.0433049971266271,2.12373400878755,1.93341691003864
6.08,2.03389162109414,1.99125437505966,0.0426372460344786,2.13420206838509,1.9334018064451
6.09,2.03314951232984,1.99125023198765,0.0418992803421863,2.14427987822614,1.93338825859962
6.1,2.0323408747413,1.99124655065492,0.0410943240863753,2.14427987822614,1.93337622064159
6.11,2.03146901198769,1.9912433166454,0.0402256953422809,2.15395771484949,1.93336564543047
6.12,2.03053726806791,1.9912405154317,0.0392967526362098,2.17207482697418,1.93335648546167
6.13,2.02954900355676,1.99123813268454,0.0383108708722111,2.18050236262078,1.93334869387846
6.14,2.02850767070667,1.99123615337977,0.0372715173269005,2.18849571106162,1.93334222155186
6.15,2.02741667032474,1.99123456296859,0.0361821073561501,2.19605138402575,1.9333370209073
6.16,2.02627946807927,1.99123334662278,0.0350461214564888,2.20316507495454,1.9333330434565
6.17,2.02509949673408,1.99123248968055,0.0338670070535319,2.2098330108675,1.9333302412554
6.18,2.02388028942545,1.99123197695827,0.0326483124671881,2.21605372879483,1.93332856465353
6.19,2.02262556242022,1.99123179818889,0.0313937642313299,2.21605372879483,1.93332798007767
6.2,2.02133847272743,1.99123193421602,0.0301065385114071,2.22182504569936,1.9333284248864
6.21,2.02002246728547,1.99123237039826,0.0287900968872115,2.23201916369642,1.9333298512023
6.22,2.01868068670067,1.99123308830968,0.0274475983909901,2.23644292751101,1.93333219877267
6.23,2.01731714869303,1.99123408171024,0.0260830669827838,2.2404220064802,1.9333354471925
6.24,2.01593448099096,1.99123532691098,0.0246991540799832,2.24395757949415,1.9333395189989
6.25,2.0145367605215,1.99123681885452,0.0232999416669748,2.24705537736464,1.9333443976543
6.26,2.01312682077339,1.99123853879124,0.0218882819821484,2.24971921688822,1.93335002184737
6.27,2.01170782409402,1.99124047237809,0.0204673517159245,2.24971921688822,1.93335634467636
6.28,2.01028306033006,1.99124260708088,0.0190404532491785,2.25195464840613,1.93336332515447
6.29,2.00885547715651,1.99124492823337,0.0176105489231366,2.25516663196567,1.93337091532313
6.3,2.00742809078396,1.99124742231493,0.0161806684690298,2.25615757857219,1.93337907096982
6.31,2.00600380314603,1.99125007611796,0.0147537270280742,2.25674931812202,1.93338774890573
6.32,2.00458545066458,1.99125287728489,0.013332573379691,2.25695061850997,1.93339690872159
6.33,2.00317584243625,1.99125581230495,0.0119200301313049,2.25677115973948,1.93340650623718
6.34,2.00177757566013,1.9912588687769,0.0105187068832304,2.25622064900548,1.93341650090047
6.35,2.00039320622126,1.99126203388794,0.00913117233332085,2.25622064900548,1.93342685081355
6.36,1.99902517599789,1.99126529536608,0.00775988063181433,2.25530966004415,1.93343751584708
6.37,1.99767592855841,1.99126864214527,0.00640728641314636,2.25245006897963,1.93344845981502
6.38,1.99634777418811,1.99127206287724,0.00507571131086881,2.25052480091071,1.93345964560858
6.39,1.99504279706273,1.99127554535188,0.00376725171085024,2.2482851256676,1.93347103330066
6.4,1.99376320339523,1.99127908075652,0.00248412263871622,2.24574374326063,1.93348259407381
6.41,1.99251082270874,1.99128265662192,0.00122816608681453,2.24291314615249,1.93349428715368
6.42,1.99128761261329,1.99128626412897,1.34848431510015e-06,2.23980653519402,1.93350608370174
6.43,1.99009534997005,1.99128989323809,-0.00119454326804802,2.23643722947797,1.93351795088857
6.44,1.98893560856007,1.99129353438673,-0.00235792582665496,2.23643722947797,1.9335298574446
6.45,1.98780997337338,1.99129717817881,-0.00348720480542853,2.23281850677697,1.93354177264469
6.46,1.98671985000409,1.99130081636413,-0.00458096636004268,2.22488774467151,1.9335536695107
6.47,1.98566651227777,1.99130443908524,-0.00563792680746489,2.22060318674814,1.93356551580872
6.48,1.98465123449206,1.99130803938517,-0.00665680489311193,2.2161244524088,1.9335772887895
6.49,1.98367489389688,1.99131160605741,-0.00763671216052964,2.21146523280695,1.93358895180774
6.5,1.98273896569437,1.9913151390334,-0.00857617333903171,2.2066399652681,1.93360050463923
6.51,1.98184381656039,1.99131862304773,-0.00947480648733912,2.20166230149946,1.93361189736608
6.52,1.98099048023247,1.99132205558335,-0.010331575350877,2.20166230149946,1.93362312175754
6.53,1.98017963525208,1.99132543012545,-0.0111457948733652,2.19654606446253,1.93363415651021
6.54,1.97941184912445,1.99132874055589,-0.0119168914314438,2.18595382597473,1.93364498161777
6.55,1.97868759219578,1.9913319810639,-0.012644388868128,2.18050519057549,1.93365557807897
6.56,1.97800723241156,1.99133514619558,-0.0133279137840148,2.17497290869845,1.93366592805953
6.57,1.97737104036856,1.99133823083007,-0.0139671904615095,2.16937030631061,1.93367601481434
6.58,1.97677919054218,1.99134123018382,-0.0145620396416439,2.16371051242924,1.93368582270109
6.59,1.97623176358582,1.99134413980755,-0.0151123762217342,2.15800644399999,1.9336953371707
6.6,1.97572874855212,1.99134695558433,-0.0156182070322072,2.15800644399999,1.93370454476076
6.61,1.97527004532678,1.99134967372647,-0.016079628399684,2.15227078372857,1.93371343308554
6.62,1.97485546711049,1.99135229077244,-0.0164968236619563,2.14075413352568,1.93372199082589
6.63,1.97448474302501,1.99135480358328,-0.0168700605582661,2.13499716849499,1.93373020771731
6.64,1.97415752079244,1.99135720933858,-0.0171996885461423,2.12925662715413,1.93373807453717
6.65,1.97387336950366,1.99135950553227,-0.0174861360286103,2.12354374850437,1.93374558309054
6.66,1.97363178245809,1.99136168996786,-0.0177299075097741,2.11786943475295,1.93375272619491
6.67,1.97343218007365,1.99136376075346,-0.017931580679809,2.11224423768812,1.93375949766381
6.68,1.97327391285877,1.99136571629639,-0.018091803437621,2.10667834605841,1.93376589228919
6.69,1.9731562644405,1.99136755529748,-0.018211290856982,2.10667834605841,1.93377190582277
6.7,1.97307845464346,1.99136927674505,-0.0182908221015894,2.10118157398698,1.9337775349563
6.71,1.97303964261315,1.99137087990847,-0.0183312372953204,2.09043270952808,1.93378277730071
6.72,1.97303892997816,1.9913723643316,-0.0183334343534349,2.08519828231078,1.93378763136432
6.73,1.97307536404515,1.99137372982568,-0.0182983657805305,2.08006828897231,1.93379209652998
6.74,1.97314794067005,1.99137497646408,-0.0182270357940362,2.07505053018343,1.93379617303756
6.75,1.97325560878988,1.99137610456758,-0.0181204957776928,2.07015239153872,1.93379986193598
6.76,1.97339727181745,1.99137711470702,-0.017979842889567,2.06538082110129,1.93380316509195
6.77,1.97357179239063,1.99137800768696,-0.0178062152963241,2.06538082110129,1.93380608513636
6.78,1.97377799476531,1.99137878454225,-0.0176007897769421,2.06074234408403,1.93380862545316
6.79,1.9740146185839,1.99137944731116,-0.0173648287272656,2.05188832714392,1.9338107927075
6.8,1.97428047163014,1.99137999613502,-0.0170995245048731,2.04768381765347,1.93381258736151
6.81,1.97457425754822,1.99138043313053,-0.0168061755823112,2.04363405868731,1.93381401633683
6.82,1.9748947117538,1.99138075976264,-0.0164860480088356,2.03974350256266,1.93381508442383
6.83,1.97524058866134,1.99138097774538,-0.0161403890840404,2.03601622623794,1.93381579722741
6.84,1.97561038553378,1.99138109063347,-0.0157707050996896,2.03245520977991,1.93381616637146
6.85,1.97600282277943,1.99138110006029,-0.0153782772808584,2.03245520977991,1.93381619719716
6.86,1.97641657068757,1.99138100846279,-0.0149644377752216,2.02906387084593,1.93381589767332
6.87,1.9768502315945,1.99138081865281,-0.0145305870583117,2.02280023076543,1.93381527699469
6.88,1.97730242435264,1.99138053350277,-0.0140781091501248,2.01993189273376,1.93381434455405
6.89,1.97777178129549,1.99138015598486,-0.0136083746893707,2.01724127905722,1.9338131100705
6.9,1.9782569190019,1.99137968920358,-0.0131227702016838,2.01472937199027,1.93381158369572
6.91,1.97875645723916,1.99137913634946,-0.0126226791102939,2.01239679905664,1.93380977586273
6.92,1.9792690127026,1.99137850072247,-0.0121094880198702,2.01024379234955,1.93380769736249
6.93,1.97979319037121,1.99137778562681,-0.0115845952556075,2.00827015942031,1.93380535899968
6.94,1.9803276915185,1.99137699460728,-0.0110493030887822,2.00827015942031,1.93380277236581
6.95,1.9808711448716,1.9913761312036,-0.0105049863320075,2.00647553745262,1.93379994903579
6.96,1.98142219945894,1.99137519888678,-0.00995299942784089,2.00341930806123,1.93379690035977
6.97,1.98197957325939,1.99137420139177,-0.00939462813237779,2.00215509482469,1.93379363855109
6.98,1.9825419907163,1.9913731424468,-0.0088311517305002,2.00106445357749,1.93379017580102
6.99,1.98310816025231,1.99137202562387,-0.00826386537156276,2.00014527905867,1.93378652379006
7,1.98367681880911,1.9913708549258,-0.00769403611669173,1.99939502997219,1.93378269560737
7.01,1.98424678900251,1.99136963363065,-0.00712284462814372,1.99881117036701,1.93377870197224
7.02,1.9848168612846,1.99136836582362,-0.00655150453901681,1.99881117036701,1.93377455624324
7.03,1.98538583953657,1.99136705536515,-0.00598121582858551,1.99839057909762,1.93377027104404
7.04,1.98595264592408,1.99136570574457,-0.00541305982048867,1.99802600293687,1.93376585778473
7.05,1.98651615543795,1.99136432110236,-0.00484816566440815,1.99807487239791,1.93376133000471
7.06,1.98707531842072,1.99136290480207,-0.00428758638135074,1.9982726758501,1.93375669870276
7.07,1.98762912995219,1.99136146078537,-0.00373233083318447,1.9986153161943,1.93375197676817
7.08,1.98817657088698,1.99135999242459,-0.00318342153761542,1.99909843847812,1.93374717522842
7.09,1.98871670619552,1.99135850377089,-0.00264179757537386,1.99971750616631,1.93374230733082
7.1,1.98924861765619,1.99135699813752,-0.00210838048132982,1.99971750616631,1.93373738390969
7.11,1.98977143385817,1.99135547900342,-0.00158404514525383,2.00046792068392,1.9337324163412
7.12,1.99028432104944,1.9913539498564,-0.00106962880695449,2.00234334959104,1.93372741603043
7.13,1.99078647226876,1.99135241394378,-0.000565941675020998,2.00345829161309,1.93372239359615
7.14,1.99127714209201,1.99135087508449,-7.37329924751506e-05,2.00468452853352,1.93371736152627
7.15,1.99175561625553,1.9913493358765,0.000406280379029234,2.00601679000017,1.93371232831614
7.16,1.99222123875223,1.99134779957773,0.000873439174507551,2.00744969980261,1.93370730461916
7.17,1.99267340199656,1.99134626945923,0.00132713253732852,2.00897783437123,1.93370230113168
7.18,1.99311148526588,1.99134474804796,0.00176673721792286,2.01059570566312,1.93369732611683
7.19,1.99353497387981,1.99134323850081,0.00219173537899838,2.01059570566312,1.93369238989767
7.2,1.99394338043864,1.99134174358929,0.00260163684935329,2.01229778881924,1.93368750153697
7.21,1.99433626246668,1.99134026623381,0.00299599623286828,2.01593225050145,1.93368267058457
7.22,1.99471318733871,1.99133880850733,0.00337437883138003,2.01785350105139,1.93367790381895
7.23,1.99507380271181,1.99133737316266,0.00373642954915554,2.01983660427252,1.93367321024189
7.24,1.99541779245236,1.991335962714,0.00408182973836313,2.02187601794138,1.93366859807477
7.25,1.99574486214791,1.99133457901506,0.00441028313284897,2.02396620635558,1.93366407337925
7.26,1.99605477639094,1.99133322442307,0.00472155196786272,2.02610160584722,1.93365964386345
7.27,1.99634734434559,1.99133190096315,0.00501544338244162,2.02610160584722,1.9336553161495
7.28,1.9966224002407,1.99133061057133,0.00529178966936225,2.02827680081464,1.93365109656826
7.29,1.99687983493295,1.99132935521509,0.00555047971785871,2.03272493027191,1.93364699155335
7.3,1.99711955230465,1.99132813646689,0.00579141583775966,2.03498726594571,1.93364300624674
7.31,1.99734152942779,1.99132695571033,0.00601457371746483,2.03726817376836,1.93363914517278
7.32,1.99754573680303,1.99132581419639,0.00621992260663617,2.03956254578261,1.93363541242221
7.33,1.99773222356506,1.99132471354537,0.00640751001969297,2.04186540034046,1.93363181329336
7.34,1.99790105842691,1.99132365521425,0.00657740321266242,2.04417186742746,1.93362835255059
7.35,1.99805232978754,1.99132263978113,0.00672969000640843,2.04417186742746,1.93362503208431
7.36,1.99818616460524,1.99132166869533,0.00686449590990866,2.04647715716245,1.93362185663374
7.37,1.99830273856135,1.99132074261713,0.00698199594422477,2.05106570959724,1.933618828358
7.38,1.99840224744105,1.99131986229289,0.00708238514816228,2.05334008948083,1.93361594969773
7.39,1.99848491713683,1.99131902838144,0.00716588875538848,2.05559549427767,1.9336132228073
7.4,1.99855100161033,1.99131824140216,0.00723276020816721,2.05782782374956,1.93361064938506
7.41,1.99860078236079,1.99131750179833,0.00728328056245875,2.06003312394847,1.93360823088053
7.42,1.99863458009336,1.99131680983124,0.00731777026211833,2.06220762447014,1.93360596814815
7.43,1.99865271294625,1.99131616576299,0.00733654718325694,2.06434765936591,1.93360386204497
7.44,1.99865553626605,1.99131556970583,0.00733996656022806,2.06434765936591,1.93360191293805
7.45,1.99864342791374,1.99131502166967,0.00732840624406594,2.06644974998437,1.93360012085982
7.46,1.99861678600755,1.99131452157119,0.00730226443635162,2.07052700187103,1.93359848553781
7.47,1.99857602911812,1.99131406922274,0.00726195989538403,2.07249603400044,1.93359700635836
7.48,1.99852159233421,1.99131366436282,0.00720792797138703,2.07441486826553,1.93359568246642
7.49,1.9984539305097,1.99131330661286,0.00714062389683723,2.07628086776112,1.93359451262407
7.5,1.99837351748002,1.99131299545493,0.00706052202508634,2.07809160392871,1.93359349513762
7.51,1.99828080941374,1.99131273060423,0.00696807880951944,2.07984468896621,1.93359262907582
7.52,1.99817634575935,1.99131251112114,0.0068638346382175,2.07984468896621,1.93359191136612
7.53,1.99806060303797,1.99131233655111,0.0067482664868539,2.08153811533056,1.93359134052214
7.54,1.99793410372866,1.99131220601765,0.00662189771100641,2.08473827605895,1.93359091367773
7.55,1.99779737620527,1.99131211873144,0.00648525747383677,2.08624159566089,1.9335906282518
7.56,1.99765095477017,1.99131207374167,0.00633888102849167,2.08767854576048,1.93359048113528
7.57,1.99749537299236,1.99131207013988,0.00618330285248669,2.08904780141532,1.9335904693574
7.58,1.9973311805917,1.99131210686119,0.00601907373051414,2.09034824671493,1.93359058943608
7.59,1.99715894868105,1.99131218274179,0.00584676593926581,2.09157909555639,1.93359083756564
7.6,1.99697919662278,1.99131229679016,0.00566689983262771,2.09157909555639,1.93359121050381
7.61,1.99679249591575,1.99131244773509,0.00548004818066007,2.09273949231229,1.93359170409375
7.62,1.99659938911362,1.99131263439171,0.00528675472191287,2.09484680989524,1.93359231446088
7.63,1.99640040996884,1.9913128555476,0.00508755442124076,2.09579298782902,1.93359303764064
7.64,1.99619610865015,1.99131310990614,0.00488299874401243,2.09666723812565,1.93359386939307
7.65,1.99598705523148,1.99131339603613,0.0046736591953509,2.09746967832969,1.93359480503813
7.66,1.99577381980549,1.9913137124004,0.00446010740508695,2.09820053605008,1.93359583954932
7.67,1.99555688367654,1.99131405795758,0.00424282571895374,2.09885993414182,1.93359696952129
7.68,1.99533680996469,1.99131443107004,0.00402237889464518,2.09944847432254,1.93359818959903
7.69,1.99511411870722,1.9913148303075,0.00379928839972001,2.09944847432254,1.93359949510551
7.7,1.9948893312274,1.99131525418858,0.00357407703882264,2.09996668714654,1.93360088119664
7.71,1.99466297513924,1.99131570114967,0.00334727398956658,2.10079517366527,1.93360234275943
7.72,1.99443552597898,1.99131616981379,0.00311935616518944,2.10110721329646,1.9336038752911
7.73,1.99420748170646,1.99131665866633,0.00289082304013122,2.10135250089798,1.93360547383889
7.74,1.9939792977948,1.99131716632246,0.00266213147234384,2.10153218992353,1.93360713387444
7.75,1.99375146681477,1.99131769111839,0.00243377569638259,2.10164759073387,1.93360884995713
7.76,1.99352443877393,1.99131823155972,0.00220620721421216,2.10170007232733,1.93361061720028
7.77,1.99329864695614,1.99131878623584,0.00197986072030367,2.10170007232733,1.9336124309912
7.78,1.9930745169021,1.99131935365339,0.00175516324871119,2.10169109689687,1.93361428644658
7.79,1.99285245585973,1.99131993230767,0.00153252355206424,2.10149506107288,1.93361617864608
7.8,1.99263288488861,1.99132052073944,0.0013123641491779,2.10131138750845,1.93361810281796
7.81,1.992416175468,1.99132111751655,0.00109505795145282,2.10107296685854,1.93362005427912
7.82,1.99220269808023,1.99132172120776,0.00088097687246913,2.10078165826194,1.93362202834938
7.83,1.99199279726564,1.9913223304631,0.000670466802543901,2.10043936274298,1.93362402061433
7.84,1.99178682074315,1.99132294382281,0.000463876920338446,2.10004807568558,1.9336260263006
7.85,1.99158507554276,1.99132356002226,0.00026151552049793,2.10004807568558,1.9336280412728
7.86,1.99138788859345,1.99132417763784,6.37109556067725e-05,2.09960979204265,1.93363006087575
7.87,1.99119552839168,1.99132479543399,-0.000129267042311421,2.09860067779694,1.93363208106916
7.88,1.99100820325056,1.99132541228774,-0.000317209037181909,2.09803390392249,1.93363409818091
7.89,1.99082627846653,1.99132602670179,-0.000499748235259778,2.09742874141672,1.93363610731485
7.9,1.99064988404934,1.99132663770841,-0.00067675365906994,2.0967871228994,1.93363810530649
7.91,1.99047933539511,1.9913272440257,-0.000847908630586369,2.09611153975439,1.93364008796403
7.92,1.99031478403379,1.99132784462364,-0.0010130605898484,2.09540403805764,1.93364205191929
7.93,1.99015641728639,1.99132843840548,-0.00117202111908708,2.09540403805764,1.9336439935859
7.94,1.99000440282646,1.99132902432451,-0.00132462149804534,2.0946668932038,1.93364590954115
7.95,1.98985888921847,1.99132960139311,-0.00147071217463735,2.09311262181818,1.93364779655547
7.96,1.98972001058994,1.9913301686584,-0.00161015806845977,2.09229996928011,1.93364965151298
7.97,1.98958787941914,1.99133072523337,-0.00174284581423079,2.09146660017661,1.93365147151313
7.98,1.98946255507239,1.99133127032745,-0.00186871525506827,2.09061461522342,1.93365325397077
7.99,1.98934420249426,1.99133180296314,-0.00198760046888302,2.08974645567851,1.93365499568946
8,1.98923283802069,1.99133232241846,-0.00209948439777241,2.08886409634777,1.93365669430836
8.01,1.98912849094493,1.99133282813381,-0.0022043371888778,2.08796965594943,1.93365834799757
8.02,1.9890312288222,1.99133331932664,-0.00230209050444596,2.08706535482609,1.93365995419812
8.03,1.98894106998748,1.99133379531582,-0.00239272532833024,2.08615324648041,1.93366151068272
8.04,1.98885802045388,1.99133425555037,-0.00247623509648907,2.08615324648041,1.93366301564972
8.05,1.98878207007823,1.99133469946817,-0.00255262938993184,2.08431374822616,1.9336644672609
8.06,1.98871319552896,1.99133512659245,-0.0026219310634934,2.0833903301208,1.93366586395732
8.07,1.98865135914069,1.99133553646702,-0.00268417732633375,2.0824670404503,1.93366720424717
8.08,1.98859651023793,1.99133592869884,-0.00273941846090486,2.08154574786067,1.93366848684519
8.09,1.98854858506738,1.99133630292959,-0.00278771786221554,2.08062827280934,1.93366971057977
8.1,1.9885075075194,1.99133665885359,-0.00282915133419315,2.07971638060161,1.93367087445125
8.11,1.98847318946081,1.9913369962054,-0.00286380674459208,2.07881178228156,1.93367197759166
8.12,1.98844553127114,1.99133731476688,-0.00289178349573893,2.07881178228156,1.9336730192877
8.13,1.9884244223146,1.99133761436162,-0.00291319204701712,2.0779161303966,1.93367399896248
8.14,1.98840974143777,1.99133789485735,-0.0029281534195742,2.07615797871614,1.93367491618353
8.15,1.98840135748885,1.99133815616311,-0.00293679867426211,2.07529848022097,1.93367577065337
8.16,1.98839912981973,1.99133839822968,-0.00293926840995318,2.07445392799337,1.93367656221106
8.17,1.98840290882216,1.99133862104778,-0.00293571222562039,2.07362566158747,1.93367729082625
8.18,1.98841257453259,1.99133882450897,-0.00292624997637514,2.07281506220144,1.93367795614433
8.19,1.98842792217485,1.99133900882102,-0.00291108664617634,2.07202319877534,1.93367855884475
8.2,1.98844877512272,1.99133917410304,-0.0028903989803124,2.07125124029615,1.93367909931693
8.21,1.98847495928791,1.99133932047061,-0.00286436118270417,2.07050026702089,1.9336795779389
8.22,1.98850627647476,1.99133944814822,-0.00283317167345931,2.06977124820102,1.93367999544467
8.23,1.98854251482337,1.99133955740734,-0.00279704258396718,2.0690650508276,1.93368035272199
8.24,1.98858353071001,1.99133964830187,-0.00275611759186067,2.06838271785001,1.93368064994712
8.25,1.98862906439239,1.99133972131979,-0.00271065692740735,2.06772481068558,1.93368088871573
8.26,1.98867897028543,1.99133977651754,-0.00266080623211029,2.0670922822863,1.93368106921237
8.27,1.98873297930646,1.99133981447989,-0.00260683517343385,2.06648555973015,1.93368119334926
8.28,1.98879095017925,1.99133983524836,-0.00254888506910489,2.06590547526533,1.93368126126213
8.29,1.98885262129935,1.99133983940773,-0.00248721810838416,2.06590547526533,1.93368127486329
8.3,1.98891778602317,1.99133982731517,-0.00242204129199797,2.06482673664884,1.9336812353206
8.31,1.98898618498009,1.991339799587,-0.00235361460691119,2.06432887777253,1.93368114464951
8.32,1.98905766486945,1.99133975635701,-0.00228209148755654,2.06385925939514,1.93368100328742
8.33,1.98913192859366,1.9913396984605,-0.00220776986684168,2.06341792349239,1.93368081396584
8.34,1.98920880920287,1.9913396261153,-0.00213081691242634,2.06300523210018,1.93368057739702
8.35,1.98928806803015,1.99133953991355,-0.0020514718833986,2.06262123279847,1.93368029551731
8.36,1.98936950388376,1.99133944028079,-0.00196993639703469,2.06226601492983,1.93367996971819
8.37,1.98945288762218,1.99133932781247,-0.00188644019028518,2.06226601492983,1.93367960194677
8.38,1.98953799468776,1.99133920308633,-0.00180120839856658,2.06193958239398,1.93367919409229
8.39,1.98962460864395,1.99133906666522,-0.00171445802126402,2.0613727235329,1.93367874799526
8.4,1.98971251764465,1.99133891911196,-0.00162640146730708,2.06113201566316,1.9336782654961
8.41,1.98980150645345,1.99133876102305,-0.00153725456960485,2.06091950037249,1.93367774854538
8.42,1.98989137894663,1.99133859292606,-0.00144721397942305,2.06073492519562,1.93367719886821
8.43,1.9899819076846,1.99133841555067,-0.00135650786606356,2.06057792281779,1.93367661885068
8.44,1.99007291180057,1.99133822935454,-0.00126531755397385,2.06044814541773,1.93367600998934
8.45,1.99016418567843,1.991338035035,-0.00117384935657383,2.06034517776619,1.93367537456446
8.46,1.99025554025335,1.99133783313077,-0.00108229287741857,2.06026854240294,1.93367471433761
8.47,1.99034679280896,1.99133762423054,-0.000990831421581406,2.06021775080019,1.93367403123387
8.48,1.99043776117821,1.99133740892961,-0.000899647751396726,2.06019226003805,1.93367332719983
8.49,1.99052826507495,1.99133718781776,-0.000808922742808749,2.06019148192645,1.93367260416408
8.5,1.99061813784194,1.99133696151743,-0.000718823675488922,2.06021481108254,1.93367186416199
8.51,1.99070720850689,1.99133673058707,-0.0006295220801813,2.06026158826396,1.93367110901971
8.52,1.99079531435581,1.99133649561918,-0.000541181263370216,2.06033113309306,1.93367034067473
8.53,1.99088230900139,1.9913362572111,-0.000453948209701904,2.0604227335041,1.93366956108028
8.54,1.99096803424037,1.99133601592728,-0.000367981686910894,2.0604227335041,1.93366877208219
8.55,1.99105235247218,1.99133577232226,-0.000283419850084066,2.06066913381503,1.93366797549381
8.56,1.99113512488473,1.99133552695181,-0.000200402067073835,2.06082235505138,1.93366717313241
8.57,1.99121621130612,1.99133528043097,-0.000119069124855598,2.06099454279099,1.93366636700928
8.58,1.99129550541778,1.99133503319541,-3.95277776299441e-05,2.06118486891822,1.933665558549
8.59,1.99137289804723,1.99133478575104,3.81122961907732e-05,2.06139248712533,1.93366474940591
8.6,1.9914482667443,1.99133453869043,0.000113728053869666,2.06161657264631,1.9336639415177
8.61,1.99152151296592,1.99133429245386,0.000187220512052111,2.061856222935,1.93366313632414
8.62,1.99159253591844,1.99133404753604,0.000258488382406373,2.061856222935,1.93366233544284
8.63,1.99166126388767,1.99133380431855,0.000327459569115606,2.06211057204758,1.93366154012166
8.64,1.99172760331444,1.99133356332392,0.000394039990516681,2.06265988797325,1.93366075206923
8.65,1.99179147895442,1.99133332498737,0.000458153967054731,2.06295303896738,1.9336599727087
8.66,1.99185282427569,1.99133308971849,0.00051973455720522,2.06325733039415,1.93365920337945
8.67,1.99191157581157,1.99133285797622,0.000578717835356901,2.06357184534266,1.93365844558223
8.68,1.9919676826737,1.99133263002824,0.000635052645454603,2.06389574891953,1.93365770019236
8.69,1.99202108176817,1.99133240640252,0.00068867536565298,2.06422803861859,1.93365696893624
8.7,1.99207175659559,1.99133218730969,0.000739569285901567,2.06422803861859,1.93365625250267
8.71,1.99211964541622,1.9913319731504,0.00078767226581844,2.06491451305329,1.93365555220182
8.72,1.99216475462018,1.99133176410561,0.00083299051457475,2.06526695371076,1.93365486862533
8.73,1.99220704243721,1.99133156060181,0.000875481835403757,2.06562428695403,1.93365420316792
8.74,1.99224646523943,1.99133136298957,0.000915102249861022,2.065985725499,1.93365355697589
8.75,1.99228304227838,1.99133117142137,0.000951870857011095,2.06635041191228,1.93365293054786
8.76,1.99231678067804,1.9913309860877,0.000985794590344868,2.06671755944837,1.93365232450677
8.77,1.99234767224459,1.99133080726402,0.0010168649805673,2.06708633831106,1.93365173975336
8.78,1.99237572098479,1.99133063516434,0.00104508582044893,2.06745595211698,1.93365117698738
8.79,1.99240097043773,1.99133046985816,0.00107050057956614,2.06745595211698,1.93365063643619
8.8,1.99242343701525,1.99133031151888,0.00109312549637042,2.06819476897102,1.93365011866675
8.81,1.99244310717309,1.99133016043777,0.0011129467353177,2.06856244733257,1.93364962463152
8.82,1.99246004788902,1.99133001659455,0.00113003129446754,2.06892801117106,1.93364915426419
8.83,1.99247424462028,1.99132988029247,0.00114436432781417,2.06929074843273,1.93364870855637
8.84,1.99248576542942,1.99132975150809,0.0011560139213227,2.06964999719034,1.93364828743147
8.85,1.99249466413992,1.99132963026818,0.00116503387173439,2.0700051492622,1.93364789097695
8.86,1.99250097605727,1.99132951668954,0.00117145936773078,2.07035556057904,1.93364751957479
8.87,1.99250475580421,1.99132941079581,0.00117534500840066,2.07035556057904,1.9336471733023
8.88,1.99250606772326,1.99132931257077,0.00117675515248861,2.07070064593016,1.93364685210643
8.89,1.99250494317389,1.99132922213704,0.00117572103685259,2.07137259138644,1.93364655638811
8.9,1.9925015062551,1.99132913923784,0.00117236701726164,2.07169844512151,1.93364628530774
8.91,1.99249578704217,1.99132906400868,0.00116672303348997,2.07201690983961,1.93364603930838
8.92,1.99248783764977,1.99132899645727,0.00115884119250609,2.07232744108995,1.93364581841527
8.93,1.99247774812894,1.99132893645377,0.00114881167517211,2.07262965936073,1.93364562220384
8.94,1.99246555026773,1.99132888411589,0.00113666615184105,2.07292310400529,1.93364545105895
8.95,1.99245140209557,1.99132883901643,0.00112256307913672,2.07292310400529,1.93364530358372
8.96,1.9924353332933,1.99132880127745,0.0011065320158532,2.07348245888687,1.93364518017726
8.97,1.99241740725677,1.99132877085741,0.00108863639936052,2.07374761632069,1.93364508070374
8.98,1.99239771783439,1.99132874758672,0.00106897024766517,2.07400267317907,1.93364500460857
8.99,1.99237638104677,1.99132873119617,0.00104764985060268,2.07424743662347,1.93364495101148
9,1.99235345479039,1.99132872166176,0.00102473312862839,2.07448162810602,1.93364491983395
9.01,1.99232904276777,1.99132871875531,0.00100032401245831,2.07470507534269,1.93364491032987
9.02,1.99230322174666,1.99132872236458,0.000974499382079941,2.0749175219091,1.93364492213218
9.03,1.99227604275359,1.99132873248149,0.000947310272102708,2.0751188251179,1.93364495521448
9.04,1.99224765913806,1.99132874863217,0.000918910505886,2.0751188251179,1.93364500802721
9.05,1.99221812696073,1.99132877077783,0.000889356182898204,2.07548768167744,1.93364508044351
9.06,1.99218753854578,1.99132879870606,0.000858739839728617,2.07565497741511,1.9336451717688
9.07,1.99215595515507,1.99132883233961,0.000827122815463266,2.07581077111406,1.93364528175053
9.08,1.99212351404821,1.99132887124423,0.000794642803980672,2.07595507970723,1.93364540896862
9.09,1.99209025619265,1.9913289154269,0.000761340765753848,2.07608783970661,1.93364555344596
9.1,1.99205631253537,1.99132896445873,0.000727348076644097,2.07620914041281,1.93364571378003
9.11,1.99202174872477,1.9913290182184,0.000692730506373973,2.07631897281869,1.93364588957416
9.12,1.99198664993746,1.99132907648031,0.000657573457145461,2.07631897281869,1.93364608009063
9.13,1.99195110259312,1.99132913900779,0.00062196358533706,2.07650454851028,1.93364628455546
9.14,1.99191518612968,1.99132920557427,0.000585980555410037,2.07658046715508,1.93364650222787
9.15,1.99187897735993,1.99132927598173,0.000549701378196543,2.0766453095173,1.93364673246027
9.16,1.9918425746754,1.99132934989204,0.00051322478336524,2.0766992355069,1.93364697414696
9.17,1.99180604747691,1.9913294271236,0.00047662035331375,2.07674239901102,1.93364722669416
9.18,1.99176947112233,1.99132950744996,0.000439963672361765,2.07677497973996,1.93364748936138
9.19,1.9917329223119,1.99132959061968,0.000403331692217401,2.07679717212648,1.93364776132636
9.2,1.99169647436971,1.99132967638183,0.000366797987887419,2.07679717212648,1.93364804176858
9.21,1.9916602000272,1.99132976451354,0.000330435513658855,2.07681127840839,1.93364832995928
9.22,1.9916241689849,1.99132985478728,0.000294314197620604,2.0768036705655,1.93364862515441
9.23,1.9915884431617,1.99132994692075,0.000258496240946871,2.07678662051102,1.93364892643087
9.24,1.99155309093968,1.99133004071257,0.000223050227110111,2.07676040448154,1.93364923313009
9.25,1.99151817439975,1.9913301359278,0.000188038471950813,2.07672530381656,1.93364954448392
9.26,1.9914837549031,1.99133023233866,0.000153522564441122,2.07668161623883,1.93364985974742
9.27,1.99144988793697,1.99133032973247,0.000119558204498604,2.076629635152,1.93365017822518
9.28,1.99141663036269,1.99133042785737,8.62025053132154e-05,2.07656969240746,1.93365049909361
9.29,1.99138403257219,1.99133052653595,5.3506036236112e-05,2.07656969240746,1.93365082177256
9.3,1.99135214655952,1.99133062550401,2.15210555063461e-05,2.07642715681388,1.93365114539813
9.31,1.99132101377903,1.99133072458603,-9.71080700207239e-06,2.07634524821313,1.93365146939633
9.32,1.99129068464891,1.99133082354029,-4.01388913768841e-05,2.07625668845969,1.93365179297674
9.33,1.99126119527304,1.99133092221978,-6.97269467366812e-05,2.07616182037307,1.93365211565868
9.34,1.99123259116989,1.99133102040057,-9.8429230681818e-05,2.07606100122902,1.93365243670988
9.35,1.99120490531344,1.99133111790383,-0.000126212590388475,2.07595459146449,1.93365275554553
9.36,1.9911781660727,1.99133121455444,-0.000153048481741802,2.07584294629254,1.93365307159302
9.37,1.99115240671046,1.99133131018221,-0.000178903471750975,2.07584294629254,1.93365338429581
9.38,1.99112766113053,1.99133140459371,-0.000203743463183192,2.07560533367521,1.93365369302143
9.39,1.99110394920085,1.99133149764419,-0.000227548443346048,2.0754801083624,1.93365399729651
9.4,1.99108129378437,1.99133158917644,-0.000250295392071109,2.07535107514953,1.93365429660695
9.41,1.99105971242118,1.99133167905255,-0.000271966631372411,2.07521860611998,1.93365459050183
9.42,1.9910392479548,1.99133176703604,-0.000292519081233733,2.07508306622936,1.93365487820785
9.43,1.99101986787483,1.99133185316433,-0.00031198528949905,2.07494476366712,1.93365515984736
9.44,1.9910016193702,1.99133193716537,-0.000330317795173674,2.07480407510804,1.93365543453076
9.45,1.99098449131438,1.9913320190106,-0.000347527696229696,2.07480407510804,1.93365570216468
9.46,1.99096848934255,1.99133209860302,-0.000363609260470632,2.07451686622261,1.93365596243188
9.47,1.99095363089628,1.99133217575858,-0.000378544862303931,2.07437106394432,1.93365621473057
9.48,1.990939903002,1.99133225046386,-0.000392347461859455,2.07422419330121,1.93365645901684
9.49,1.99092733274389,1.99133232250688,-0.000404989762987862,2.07407663358108,1.93365669459748
9.5,1.99091589043215,1.99133239191546,-0.000416501483309739,2.07392866394862,1.93365692156354
9.51,1.99090557100299,1.99133245862367,-0.000426887620678773,2.07378058328092,1.93365713969939
9.52,1.99089637144979,1.99133252253372,-0.000436151083936132,2.07363273742446,1.93365734868527
9.53,1.99088830338771,1.99133258350358,-0.000444280115872164,2.07348541057037,1.9336575480567
9.54,1.99088133435262,1.99133264157229,-0.000451307219674789,2.07348541057037,1.93365773794139
9.55,1.99087546501161,1.99133269663875,-0.000457231627132959,2.07319344247717,1.9336579180087
9.56,1.99087064655532,1.9913327487962,-0.000462102240879281,2.07304929604446,1.93365808856356
9.57,1.99086688403868,1.99133279792297,-0.000465913884289737,2.07290675959567,1.93365824920812
9.58,1.99086416022612,1.99133284399019,-0.000468683764065947,2.07276606717698,1.93365839984792
9.59,1.99086245942938,1.99133288695132,-0.000470427521941597,2.07262749166135,1.93365854033082
9.6,1.99086174485065,1.99133292687248,-0.000471182021831495,2.07249120471998,1.93365867087301
9.61,1.99086201804307,1.99133296363854,-0.000470945595464345,2.07235747608105,1.93365879109802
9.62,1.99086323556512,1.99133299733362,-0.000469761768496335,2.07235747608105,1.93365890128094
9.63,1.99086538035855,1.99133302792789,-0.000467647569348584,2.07209846062528,1.93365900132421
9.64,1.9908683988575,1.99133305554596,-0.000464656688462295,2.07197352691396,1.9336590916353
9.65,1.99087230113976,1.99133308004251,-0.00046077890275531,2.07185192136146,1.93365917173902
9.66,1.99087702007335,1.99133310160639,-0.000456081533043662,2.07173375866202,1.9336592422529
9.67,1.99088256483855,1.99133312009843,-0.000450555259879026,2.07161924279778,1.93365930272185
9.68,1.99088886371856,1.99133313572821,-0.000444272009646696,2.07150846976004,1.93365935383125
9.69,1.99089591352385,1.99133314840976,-0.000437234885908744,2.07140158709357,1.9336593952999
9.7,1.99090367067497,1.99133315824109,-0.000429487566124155,2.07140158709357,1.93365942744838
9.71,1.9909121039667,1.99133316526365,-0.000421061296949521,2.07119998271448,1.93365945041214
9.72,1.99092116297593,1.99133316960572,-0.0004120066297848,2.07110543017348,1.93365946461069
9.73,1.99093083265693,1.99133317123882,-0.000402338581884765,2.07101517407464,1.93365946995094
9.74,1.9909410704266,1.99133317026215,-0.000392099835552884,2.07092931218219,1.93365946675723
9.75,1.99095184844979,1.9913331667106,-0.000381318260809671,2.07084787272135,1.93365945514366
9.76,1.99096312449773,1.99133316068747,-0.000370036189738299,2.07077094677096,1.93365943544801
9.77,1.99097487077501,1.99133315223427,-0.000358281459258869,2.07069855617555,1.93365940780605
9.78,1.99098704363706,1.99133314146369,-0.000346097826623204,2.07063072864292,1.93365937258626
9.79,1.99099961543111,1.99133312842156,-0.00033351299045026,2.07063072864292,1.9336593299385
9.8,1.99101254274274,1.99133311322493,-0.000320570482188698,2.07050887863242,1.93365928024551
9.81,1.99102579796574,1.99133309592786,-0.000307297962111486,2.07045487436979,1.93365922368409
9.82,1.99103934235595,1.99133307663379,-0.000293734277836188,2.07040547681582,1.9336591605925
9.83,1.99105314160649,1.99133305542982,-0.000279913823331146,2.07036067048456,1.93365909125551
9.84,1.99106716021341,1.99133303241469,-0.000265872201282269,2.07032043605002,1.93365901599603
9.85,1.99108136383036,1.99133300767715,-0.000251643846788996,2.07028472387497,1.93365893510427
9.86,1.99109572010838,1.99133298130426,-0.000237261195878746,2.0702535109925,1.93365884886493
9.87,1.99111019844061,1.99133295338718,-0.000222754946572315,2.0702535109925,1.93365875757609
9.88,1.99112476421195,1.99133292402799,-0.000208159816030618,2.07020436679615,1.93365866157151
9.89,1.99113938573026,1.99133289332212,-0.000193507591864428,2.07018631218682,1.93365856116333
9.9,1.99115403176658,1.99133286136602,-0.000178829599441377,2.0701725092357,1.93365845666688
9.91,1.99116867202588,1.99133282825384,-0.000164156227964618,2.07016287880139,1.93365834839006
9.92,1.99118327702657,1.99133279408788,-0.000149517061309057,2.07015733883435,1.93365823666736
9.93,1.99119781822516,1.99133275895619,-0.000134940731033817,2.07015579427232,1.93365812178674
9.94,1.99121226757694,1.99133272295822,-0.000120455381284801,2.07015815142332,1.93365800407338
9.95,1.99122659780484,1.99133268618457,-0.00010608837972437,2.07015815142332,1.93365788382354
9.96,1.99124078327058,1.99133264873526,-9.18654646733241e-05,2.07017415065976,1.93365776136429
9.97,1.99125479856559,1.99133261069517,-7.78121295788026e-05,2.07018757499322,1.93365763697322
9.98,1.99126861939581,1.99133257216649,-6.39527706776111e-05,2.07020446001767,1.93365751098443
9.99,1.99128222224566,1.99133253323276,-5.03109871028418e-05,2.07022468167205,1.93365738367112
10,1.99129558678623,1.99133249398229,-3.69071960653056e-05,2.07024812733222,1.93365725532209
