v_kmh,a_y_g,T_r_Nm,T_d_ref_Nm,T_s_map_Nm,e_T_map_Nm,T_s_linear_Nm,e_T_linear_Nm
20,0.02,0.543478056855756,0.2406248,0.371917863359504,0.131293063359504,0.359216213880672,0.118591413880672
20,0.03,0.813439353600687,0.3552082,0.45165827192905,0.0964500719290496,0.424873407362474,0.0696652073624739
20,0.04,1.08221437442742,0.4640626,0.531048281358887,0.0669856813588866,0.49024208708907,0.0261794870890698
20,0.05,1.34980180316696,0.572917,0.6100875031781,0.0371705031781004,0.555321932955458,-0.0175950670445425
20,0.06,1.61619993555141,0.6671878,0.688775434280204,0.0215876342802042,0.620112530467227,-0.0470752695327725
20,0.07,1.88140667013273,0.7614586,0.767111453354633,0.00565285335463284,0.68461336853193,-0.0768452314680695
20,0.08,2.14541949713403,0.8468752,0.845094819365931,-0.00178038063406927,0.748823836747604,-0.0980513632523962
20,0.09,2.40823548520156,0.9234376,0.922724666714202,-0.000712933285798134,0.812743222180711,-0.110694377819289
20,0.1,2.6698512660178,1,1.00000000000448,4.48063808278221e-12,0.876370705623916,-0.123629294376084
20,0.11,2.93026301672761,1.0656252,1.06563460642467,9.40642466740194e-06,0.939705357321947,-0.125919842678053
20,0.12,3.18946644011939,1.1312504,1.13126194255874,1.1542558736588e-05,1.00274613215146,-0.128504267848545
20,0.13,3.4474567424921,1.1937504,1.19376056544593,1.01654459336853e-05,1.06549186423807,-0.128258535761926
20,0.14,3.70422860912648,1.2531252,1.25313597718211,1.07771821056257e-05,1.12794126099077,-0.125183939009229
20,0.15,3.95977617726428,1.3125,1.31137551627346,-0.00112448372654184,1.19009289653014,-0.122407103469855
20,0.16,4.2140930064834,1.3593752,1.3593766747566,1.47475660083884e-06,1.25194520448336,-0.107429995516637
20,0.17,4.46717204633799,1.4062504,1.40626100413075,1.06041307526006e-05,1.31349647011394,-0.0927539298860627
20,0.18,4.71900560111238,1.4437504,1.44375904059567,8.64059567029507e-06,1.37474482174952,-0.0690055782504784
20,0.19,4.9695852915136,1.4718752,1.47188738469346,1.2184693463535e-05,1.43568822146518,-0.0361869785348228
20,0.2,5.21890201310094,1.5,1.50000000005274,5.273537162509e-11,1.49632445497303,-0.00367554502696876
20,0.200776338024211,5.23820430698583,1.50101895918354,1.51008391457318,0.00906495538964669,1.50101895918354,-1.55431223447522e-15
25,0.02,0.543478056855757,0.3070048,0.392983941335998,0.085979141335998,0.348520638218777,0.0415158382187772
25,0.03,0.813439353600688,0.4521026,0.496081796121532,0.043979196121532,0.402318892491,-0.0497837075090001
25,0.04,1.08221437442742,0.5887958,0.598726613740384,0.00993081374038374,0.455880744085306,-0.132915055914694
25,0.05,1.34980180316696,0.725489,0.7009178919313,-0.0245711080687001,0.50920593071375,-0.21628306928625
25,0.06,1.61619993555141,0.8375874,0.802654979072876,-0.0349324209271243,0.562294112747507,-0.275293287252493
25,0.07,1.88140667013273,0.9496858,0.903937073006849,-0.0457487269931509,0.615144871407153,-0.334540928592847
25,0.08,2.14541949713403,1.0455966,1.00476321534378,-0.0408333846562172,0.667757706540941,-0.377838893459059
25,0.09,2.40823548520156,1.1253198,1.10513228642879,-0.0201875135712146,0.720132033984705,-0.405187766015295
25,0.1,2.6698512660178,1.205043,1.20324485575426,-0.0017981442457351,0.772267182495553,-0.432775817504447
25,0.11,2.93026301672761,1.2622322,1.26223681541554,4.61541553686828e-06,0.824162390249716,-0.438069809750284
25,0.12,3.18946644011939,1.3194214,1.31942271638196,1.31638196210204e-06,0.875816800893021,-0.44360459910698
25,0.13,3.44745674249211,1.3723724,1.37238356536977,1.11653697727476e-05,0.927229459130207,-0.445142940869793
25,0.14,3.70422860912648,1.4210852,1.42108765521475,2.45521475372712e-06,0.978399305836794,-0.442685894163206
25,0.15,3.95977617726429,1.469798,1.46867277846884,-0.00112522153115835,1.02932517267435,-0.440472827325652
25,0.16,4.2140930064834,1.5085396,1.50855153902518,1.19390251827056e-05,1.08000577618679,-0.428533823813207
25,0.17,4.46717204633799,1.5472812,1.54729262531025,1.14253102478923e-05,1.1304397113517,-0.416841488648304
25,0.18,4.71900560111239,1.5802486,1.58062539823471,0.000376798234710485,1.18062544455638,-0.399623155443621
25,0.19,4.9695852915136,1.6074418,1.60846758605707,0.00102578605706705,1.23056130596394,-0.376880494036065
25,0.2,5.21890201310095,1.634635,1.63616944401122,0.00153444401121638,1.28024548122905,-0.354389518770949
25,0.21,5.46694589122116,1.6537874,1.66372987491346,0.00994247491346245,1.3296760025174,-0.324111397482604
25,0.22,5.71370623218338,1.6729398,1.69114769057593,0.0182078905759306,1.37885073877571,-0.294089061224286
25,0.23,5.9591714703698,1.6906972,1.71842160592998,0.0277244059299773,1.42776738519197,-0.262929814808033
25,0.24,6.20332911093451,1.7070596,1.74555023265939,0.0384906326593897,1.47642345177627,-0.23063614822373
25,0.25,6.44616566769308,1.723422,1.77253207229923,0.049110072299231,1.52481625098346,-0.198605749016545
25,0.26,6.68766659574958,1.7380172,1.79936550874995,0.0613483087499533,1.57294288428688,-0.165074315713116
25,0.27,6.92781621834365,1.7526124,1.82604880014929,0.0734364001492944,1.62080022760044,-0.131812172399563
25,0.28,7.16659764732669,1.7668342,1.8525800700363,0.0857458700362983,1.6683849154309,-0.0984492845691021
25,0.29,7.4039926965929,1.7806826,1.87895729773254,0.0982746977325444,1.71569332362638,-0.0649892763736206
25,0.3,7.63998178769463,1.794531,1.90517830785496,0.110647307854959,1.76272155056721,-0.031809449432789
25,0.31,7.87454384676067,1.809567,1.9312407588623,0.121673758862296,1.80946539662368,-0.000101603376316595
25,0.31003218993278,7.87529657225139,1.80961540078293,1.93132439502793,0.121708994245004,1.80961540078293,3.5527136788005e-15
30,0.02,0.543478056855757,0.3672864,0.41225494915165,0.0449685491516505,0.345902274618345,-0.0213841253816551
30,0.03,0.813439353600687,0.5401254,0.536719929993022,-0.00340547000697844,0.396797364465606,-0.143328035534394
30,0.04,1.08221437442742,0.7021602,0.660637981133575,-0.0415222188664247,0.447468808848986,-0.254691391151014
30,0.05,1.34980180316696,0.864195,0.784008495983729,-0.0801865040162706,0.497916359634625,-0.366278640365375
30,0.06,1.61619993555141,0.9926482,0.906830689022988,-0.0858175109770117,0.548139695521396,-0.444508504478604
30,0.07,1.88140667013273,1.1211014,1.02910359072442,-0.0919978092755809,0.598138420328856,-0.522962979671144
30,0.08,2.14541949713403,1.2267852,1.15082604433033,-0.0759591556696708,0.647912060895401,-0.578873139104599
30,0.09,2.40823548520156,1.3096996,1.27199669862397,-0.0377029013760286,0.697460064580655,-0.612239535419345
30,0.1,2.6698512660178,1.392614,1.38831457524366,-0.00429942475634038,0.746781796364616,-0.645832203635384
30,0.11,2.93026301672761,1.4426936,1.44269902464156,5.42464156216838e-06,0.795876535534509,-0.646817064465491
30,0.12,3.18946644011939,1.4927732,1.49278402218159,1.08221815926512e-05,0.844743471948386,-0.648029728051614
30,0.13,3.44745674249211,1.5376702,1.53767506768285,4.86768284746475e-06,0.89338170186246,-0.64428849813754
30,0.14,3.70422860912648,1.5773846,1.57739002774477,5.42774476963714e-06,0.94179022330675,-0.635594376693249
30,0.15,3.95977617726429,1.617099,1.61652189225994,-0.000577107740058036,0.989967930990943,-0.627131069009057
30,0.16,4.2140930064834,1.6490286,1.64904068334368,1.20833436842993e-05,1.03791361071927,-0.611114989280726
30,0.17,4.46717204633799,1.6809582,1.68094024900147,-1.79509985347437e-05,1.08562593328982,-0.595332266710177
30,0.18,4.71900560111239,1.7101772,1.71089639823471,0.000719198234709673,1.13310344784965,-0.577073752150347
30,0.19,4.9695852915136,1.7366856,1.73873858605707,0.00205298605706661,1.1803445746728,-0.5563410253272
30,0.2,5.21890201310094,1.763194,1.76644044401122,0.0032464440112161,1.22734759732312,-0.535846402676877
30,0.21,5.46694589122116,1.7877092,1.79400087491346,0.00629167491346183,1.27411065415834,-0.513598545841663
30,0.22,5.71370623218337,1.8122244,1.82141869057593,0.00919429057593057,1.32063172912516,-0.491592670874835
30,0.23,5.9591714703698,1.8361904,1.84869260592998,0.0125022059299777,1.36690864178825,-0.469281758211754
30,0.24,6.20332911093451,1.8596072,1.87582123265939,0.01621403265939,1.4129390365273,-0.446668163472699
30,0.25,6.44616566769308,1.883024,1.90280307229923,0.0197790722992306,1.45872037082762,-0.424303629172382
30,0.26,6.68766659574958,1.9038652,1.92963650874995,0.0257713087499536,1.50424990257841,-0.399615297421592
30,0.27,6.92781621834366,1.9247064,1.9563198001493,0.0316134001492951,1.54952467628147,-0.375181723718532
30,0.28,7.16659764732669,1.9435182,1.9828510700363,0.0393328700362992,1.59454150805877,-0.348976691941229
30,0.29,7.4039926965929,1.9603006,2.00922829773255,0.048927697732545,1.63929696933185,-0.321003630668147
30,0.3,7.63998178769463,1.977083,2.03544930785496,0.0583663078549588,1.68378736902772,-0.293295630972283
30,0.31,7.87454384676067,1.9919102,2.0615117588623,0.0696015588622974,1.72800873414512,-0.263901465854881
30,0.32,8.10765619170838,2.0067374,2.08741313052315,0.0806757305231542,1.77195678849096,-0.234780611509042
30,0.33,8.33929440859261,2.0216394,2.11315071017696,0.0915113101769571,1.81562692936867,-0.206012470631325
30,0.34,8.56943221576175,2.0366162,2.13872157764019,0.102105377640194,1.85901420196794,-0.177601998032056
30,0.35,8.79804131429106,2.051593,2.1641225885879,0.112529588587896,1.90211327116728,-0.149479728832725
30,0.36,9.02509122292775,2.0652558,2.18935035621419,0.124094556214194,1.94491839041663,-0.120337409583372
30,0.37,9.25054909550622,2.0789186,2.21440123094514,0.135482630945136,1.98742336731521,-0.0914952326847929
30,0.38,9.47437951846641,2.0912136,2.23927127794071,0.148057677940713,2.02962152543812,-0.0615920745618799
30,0.39,9.6965442857218,2.1021408,2.2639562520802,0.1618154520802,2.07150566189284,-0.0306351381071557
30,0.4,9.91700214766549,2.113068,2.28845157007394,0.175383570073943,2.113068,4.44089209850063e-16
35,0.02,0.543478056855757,0.4199248,0.429336880186528,0.00941208018652828,0.349622573937547,-0.0703022260624527
35,0.03,0.813439353600688,0.6170438,0.572741802868785,-0.0443019971312151,0.404642622072471,-0.212401177927529
35,0.04,1.08221437442742,0.8013194,0.715516569017772,-0.0858028309822276,0.45942089866863,-0.34189850133137
35,0.05,1.34980180316696,0.985595,0.857660479787426,-0.127934520212574,0.513957135481349,-0.471637864518651
35,0.06,1.61619993555141,1.128635,0.999172630206056,-0.129462369793944,0.568250985168606,-0.560384014831394
35,0.07,1.88140667013273,1.271675,1.14005190309692,-0.131623096903076,0.622302019440221,-0.649372980559779
35,0.08,2.14541949713403,1.3863316,1.28029696572183,-0.10603463427817,0.676109726785669,-0.71022187321433
35,0.09,2.40823548520156,1.4726048,1.41990626146076,-0.0526985385392422,0.729673509774034,-0.742931290225966
35,0.1,2.6698512660178,1.558878,1.55689513208504,-0.00198286791495983,0.782992681918051,-0.775885318081949
35,0.11,2.93026301672761,1.603668,1.60367497025956,6.9702595641985e-06,0.836066464092431,-0.767601535907569
35,0.12,3.18946644011939,1.648458,1.64846945087128,1.14508712800721e-05,0.888893980494634,-0.759564019505366
35,0.13,3.44745674249211,1.68729,1.68730096893012,1.09689301202032e-05,0.941474254134014,-0.745815745865986
35,0.14,3.70422860912649,1.720164,1.72016445617419,4.56174194196635e-07,0.993806201832672,-0.726357798167328
35,0.15,3.95977617726429,1.753038,1.75235354922872,-0.00068445077128465,1.04588862871844,-0.70714937128156
35,0.16,4.2140930064834,1.7797692,1.78129542549816,0.0015262254981554,1.0977202221871,-0.682048977812897
35,0.17,4.46717204633799,1.8065004,1.80941531881533,0.00291491881533235,1.14929954530725,-0.657200854692753
35,0.18,4.71900560111239,1.832924,1.83739682490138,0.00447282490137635,1.20062502963683,-0.632298970363169
35,0.19,4.9695852915136,1.85904,1.86523901272373,0.00619901272373302,1.25169496741586,-0.607345032584142
35,0.2,5.21890201310095,1.885156,1.89294087067788,0.00778487067788292,1.30250750309403,-0.58264849690597
35,0.21,5.46694589122116,1.9142608,1.92050130158013,0.00624050158012879,1.3530606241462,-0.561200175853801
35,0.22,5.71370623218337,1.9433656,1.9479191172426,0.00455351724259656,1.40335215112149,-0.540013448878514
35,0.23,5.9591714703698,1.972703,1.97519303259664,0.00249003259664415,1.45337972686405,-0.51932327313595
35,0.24,6.20332911093451,2.002273,2.00250829503829,0.00023529503828934,1.50314080483469,-0.499132195165308
35,0.25,6.44616566769308,2.031843,2.03139041427696,-0.00045258572303597,1.55263263645231,-0.479210363547686
35,0.26,6.68766659574958,2.0581714,2.05867643641662,0.000505036416620364,1.60185225736283,-0.456319142637167
35,0.27,6.92781621834365,2.0844998,2.08535972781596,0.000859927815961559,1.65079647253007,-0.433703327469932
35,0.28,7.1665976473267,2.10735,2.11189099770297,0.00454099770296645,1.69946184002823,-0.407888159971769
35,0.29,7.4039926965929,2.126722,2.13826822539921,0.0115462253992118,1.74784465339855,-0.378877346601449
35,0.3,7.63998178769464,2.146094,2.16448923552163,0.018395235521627,1.795940922413,-0.350153077586997
35,0.31,7.87454384676067,2.1607988,2.19055168652896,0.0297528865289638,1.84374635206551,-0.317052447934489
35,0.32,8.10765619170839,2.1755036,2.21645305818982,0.0409494581898211,1.89125631958499,-0.284247280415009
35,0.33,8.33929440859261,2.1896758,2.24219063784362,0.0525148378436233,1.93846584923434,-0.251209950765656
35,0.34,8.56943221576174,2.2033154,2.26776150530686,0.0644461053068599,1.98536958462451,-0.217945815375486
35,0.35,8.79804131429107,2.216955,2.29316251625456,0.0762075162545628,2.03196175823172,-0.184993241768284
35,0.36,9.02509122292775,2.2278026,2.31839028388086,0.0905876838808606,2.07823615775804,-0.149566442241957
35,0.37,9.25054909550623,2.2386502,2.3434411586118,0.104790958611803,2.12418608891942,-0.114464111080581
35,0.38,9.47437951846641,2.247262,2.36831120560738,0.121049205607379,2.16980433417835,-0.0774576658216484
35,0.39,9.6965442857218,2.253638,2.39299617974687,0.139358179746867,2.21508310686044,-0.0385548931395592
35,0.4,9.91700214766548,2.260014,2.41749149774061,0.157477497740608,2.260014,0
40,0.02,0.543478056855757,0.4633752,0.443835726719009,-0.0195394732809905,0.353166663742631,-0.110208536257369
40,0.03,0.813439353600688,0.6806252,0.6033165438581,-0.0773086561419003,0.412116294246974,-0.268508905753026
40,0.04,1.08221437442742,0.8834376,0.762096562717773,-0.121341037282227,0.470806885667206,-0.412630714332794
40,0.05,1.34980180316696,1.08625,0.9201750063562,-0.1660749936438,0.52923815060037,-0.55701184939963
40,0.06,1.61619993555141,1.2418124,1.07755086856041,-0.164261531439592,0.587409716896957,-0.654402683103043
40,0.07,1.88140667013273,1.3973748,1.23422290670927,-0.163151893290733,0.645321125677911,-0.752053674322089
40,0.08,2.14541949713403,1.5201248,1.39018963873186,-0.12993516126814,0.702971828900154,-0.817152971099846
40,0.09,2.40823548520156,1.6100624,1.54544933350888,-0.0646130664911182,0.760361186463705,-0.849701213536295
40,0.1,2.6698512660178,1.7,1.70000000000285,2.85438339631128e-12,0.817488462851749,-0.882511537148251
40,0.11,2.93026301672761,1.7418124,1.74181623615573,3.83615573507079e-06,0.874352823293153,-0.867459576706847
40,0.12,3.18946644011939,1.7836248,1.78363176639558,6.96639557618006e-06,0.930953329434755,-0.852671470565245
40,0.13,3.44745674249211,1.8188748,1.81879182487461,-8.29751253925703e-05,0.98728893450834,-0.83158586549166
40,0.14,3.70422860912648,1.8475624,1.8475736415366,1.1241536603146e-05,1.04335847797445,-0.804203922025551
40,0.15,3.95977617726429,1.87625,1.87621575411783,-3.42458821693814e-05,1.09916067962205,-0.777089320377955
40,0.16,4.2140930064834,1.8996876,1.90450742549816,0.00481982549815552,1.15469413309952,-0.744993466900483
40,0.17,4.46717204633799,1.9231252,1.93262731881533,0.00950211881533214,1.20995729884849,-0.713167901151513
40,0.18,4.71900560111239,1.9478752,1.96060882490138,0.0127336249013765,1.26494849640735,-0.682926703592655
40,0.19,4.9695852915136,1.9739376,1.98845101272373,0.014513412723733,1.3196658960463,-0.654271703953695
40,0.2,5.21890201310094,2,2.01615287067788,0.0161528706778826,1.37410750968996,-0.625892490310038
40,0.21,5.46694589122116,2.0328124,2.04371330158013,0.0109009015801291,1.42827118107678,-0.604541218923222
40,0.22,5.71370623218337,2.0656248,2.0711311172426,0.00550631724259709,1.48215457509748,-0.583470224902515
40,0.23,5.9591714703698,2.0993748,2.09948173998602,0.000106939986016741,1.53575516624601,-0.563619633753991
40,0.24,6.20332911093452,2.1340624,2.13407371836623,1.13183662269201e-05,1.58907022610698,-0.544992173893017
40,0.25,6.44616566769307,2.16875,2.16820483080455,-0.000545169195449002,1.64209680979312,-0.526653190206877
40,0.26,6.68766659574958,2.1996876,2.19968864451388,1.04451388160953e-06,1.69483174123346,-0.504855858766545
40,0.27,6.92781621834366,2.2306252,2.2306394257606,1.42257605979523e-05,1.74727159719938,-0.48335360280062
40,0.28,7.1665976473267,2.2568752,2.25931086237426,0.00243566237426007,1.79941268993961,-0.457462510060393
40,0.29,7.4039926965929,2.2784376,2.28571773717699,0.00728013717698994,1.85125104827667,-0.427186551723326
40,0.3,7.63998178769464,2.3,2.3119387472994,0.0119387472994044,1.90278239699681,-0.397217603003191
40,0.31,7.87454384676067,2.3146876,2.33800119830674,0.0233135983067418,1.95400213434066,-0.36068546565934
40,0.32,8.10765619170839,2.3293752,2.3639025699676,0.034527369967599,2.00490530737458,-0.324469892625419
40,0.33,8.33929440859261,2.3431252,2.3896401496214,0.0465149496214008,2.05548658498976,-0.287638615010238
40,0.34,8.56943221576174,2.3559376,2.41521101708464,0.0592734170846381,2.10574022823892,-0.250197371761078
40,0.35,8.79804131429106,2.36875,2.44061202803234,0.0718620280323403,2.15566005767643,-0.213089942323574
40,0.36,9.02509122292775,2.3778124,2.46583979565864,0.088027395658639,2.20523941731635,-0.172572982683648
40,0.37,9.25054909550623,2.3868748,2.49089067038958,0.104015870389581,2.2544711347627,-0.1324036652373
40,0.38,9.47437951846642,2.3931248,2.51576071738516,0.122635917385157,2.30334747699483,-0.0897773230051726
40,0.39,9.6965442857218,2.3965624,2.54044569152464,0.143883291524645,2.35186010120689,-0.0447022987931085
40,0.4,9.91700214766548,2.4,2.56494100951839,0.164941009518387,2.4,0
45,0.02,0.543478056855757,0.500612,0.456327962382984,-0.0442840376170162,0.356559101968754,-0.144052898031246
45,0.03,0.813439353600688,0.7351776,0.629659802330799,-0.105517797669201,0.419270168039316,-0.315907431960684
45,0.04,1.08221437442742,0.9540028,0.80222997917403,-0.15177282082597,0.48170566635857,-0.47229713364143
45,0.05,1.34980180316696,1.172828,0.974037648943553,-0.198790351056447,0.543865291185059,-0.628962708814941
45,0.06,1.61619993555141,1.3392224,1.14508171668413,-0.194140683315865,0.605748646623302,-0.733473753376697
45,0.07,1.88140667013273,1.5056168,1.31536083320408,-0.190255966795923,0.667355244514262,-0.838261555485738
45,0.08,2.14541949713403,1.6353694,1.48487338790497,-0.150496012095031,0.728684501845537,-0.906684898154463
45,0.09,2.40823548520156,1.7284802,1.65361749739238,-0.0748627026076163,0.78973573767389,-0.93874446232611
45,0.1,2.6698512660178,1.821591,1.82040292004576,-0.00118807995423542,0.850508169550931,-0.971082830449069
45,0.11,2.93026301672761,1.8614134,1.86141645741628,3.0574162841468e-06,0.911000909440767,-0.950412490559233
45,0.12,3.18946644011939,1.9012358,1.90123852230801,2.72230801123818e-06,0.971212959116155,-0.930022840883845
45,0.13,3.44745674249211,1.9342592,1.93538904833003,0.00112984833002794,1.03114320501709,-0.903115994982908
45,0.14,3.70422860912648,1.9604836,1.96399311756961,0.00350951756960938,1.09079041255286,-0.86969318744714
45,0.15,3.95977617726429,1.986708,1.99238729180714,0.00567929180714355,1.1501532198252,-0.836554780174795
45,0.16,4.2140930064834,2.008314,2.02064471727593,0.0123307172759337,1.20923013074657,-0.799083869253434
45,0.17,4.46717204633799,2.02992,2.04876461059311,0.0188446105931099,1.26801950752301,-0.761900492476989
45,0.18,4.71900560111238,2.0538284,2.07674611667915,0.0229177166791539,1.32651956246668,-0.727308837533323
45,0.19,4.9695852915136,2.0800392,2.10458830450151,0.0245491045015114,1.38472834909708,-0.695310850902924
45,0.2,5.21890201310094,2.10625,2.13229016245566,0.0260401624556605,1.44264375248445,-0.663606247515554
45,0.21,5.46694589122116,2.1421596,2.15985059335791,0.0176909933579066,1.50026347878133,-0.641896121218668
45,0.22,5.71370623218337,2.1780692,2.18736004650607,0.00929084650607326,1.55758504388071,-0.620484156119295
45,0.23,5.9591714703698,2.2157796,2.21671999886582,0.000940398865815428,1.61460576112996,-0.601173838870039
45,0.24,6.20332911093451,2.2552908,2.2553005592259,9.75922590118472e-06,1.67132272802005,-0.583968071979955
45,0.25,6.44616566769307,2.294802,2.29439044455003,-0.00041155544996796,1.72773281175743,-0.567069188242572
45,0.26,6.68766659574958,2.3302984,2.33031241389575,1.40138957496205e-05,1.78383263361361,-0.546465766386394
45,0.27,6.92781621834365,2.3657948,2.36580656414269,1.17641426862214e-05,1.83961855193192,-0.526176248068084
45,0.28,7.16659764732669,2.39535,2.39663980997216,0.00128980997216477,1.89508664365444,-0.500263356345563
45,0.29,7.4039926965929,2.418964,2.42316673717699,0.00420273717698949,1.95023268421233,-0.468731315787668
45,0.3,7.63998178769464,2.442578,2.4493877472994,0.0068097472994042,2.00505212560061,-0.437525874399389
45,0.31,7.87454384676067,2.4570848,2.47545019830674,0.0183653983067416,2.05954007243262,-0.397544727567383
45,0.32,8.10765619170839,2.4715916,2.5013515699676,0.0297599699675986,2.1136912557398,-0.357900344260198
45,0.33,8.33929440859261,2.4849478,2.5270891496214,0.0421413496214003,2.16750000424799,-0.317447795752007
45,0.34,8.56943221576175,2.4971534,2.55266001708464,0.0555066170846383,2.22096021282135,-0.276193187178649
45,0.35,8.79804131429106,2.509359,2.57806102803234,0.0687020280323405,2.27406530771853,-0.235293692281473
45,0.36,9.02509122292775,2.5173602,2.60328879565864,0.0859285956586393,2.32680820825098,-0.190551991749019
45,0.37,9.25054909550622,2.5253614,2.62833967038958,0.102978270389581,2.37918128436921,-0.146180115630795
45,0.38,9.47437951846642,2.5302888,2.65320971738516,0.122920917385157,2.43117630962692,-0.0991124903730785
45,0.39,9.6965442857218,2.5321424,2.67789469152464,0.145752291524645,2.48278440888371,-0.04935799111629
45,0.4,9.91700214766548,2.533996,2.70239000951839,0.168394009518387,2.533996,1.33226762955019e-15
50,0.02,0.543478056855757,0.5340768,0.467497012286176,-0.0665797877138244,0.359815686710284,-0.174261113289716
50,0.03,0.813439353600688,0.7842266,0.653212764931873,-0.131013835068127,0.426137558005501,-0.358089041994499
50,0.04,1.08221437442742,1.0174878,0.838112437445179,-0.179375362554821,0.492167994788747,-0.525319805211253
50,0.05,1.34980180316696,1.250749,1.02219512412988,-0.228553875870116,0.557906673714452,-0.692842326285548
50,0.06,1.61619993555141,1.4268178,1.20545965256092,-0.221358147439082,0.623353176092091,-0.803464623907909
50,0.07,1.88140667013273,1.6028866,1.38790457666317,-0.214982023336826,0.68850698565519,-0.91437961434481
50,0.08,2.14541949713403,1.7387974,1.56952817076193,-0.169269229238065,0.753367485822406,-0.985429914177593
50,0.09,2.40823548520156,1.8345502,1.7503284174217,-0.0842217825783009,0.817933956442855,-1.01661624355714
50,0.1,2.6698512660178,1.930303,1.92368802985109,-0.00661497014891443,0.882205570015988,-1.04809742998401
50,0.11,2.93026301672761,1.9684686,1.96847995620562,1.13562056185401e-05,0.946181387374194,-1.02228721262581
50,0.12,3.18946644011939,2.0066342,2.00664460313158,1.04031315775188e-05,1.00986035281386,-0.996773847186136
50,0.13,3.44745674249211,2.0380644,2.04003291016579,0.00196851016578936,1.07324128865795,-0.964823111342048
50,0.14,3.70422860912648,2.0627592,2.06856311756961,0.00580391756960896,1.13632288922993,-0.926436310770067
50,0.15,3.95977617726429,2.087454,2.09695729180714,0.00950329180714338,1.19910371421558,-0.888350285784423
50,0.16,4.2140930064834,2.1081908,2.12521471727593,0.0170239172759334,1.26158218138494,-0.846608618615058
50,0.17,4.46717204633799,2.1289276,2.15333461059311,0.02440701059311,1.32375655864248,-0.805171041357522
50,0.18,4.71900560111239,2.152548,2.18131611667915,0.0287681166791542,1.38562495536805,-0.766923044631953
50,0.19,4.9695852915136,2.179052,2.20915830450151,0.0301063045015111,1.44718531300585,-0.731866686994145
50,0.2,5.21890201310094,2.205556,2.23686016245566,0.0313041624556609,1.50843539485179,-0.697120605148212
50,0.21,5.46694589122116,2.2441024,2.26442059335791,0.0203181933579071,1.56937277498224,-0.674729625017762
50,0.22,5.71370623218338,2.2826488,2.29183840902038,0.00918960902037558,1.62999482625918,-0.652653973740824
50,0.23,5.9591714703698,2.323969,2.32477170878563,0.000802708785627715,1.69029870733673,-0.633670292663267
50,0.24,6.20332911093451,2.368063,2.36807605736255,1.30573625511943e-05,1.75028134858392,-0.617781651416079
50,0.25,6.44616566769308,2.412157,2.41170040587442,-0.000456594125583187,1.80993943682585,-0.602217563174149
50,0.26,6.68766659574958,2.4521498,2.45216317461404,1.33746140407176e-05,1.86926939879211,-0.58288040120789
50,0.27,6.92781621834366,2.4921426,2.4921562230632,1.36230632037382e-05,1.92826738314513,-0.563875216854867
50,0.28,7.1665976473267,2.5249196,2.52538550948074,0.000465909480744209,1.98692924094345,-0.537990359056548
50,0.29,7.4039926965929,2.5504808,2.55176273717699,0.00128193717698943,2.04525050437415,-0.505230295625847
50,0.3,7.63998178769464,2.576042,2.5779837472994,0.00194174729940411,2.10322636356523,-0.472815636434771
50,0.31,7.87454384676067,2.5902536,2.60404619830674,0.0137925983067411,2.1608516412613,-0.429401958738699
50,0.32,8.10765619170839,2.6044652,2.6299475699676,0.025482369967599,2.21812076511484,-0.386344434885155
50,0.33,8.33929440859261,2.6174378,2.6556851496214,0.0382473496214004,2.27502773730858,-0.342410062691421
50,0.34,8.56943221576174,2.6291714,2.68125601708464,0.0520846170846379,2.33156610118248,-0.297605298817521
50,0.35,8.79804131429107,2.640905,2.70665702803234,0.0657520280323403,2.38772890448944,-0.253176095510562
50,0.36,9.02509122292775,2.6483302,2.73188479565864,0.0835545956586383,2.44350865884593,-0.204821541154068
50,0.37,9.25054909550622,2.6557554,2.75693567038958,0.10118027038958,2.49889729487612,-0.15685810512388
50,0.38,9.47437951846641,2.6600996,2.78180571738516,0.121706117385157,2.5538861124678,-0.106213487532202
50,0.39,9.6965442857218,2.6613628,2.80649069152464,0.145127891524645,2.60846572546382,-0.0528970745361756
50,0.4,9.91700214766548,2.662626,2.83098600951839,0.168360009518386,2.662626,-2.66453525910038e-15
55,0.02,0.543478056855757,0.5614256,0.477109451361676,-0.084316148638324,0.362912442333621,-0.198513157666379
55,0.03,0.813439353600688,0.824366,0.673483192780999,-0.150882807219001,0.432667905035694,-0.391698094964305
55,0.04,1.08221437442742,1.069534,0.868994020709719,-0.200539979290281,0.502116845185964,-0.567417154814036
55,0.05,1.34980180316696,1.314702,1.06364097702011,-0.251061022979885,0.571258922698731,-0.743443077301269
55,0.06,1.61619993555141,1.4992308,1.2574228212757,-0.241807978724297,0.640093697207179,-0.859137102792821
55,0.07,1.88140667013273,1.6837596,1.45033802630769,-0.23342157369231,0.708620625716878,-0.975138974283122
55,0.08,2.14541949713403,1.825592,1.64238476574075,-0.183207234259249,0.776839059725064,-1.04875294027494
55,0.09,2.40823548520156,1.924728,1.83356090653846,-0.0911670934615443,0.844748241797466,-1.07997975820253
55,0.1,2.6698512660178,2.023864,2.0209235756009,-0.0029404243991018,0.912347301592483,-1.11151669840752
55,0.11,2.93026301672761,2.0622064,2.06221096874283,4.56874283250031e-06,0.979635251320265,-1.08257114867973
55,0.12,3.18946644011939,2.1005488,2.10054747812131,-1.32187869228417e-06,1.04661098062171,-1.05393781937829
55,0.13,3.44745674249211,2.1321214,2.13403591016579,0.00191451016578981,1.1132732508495,-1.0188481491505
55,0.14,3.70422860912648,2.1569242,2.16256611756961,0.00564191756960941,1.17962068873012,-0.977303511269876
55,0.15,3.95977617726429,2.181727,2.19096029180714,0.00923329180714338,1.24565177938192,-0.936075220618075
55,0.16,4.2140930064834,2.2027606,2.21921771727593,0.0164571172759334,1.31136485866034,-0.891395741339661
55,0.17,4.46717204633799,2.2237942,2.24733761059311,0.0235434105931103,1.37675810479641,-0.847036095203592
55,0.18,4.71900560111239,2.2478654,2.27531911667915,0.0274537166791546,1.4418295292895,-0.806035870710496
55,0.19,4.9695852915136,2.2749742,2.30316130450151,0.028187104501511,1.50657696700904,-0.768397232990956
55,0.2,5.21890201310095,2.302083,2.33086316245566,0.0287801624556603,1.5709980654531,-0.731084934546903
55,0.21,5.46694589122116,2.3425182,2.35842359335791,0.0159053933579067,1.63509027310403,-0.707427926895966
55,0.22,5.71370623218338,2.3829534,2.38691218623514,0.00395878623514223,1.69885082681261,-0.684102573187395
55,0.23,5.9591714703698,2.4268038,2.42681579352147,1.19935214719646e-05,1.76227673813184,-0.664527061868164
55,0.24,6.20332911093451,2.4740694,2.47408071066249,1.13106624870518e-05,1.82536477851093,-0.648704621489065
55,0.25,6.44616566769307,2.521335,2.52122635262656,-0.00010864737344507,1.88811146324655,-0.633223536753451
55,0.26,6.68766659574958,2.5643838,2.5643934101419,9.61014189559961e-06,1.95051303407423,-0.613870765925769
55,0.27,6.92781621834366,2.6074326,2.60744594635332,1.33463533216194e-05,2.01256544026639,-0.594867159733611
55,0.28,7.16659764732669,2.6424624,2.64247015450474,7.75450474321815e-06,2.07426431808409,-0.568198081915908
55,0.29,7.4039926965929,2.6694732,2.66948800890847,1.4808908473718e-05,2.13560496840847,-0.533868231591532
55,0.3,7.63998178769463,2.696484,2.69639434168648,-8.96583135223672e-05,2.19658233235259,-0.49990166764741
55,0.31,7.87454384676067,2.7107788,2.72254645097341,0.0117676509734079,2.25719096462613,-0.453587835373866
55,0.32,8.10765619170839,2.7250736,2.74844782263426,0.0233742226342648,2.31742500439205,-0.407648595607947
55,0.33,8.33929440859261,2.738114,2.77418540228807,0.036071402288067,2.37727814331629,-0.360835856683709
55,0.34,8.56943221576174,2.7499,2.7997562697513,0.0498562697513041,2.436743590467,-0.313156409532997
55,0.35,8.79804131429106,2.761686,2.82515728069901,0.063471280699007,2.49581403366792,-0.265871966332081
55,0.36,9.02509122292775,2.7692756,2.85038504832531,0.081109448325305,2.55448159684969,-0.214794003150313
55,0.37,9.25054909550622,2.7768652,2.87543592305625,0.0985707230562469,2.61273779287173,-0.164127407128273
55,0.38,9.47437951846642,2.7815166,2.90030597005182,0.118789370051823,2.67057347120284,-0.110943128797164
55,0.39,9.6965442857218,2.7832298,2.92499094419131,0.141761144191312,2.72797875974922,-0.055251040250782
55,0.4,9.91700214766548,2.784943,2.94948626218505,0.164543262185053,2.784943,8.88178419700125e-16
60,0.02,0.543478056855757,0.5803128,0.484931648763586,-0.0953811512364139,0.365825393205162,-0.214487406794838
60,0.03,0.813439353600688,0.8521878,0.689978413152345,-0.162209386847655,0.438810650020063,-0.413377149979937
60,0.04,1.08221437442742,1.1057814,0.894124152140091,-0.211657247859909,0.511475191778446,-0.594306208221554
60,0.05,1.34980180316696,1.359375,1.09736786575483,-0.262007134245165,0.583818662648077,-0.775556337351923
60,0.06,1.61619993555141,1.5510938,1.299708259075,-0.251385540925,0.655840601872423,-0.895253198127577
60,0.07,1.88140667013273,1.7428126,1.50114373718315,-0.24166886281685,0.727540441315508,-1.01527215868449
60,0.08,2.14541949713403,1.8909376,1.70167239314044,-0.189265206859562,0.798917502447809,-1.09202009755219
60,0.09,2.40823548520156,1.9954688,1.90129199975206,-0.0941768002479451,0.869970992764587,-1.12549780723541
60,0.1,2.6698512660178,2.1,2.10000000000286,2.8572699761753e-12,0.940700001625975,-1.15929999837403
60,0.11,2.93026301672761,2.1418528,2.14185671295653,3.91295653301427e-06,1.01110349550581,-1.13074930449419
60,0.12,3.18946644011939,2.1837056,2.18371268646442,7.0864644232671e-06,1.08118031263351,-1.10252528736649
60,0.13,3.44745674249211,2.2182592,2.21886532030411,0.000606120304106117,1.15092915701033,-1.06733004298967
60,0.14,3.70422860912648,2.2455136,2.24747811756961,0.00196451756960947,1.22034859177789,-1.02516500822211
60,0.15,3.95977617726429,2.272768,2.27587229180714,0.00310429180714333,1.28943703191301,-0.983330968086993
60,0.16,4.2140930064834,2.2954688,2.30412971727593,0.00866091727593332,1.35819273621845,-0.937276063781551
60,0.17,4.46717204633799,2.3181696,2.33224961059311,0.0140800105931098,1.42661379857432,-0.891555801425683
60,0.18,4.71900560111239,2.343616,2.36023111667915,0.0166151166791542,1.49469813840909,-0.848917861590906
60,0.19,4.9695852915136,2.371808,2.38807330450151,0.0162653045015113,1.56244349034304,-0.809364509656956
60,0.2,5.21890201310094,2.4,2.41577516245566,0.0157751624556601,1.62984739294948,-0.770152607050524
60,0.21,5.46694589122116,2.4412856,2.44427953586082,0.00299393586082264,1.69690717657125,-0.744378423428751
60,0.22,5.71370623218338,2.4825712,2.48257710088387,5.90088386598353e-06,1.7636199501207,-0.718951249879304
60,0.23,5.9591714703698,2.5271426,2.52715486685983,1.22668598296904e-05,1.82998258678077,-0.697160013219227
60,0.24,6.20332911093452,2.5749998,2.57500996550826,1.01655082627161e-05,1.89599170851341,-0.679008091486592
60,0.25,6.44616566769307,2.622857,2.6226261167655,-0.00023088323450482,1.96164366926768,-0.661213330732324
60,0.26,6.68766659574958,2.6661426,2.66615454621795,1.19462179490881e-05,2.02693453676523,-0.639208063234769
60,0.27,6.92781621834366,2.7094282,2.70944243738644,1.42373864382428e-05,2.09186007272304,-0.617568127276959
60,0.28,7.16659764732669,2.7448568,2.74486848318088,1.16831808782969e-05,2.1564157113538,-0.588441088646203
60,0.29,7.4039926965929,2.7724284,2.7724423682475,1.39682474999958e-05,2.2205965359616,-0.551831864038404
60,0.3,7.63998178769464,2.8,2.7999999999643,-3.56967788661677e-11,2.28439725342462,-0.515602746575379
60,0.31,7.87454384676067,2.81525,2.82606245097341,0.010812450973408,2.34781216632653,-0.467437833673469
60,0.32,8.10765619170839,2.8305,2.85196382263427,0.0214638226342658,2.41083514246377,-0.419664857536233
60,0.33,8.3392944085926,2.8445,2.87770140228807,0.0332014022880669,2.47345958141589,-0.371040418584106
60,0.34,8.56943221576174,2.85725,2.9032722697513,0.0460222697513051,2.53567837781962,-0.321571622180383
60,0.35,8.79804131429106,2.87,2.92867328069901,0.0586732806990069,2.59748388093272,-0.272516119067283
60,0.36,9.02509122292775,2.87875,2.9539010483253,0.0751510483253046,2.65886785001072,-0.219882149989282
60,0.37,9.25054909550622,2.8875,2.97895192305625,0.0914519230562467,2.71982140494429,-0.167678595055707
60,0.38,9.47437951846641,2.8935,3.00382197005182,0.110321970051823,2.7803349715174,-0.113165028482596
60,0.39,9.6965442857218,2.89675,3.02850694419131,0.131756944191311,2.84039822054186,-0.0563517794581356
60,0.4,9.91700214766548,2.9,3.05300226218505,0.153002262185053,2.9,-1.33226762955019e-15
65,0.02,0.543478056855757,0.5913112,0.490839187978381,-0.100472012021619,0.368800194628857,-0.222511005371143
65,0.03,0.813439353600688,0.8684858,0.702436056918539,-0.166049743081461,0.445083823626739,-0.423401976373261
65,0.04,1.08221437442742,1.1271794,0.913103118277832,-0.214076281722168,0.521032243714587,-0.606147156285413
65,0.05,1.34980180316696,1.385873,1.12283933886952,-0.263033661130476,0.596645082979289,-0.789227917020711
65,0.06,1.61619993555141,1.5831838,1.33164338444842,-0.25154041555158,0.671921859841658,-0.911261940158342
65,0.07,1.88140667013273,1.7804946,1.53951360632255,-0.240980993677452,0.746861980490343,-1.03363261950966
65,0.08,2.14541949713403,1.93482,1.74644803888519,-0.18837196111481,0.821464735731508,-1.11335526426849
65,0.09,2.40823548520156,2.04616,1.95244438325667,-0.0937156167433324,0.895729297245294,-1.15043070275471
65,0.1,2.6698512660178,2.1575,2.15252883592065,-0.00497116407934595,0.969654713237918,-1.18784528676208
65,0.11,2.93026301672761,2.2064548,2.20646496964317,1.01696431737963e-05,1.04323990347578,-1.16321489652422
65,0.12,3.18946644011939,2.2554096,2.25541789037849,8.2903784930366e-06,1.11648365368521,-1.13892594631479
65,0.13,3.44745674249211,2.2964496,2.29829317021316,0.00184357021315851,1.18938460929829,-1.10706499070171
65,0.14,3.70422860912648,2.3295748,2.33497486544664,0.00540006544664084,1.2619412685217,-1.0676335314783
65,0.15,3.95977617726429,2.3627,2.3714816608949,0.00878166089489874,1.33415197470138,-1.02854802529862
65,0.16,4.2140930064834,2.3896592,2.40781263649763,0.018153436497629,1.4060149079514,-0.983644292048601
65,0.17,4.46717204633799,2.4166184,2.44396678504828,0.0273483850482843,1.47752807600989,-0.939090323990112
65,0.18,4.71900560111239,2.4453284,2.47994300715891,0.0346146071589124,1.54868930427951,-0.896639095720495
65,0.19,4.9695852915136,2.4757892,2.51574010578766,0.039950905787657,1.61949622500278,-0.856292974997223
65,0.2,5.21890201310094,2.50625,2.55135678030013,0.0451067803001348,1.68994626551546,-0.816303734484538
65,0.21,5.46694589122116,2.5468084,2.58679162003159,0.039983220031595,1.76003663551245,-0.78677176448755
65,0.22,5.71370623218337,2.5873668,2.62204309731191,0.0346762973119108,1.82976431325115,-0.75760248674885
65,0.23,5.9591714703698,2.630024,2.65710955990997,0.0270855599099709,1.89912603060644,-0.730897969393559
65,0.24,6.20332911093452,2.67478,2.69198922284779,0.017209222847788,1.96811825687892,-0.706661743121083
65,0.25,6.44616566769307,2.719536,2.72668015952758,0.00714415952758163,2.0367371812442,-0.682798818755804
65,0.26,6.68766659574958,2.7596856,2.76129382303249,0.00160822303249386,2.1049786937152,-0.654706906284802
65,0.27,6.92781621834365,2.7998352,2.79983566627344,4.66273442523146e-07,2.1728383644711,-0.6269968355289
65,0.28,7.1665976473267,2.8335998,2.83694122647524,0.00334142647524205,2.24031142138613,-0.593288378613868
65,0.29,7.4039926965929,2.8609794,2.87085480494184,0.00987540494184325,2.30739272556755,-0.553586674432447
65,0.3,7.63998178769464,2.888359,2.90456753224209,0.0162085322420911,2.37407674468516,-0.514282255314843
65,0.31,7.87454384676067,2.9059242,2.93807639782295,0.0321521978229531,2.44035752384321,-0.46556667615679
65,0.32,8.10765619170839,2.9234894,2.97137816138691,0.0478887613869126,2.50622865370973,-0.417260746290275
65,0.33,8.33929440859261,2.9398814,3.00446933522752,0.0645879352275154,2.57168323557604,-0.368198164423964
65,0.34,8.56943221576175,2.9551002,3.03734616482311,0.0822459648231066,2.63671384297108,-0.318386357028919
65,0.35,8.79804131429107,2.970319,3.07000460747015,0.099685607470152,2.70131247939795,-0.269006520602054
65,0.36,9.02509122292775,2.9820514,3.10244030870396,0.120388908703964,2.7654705316939,-0.216580868306103
65,0.37,9.25054909550622,2.9937838,3.13464857621517,0.140864776215174,2.82917871843697,-0.164605081563032
65,0.38,9.47437951846641,3.00322,3.16662435092377,0.163404350923773,2.89242703273021,-0.11079296726979
65,0.39,9.6965442857218,3.01036,3.1983621748174,0.1880021748174,2.95520467858558,-0.055155321414416
65,0.4,9.91700214766548,3.0175,3.22985615509507,0.212356155095068,3.0175,-1.77635683940025e-15
70,0.02,0.543478056855757,0.5987984,0.495548061476822,-0.103250338523178,0.371789072559714,-0.227009327440286
70,0.03,0.813439353600688,0.879619,0.712365990701987,-0.167253009298013,0.451386681357035,-0.428232318642965
70,0.04,1.08221437442742,1.141861,0.928231169416433,-0.213629830583567,0.530634518807124,-0.611226481192876
70,0.05,1.34980180316696,1.404103,1.14314253993161,-0.260960460068388,0.609532196839897,-0.794570803160103
70,0.06,1.61619993555141,1.6058142,1.35709873328564,-0.248715466714361,0.688079212954985,-0.917734987045015
70,0.07,1.88140667013273,1.8075254,1.57009806284576,-0.237427337154242,0.766274947544168,-1.04125045245583
70,0.08,2.14541949713403,1.9673714,1.78213851129218,-0.185232888707825,0.844118660604192,-1.12325273939581
70,0.09,2.40823548520156,2.0853522,1.99321772593052,-0.0921344740694796,0.921609487830608,-1.16374271216939
70,0.1,2.6698512660178,2.203333,2.20104103935455,-0.00229196064545345,0.998746436080978,-1.20458656391902
70,0.11,2.93026301672761,2.2608282,2.26083004806712,1.8480671193366e-06,1.07552837819326,-1.18529982180674
70,0.12,3.18946644011939,2.3183234,2.31832699935331,3.5993533127332e-06,1.15195404714224,-1.16636935285776
70,0.13,3.44745674249211,2.367624,2.36763516963247,1.11696324682775e-05,1.22802202951368,-1.13960197048632
70,0.14,3.70422860912648,2.40873,2.40874175725557,1.17572555748957e-05,1.30373075827205,-1.10499924172795
70,0.15,3.95977617726429,2.449836,2.44923817846872,-0.000597821531281628,1.37907850479351,-1.07075749520649
70,0.16,4.2140930064834,2.4829744,2.48616697564049,0.00319257564048581,1.45406337013102,-1.02891102986898
70,0.17,4.46717204633799,2.5161128,2.52232112419114,0.00620832419114192,1.52868327547315,-0.987429524526847
70,0.18,4.71900560111239,2.549479,2.55829734630177,0.0088183463017697,1.60293595175182,-0.946543048248178
70,0.19,4.9695852915136,2.583073,2.59409444493051,0.0110214449305146,1.67681892834737,-0.906254071652631
70,0.2,5.21890201310094,2.616667,2.62971111944299,0.0130441194429922,1.75032952083163,-0.866337479168368
70,0.21,5.46694589122116,2.6552818,2.66514595917445,0.00986415917445171,1.82346481768064,-0.83181698231936
70,0.22,5.71370623218338,2.6938966,2.70039743645477,0.00650083645476762,1.89622166587863,-0.797674934121369
70,0.23,5.9591714703698,2.7328568,2.73546389905283,0.00260709905282752,1.96859665532375,-0.764260144676255
70,0.24,6.20332911093451,2.7721624,2.77228789514129,0.000125495141294341,2.04058610193286,-0.731576298067138
70,0.25,6.44616566769307,2.811468,2.81094985523795,-0.00051814476204548,2.11218602932845,-0.699281970671549
70,0.26,6.68766659574958,2.8467516,2.84676415248177,1.25524817682354e-05,2.1833921489738,-0.663359451026205
70,0.27,6.92781621834365,2.8820352,2.88203934586679,4.14586679031714e-06,2.25419983860394,-0.627835361396057
70,0.28,7.1665976473267,2.9131166,2.91670822647524,0.00359162647524247,2.32460411877828,-0.588512481221721
70,0.29,7.4039926965929,2.9399958,2.95062180494184,0.0106260049418432,2.39459962735581,-0.545396172644186
70,0.3,7.63998178769464,2.966875,2.98433453224209,0.0174595322420914,2.46418059166604,-0.502694408333961
70,0.31,7.87454384676067,2.987405,3.01784339782295,0.0304383978229534,2.53334079811546,-0.454064201884542
70,0.32,8.10765619170839,3.007935,3.05114516138691,0.0432101613869125,2.6020735589323,-0.405861441067698
70,0.33,8.3392944085926,3.0274482,3.08423633522751,0.0567881352275146,2.6703716757082,-0.357076524291798
70,0.34,8.56943221576175,3.0459446,3.11711316482311,0.0711685648231066,2.73822739934488,-0.307717200655122
70,0.35,8.79804131429107,3.064441,3.14977160747015,0.0853306074701528,2.80563238595464,-0.258808614045364
70,0.36,9.02509122292776,3.0802598,3.18220730870397,0.101947508703965,2.87257764819423,-0.207682151805769
70,0.37,9.25054909550623,3.0960786,3.21441557621518,0.118336976215175,2.93905350143009,-0.157025098569914
70,0.38,9.47437951846642,3.1103016,3.24639135092377,0.136089750923774,3.00504950403693,-0.105252095963074
70,0.39,9.69654428572181,3.1229288,3.2781291748174,0.155200374817401,3.070554391018,-0.0523744089819953
70,0.4,9.91700214766549,3.135556,3.30962315509507,0.17406715509507,3.135556,4.88498130835069e-15
75,0.02,0.543478056855757,0.6061392,0.500085770043628,-0.106053429956372,0.374327831388343,-0.231811368611657
75,0.03,0.813439353600688,0.8905304,0.721934977935115,-0.168595422064885,0.456740341184751,-0.433790058815249
75,0.04,1.08221437442742,1.1562432,0.942809325500947,-0.213433874499053,0.538790710270958,-0.617452489729042
75,0.05,1.34980180316696,1.421956,1.16270773243152,-0.259248267568476,0.620478536853112,-0.801477463146888
75,0.06,1.61619993555141,1.6279204,1.38162879696064,-0.246291603039365,0.701803300660355,-0.926117099339645
75,0.07,1.88140667013273,1.8338848,1.59957079348448,-0.234314006515522,0.782764360172551,-1.05112043982745
75,0.08,2.14541949713403,1.9989936,1.81653165807202,-0.182461941927978,0.863360949216869,-1.13563265078313
75,0.09,2.40823548520156,2.1232468,2.03250898336756,-0.0907378166324384,0.943592172923475,-1.17965462707653
75,0.1,2.6698512660178,2.2475,2.24309427530145,-0.00440572469855116,1.0234570030283,-1.2240429969717
75,0.11,2.93026301672761,2.3128572,2.31286787412856,1.06741285570422e-05,1.10295427250819,-1.20990292749181
75,0.12,3.18946644011939,2.3782144,2.37821821066799,3.81066798516017e-06,1.18208266953068,-1.19613173046932
75,0.13,3.44745674249211,2.4350538,2.4350626066777,8.80667769553867e-06,1.26084073069734,-1.17421306930266
75,0.14,3.70422860912648,2.4833754,2.48338211008032,6.71008031938314e-06,1.33922683355579,-1.14414856644421
75,0.15,3.95977617726429,2.531697,2.53060276719801,-0.00109423280198939,1.41723918835087,-1.11445781164913
75,0.16,4.2140930064834,2.5703046,2.57031678525652,1.21852565175828e-05,1.49487582898093,-1.07542877101907
75,0.17,4.46717204633799,2.6089122,2.60892438891601,1.21889160085153e-05,1.57213460311917,-1.03677759688083
75,0.18,4.71900560111239,2.6463228,2.64633359558033,1.0795580329237e-05,1.64901316145384,-0.99730963854616
75,0.19,4.9695852915136,2.6825364,2.68254200049907,5.60049907338822e-06,1.72550894599396,-0.957027454006043
75,0.2,5.21890201310094,2.71875,2.71876296284776,1.29628477587573e-05,1.80161917737886,-0.917130822621139
75,0.21,5.46694589122116,2.7552716,2.75528095898396,9.35898395582058e-06,1.87734084112104,-0.877930758878962
75,0.22,5.71370623218338,2.7917932,2.79180592888304,1.27288830444883e-05,1.95267067270104,-0.839122527298964
75,0.23,5.9591714703698,2.827063,2.82756399605283,0.000500996052828384,2.02760514142168,-0.799457858578325
75,0.24,6.20332911093452,2.861081,2.86244365899065,0.00136265899064458,2.1021404329154,-0.7589405670846
75,0.25,6.44616566769307,2.895099,2.89713459567044,0.00203559567043898,2.17627243018351,-0.718826569816489
75,0.26,6.68766659574958,2.9257038,2.93163472824994,0.00593092824993979,2.24999669302887,-0.675707106971125
75,0.27,6.92781621834366,2.9563086,2.96594181719195,0.00963321719195109,2.32330843572412,-0.633000164275884
75,0.28,7.16659764732669,2.9846794,3.00005344990381,0.0153740499038135,2.39620250273498,-0.588476897265019
75,0.29,7.4039926965929,3.0108162,3.03396702837041,0.0231508283704152,2.46867334229298,-0.542142857707023
75,0.3,7.63998178769464,3.036953,3.06767975567066,0.0307267556706625,2.54071497758206,-0.496238022417937
75,0.31,7.87454384676067,3.0597918,3.10118862125152,0.0413968212515243,2.61232097527035,-0.447470824729647
75,0.32,8.10765619170839,3.0826306,3.13449038481548,0.051859784815484,2.68348441107878,-0.399146188921221
75,0.33,8.33929440859261,3.104571,3.16758155865609,0.0630105586560865,2.75419783203345,-0.35037316796655
75,0.34,8.56943221576175,3.125613,3.20045838825168,0.0748453882516777,2.82445321499588,-0.301159785004116
75,0.35,8.79804131429107,3.146655,3.23311683089872,0.0864618308987235,2.89424192100398,-0.252413078996022
75,0.36,9.02509122292775,3.1656042,3.26555253213254,0.0999483321325361,2.96355464488482,-0.202049555115184
75,0.37,9.25054909550623,3.1845534,3.29776079964375,0.113207399643747,3.03238135951609,-0.152172040483914
75,0.38,9.47437951846642,3.202389,3.32973657435235,0.127347574352346,3.10071125401341,-0.101677745986593
75,0.39,9.69654428572181,3.219111,3.36147439824597,0.142363398245973,3.16853266500311,-0.0505783349968882
75,0.4,9.91700214766549,3.235833,3.39296837852364,0.157135378523641,3.23583300000001,7.105427357601e-15
80,0.02,0.543478056855757,0.6166968,0.505479609737318,-0.111217190262682,0.375952376775187,-0.240744423224813
80,0.03,0.813439353600688,0.906161,0.733309347806496,-0.172851652193504,0.460166134638534,-0.445994865361466
80,0.04,1.08221437442742,1.176741,0.960137946574381,-0.216603053425619,0.544009836667438,-0.632731163332562
80,0.05,1.34980180316696,1.447321,1.18596429503148,-0.261356704968524,0.627483072286243,-0.819837927713757
80,0.06,1.61619993555141,1.6584374,1.41078695490423,-0.247650445095772,0.710585309852796,-0.947852090147204
80,0.07,1.88140667013273,1.8695538,1.63460415247398,-0.234949647526015,0.793315893825587,-1.07623790617441
80,0.08,2.14541949713403,2.0400896,1.85741377022661,-0.182675829773388,0.875674041285933,-1.16441555871407
80,0.09,2.40823548520156,2.1700448,2.07921333309103,-0.0908314669089663,0.957658837805292,-1.21238596219471
80,0.1,2.6698512660178,2.3,2.30000000000481,4.80815387504663e-12,1.03926923264536,-1.26073076735464
80,0.11,2.93026301672761,2.370424,2.37043560539001,1.16053900072188e-05,1.12050403327593,-1.24991996672407
80,0.12,3.18946644011939,2.440848,2.44084990684382,1.90684381662365e-06,1.20136189919251,-1.23948610080749
80,0.13,3.44745674249211,2.5020088,2.50201308108595,4.28108595418308e-06,1.28184133501191,-1.22016746498809
80,0.14,3.70422860912648,2.5539064,2.55391652021561,1.01202156099767e-05,1.36194068282064,-1.19196571717936
80,0.15,3.95977617726429,2.605804,2.60486792225699,-0.000936077743006969,1.44165811374578,-1.16414588625422
80,0.16,4.2140930064834,2.6465404,2.64655114174334,1.07417433361512e-05,1.5209916187136,-1.1255487812864
80,0.17,4.46717204633799,2.6872768,2.68728822247744,1.14224774447891e-05,1.59993899835498,-1.08733780164502
80,0.18,4.71900560111239,2.726116,2.72612660076323,1.06007632307836e-05,1.67849785201049,-1.04761814798951
80,0.19,4.9695852915136,2.763058,2.76306455007566,6.55007566452426e-06,1.75666556578043,-1.00639243421957
80,0.2,5.21890201310095,2.8,2.80000000001442,1.44209089114611e-11,1.83443929955709,-0.965560700442911
80,0.21,5.46694589122116,2.8353436,2.83543483974588,9.12397458803227e-05,1.91181597296683,-0.923527627033174
80,0.22,5.71370623218338,2.8706872,2.87071952842508,3.23284250809408e-05,1.98879225013926,-0.881894949860735
80,0.23,5.9591714703698,2.9040622,2.90586899605283,0.0018067960528283,2.06536452320858,-0.838697676791416
80,0.24,6.20332911093451,2.9354686,2.94074865899064,0.00528005899064476,2.14152889443855,-0.793939705561453
80,0.25,6.44616566769307,2.966875,2.97543959567044,0.00856459567043899,2.21728115684732,-0.749593843152681
80,0.26,6.68766659574958,2.9949062,3.00993972824994,0.0150335282499401,2.29261677319065,-0.70228942680935
80,0.27,6.92781621834366,3.0229374,3.04424681719195,0.0213094171919512,2.36753085314197,-0.65540654685803
80,0.28,7.1665976473267,3.0495624,3.07835844990381,0.0287960499038133,2.44201812848515,-0.60754427151485
80,0.29,7.4039926965929,3.0747812,3.11227202837041,0.037490828370415,2.51607292610953,-0.558708273890467
80,0.3,7.63998178769464,3.1,3.14598475567066,0.0459847556706623,2.58968913856687,-0.51031086143313
80,0.31,7.87454384676067,3.1231876,3.17949362125152,0.0563060212515243,2.66286019191523,-0.460327408084772
80,0.32,8.10765619170839,3.1463752,3.21279538481548,0.0664201848154846,2.73557901053511,-0.410796189464885
80,0.33,8.33929440859261,3.1686252,3.24588655865609,0.0772613586560866,2.8078379785568,-0.360787221443198
80,0.34,8.56943221576175,3.1899376,3.27876338825168,0.0888257882516781,2.87962889748417,-0.310308702515826
80,0.35,8.79804131429107,3.21125,3.31142183089872,0.100171830898724,2.95094293953775,-0.260307060462249
80,0.36,9.02509122292775,3.2303124,3.34385753213254,0.113545132132536,3.02177059616622,-0.208541803833784
80,0.37,9.25054909550623,3.2493748,3.37606579964375,0.126690999643746,3.09210162108957,-0.157273178910429
80,0.38,9.47437951846642,3.2671248,3.40804157435235,0.140916774352345,3.16192496713547,-0.105199832864534
80,0.39,9.69654428572181,3.2835624,3.43977939824597,0.156216998245972,3.23122871600985,-0.0523336839901543
80,0.4,9.91700214766549,3.3,3.47127337852364,0.171273378523641,3.30000000000001,6.66133814775094e-15
85,0.02,0.543478056855757,0.6334928,0.512077457544543,-0.121415342455457,0.376917604896705,-0.256575195103295
85,0.03,0.813439353600688,0.930869,0.747222694385689,-0.183646305614311,0.462201579266232,-0.468667420733767
85,0.04,1.08221437442742,1.208875,0.981334646120287,-0.227540353879713,0.54711079500842,-0.66176420499158
85,0.05,1.34980180316696,1.486881,1.21441216579555,-0.272468834204449,0.631644836329881,-0.855236163670119
85,0.06,1.61619993555141,1.704069,1.44645376834769,-0.257615231652307,0.715803164832175,-0.988265835167824
85,0.07,1.88140667013273,1.921257,1.67745762424469,-0.24379937575531,0.799585116642953,-1.12167188335705
85,0.08,2.14541949713403,2.0967246,1.90742154735991,-0.189303052640094,0.882989898893942,-1.21373470110606
85,0.09,2.40823548520156,2.2304718,2.13634298394674,-0.0941288160532632,0.966016585535734,-1.26445521446427
85,0.1,2.6698512660178,2.364219,2.3615559181765,-0.0026630818235005,1.04866411247689,-1.31555488752311
85,0.11,2.93026301672761,2.435875,2.43588260861273,7.60861272786073e-06,1.13093127203215,-1.30494372796785
85,0.12,3.18946644011939,2.507531,2.50754201594831,1.10159483135419e-05,1.21281670666141,-1.29471429333859
85,0.13,3.44745674249211,2.5693076,2.56931937880455,1.17788045512768e-05,1.29431890197769,-1.27498869802231
85,0.14,3.70422860912648,2.6212048,2.62120750845731,2.70845730732105e-06,1.37543617899815,-1.24576862100185
85,0.15,3.95977617726429,2.673102,2.67190710335921,-0.00119489664079397,1.45616668560796,-1.21693531439204
85,0.16,4.2140930064834,2.7132056,2.71321653933585,1.09393358460608e-05,1.53650838720141,-1.17669721279859
85,0.17,4.46717204633799,2.7533092,2.75332017815559,1.09781555894806e-05,1.61645905645908,-1.13685014354092
85,0.18,4.71900560111239,2.7915014,2.7915135943035,1.21943035025218e-05,1.69601626221313,-1.09548513778687
85,0.19,4.9695852915136,2.8277822,2.82779421383423,1.20138342301068e-05,1.77517735734556,-1.05260484265444
85,0.2,5.21890201310094,2.864063,2.86399944237083,-6.35576291734274e-05,1.85393946565563,-1.01012353434437
85,0.21,5.46694589122116,2.8990518,2.89949783974588,0.000446039745880533,1.93229946762328,-0.966752332376721
85,0.22,5.71370623218337,2.9340406,2.9347493170262,0.000708717026196126,2.01025398498478,-0.923786615015217
85,0.23,5.9591714703698,2.967052,2.96981577962426,0.00276377962425745,2.08779936402436,-0.87925263597564
85,0.24,6.20332911093452,2.998086,3.00469544256207,0.00660944256207374,2.16493165747204,-0.833154342527963
85,0.25,6.44616566769307,3.02912,3.03938637924187,0.0102663792418678,2.24164660488225,-0.787473395117747
85,0.26,6.68766659574958,3.0564324,3.07388651182137,0.0174541118213685,2.31793961134995,-0.738492788650053
85,0.27,6.92781621834366,3.0837448,3.10819360076338,0.0244488007633796,2.39380572440065,-0.689939075599351
85,0.28,7.1665976473267,3.1095146,3.14230523347524,0.0327906334752419,2.46923960886798,-0.640274991132018
85,0.29,7.4039926965929,3.1337418,3.17621881194184,0.0424770119418434,2.54423551954551,-0.589506280454491
85,0.3,7.63998178769464,3.157969,3.20993153924209,0.0519625392420915,2.61878727136949,-0.539181728630509
85,0.31,7.87454384676067,3.1800118,3.24344040482295,0.0634286048229535,2.69288820685415,-0.487123593145849
85,0.32,8.10765619170839,3.2020546,3.27674216838691,0.0746875683869122,2.76653116046066,-0.435523439539335
85,0.33,8.33929440859261,3.2230792,3.30983334222752,0.0867541422275151,2.83970841953429,-0.383370780465706
85,0.34,8.56943221576175,3.2430856,3.34271017182311,0.0996245718231066,2.9124116813897,-0.330673918610298
85,0.35,8.79804131429107,3.263092,3.37536861447015,0.112276614470153,2.98463200606104,-0.278459993938956
85,0.36,9.02509122292775,3.2803656,3.40780431570396,0.127438715703965,3.05635976415916,-0.224005835840838
85,0.37,9.25054909550623,3.2976392,3.44001258321518,0.142373383215176,3.12758457919092,-0.170054620809082
85,0.38,9.47437951846642,3.3126458,3.47198835792377,0.159342557923774,3.19829526359281,-0.114350536407186
85,0.39,9.69654428572181,3.3253854,3.5037261818174,0.178340781817401,3.26847974760914,-0.0569056523908618
85,0.4,9.91700214766549,3.338125,3.53522016209507,0.19709516209507,3.338125,4.44089209850063e-15
90,0.02,0.543478056855757,0.656412,0.519477908171504,-0.136934091828496,0.377724598899941,-0.278687401100059
90,0.03,0.813439353600688,0.9644328,0.762828547788602,-0.201604252211398,0.463903344446767,-0.500529455553233
90,0.04,1.08221437442742,1.2522684,1.00510984432919,-0.247158555670809,0.549703399523011,-0.702565000476989
90,0.05,1.34980180316696,1.540104,1.24632061254818,-0.293783387451822,0.635124343972922,-0.904979656027078
90,0.06,1.61619993555141,1.7636648,1.48645931621775,-0.277205483782247,0.720165633749361,-1.04349916625064
90,0.07,1.88140667013273,1.9872256,1.72552406008587,-0.261701539914129,0.80482659801485,-1.18239900198515
90,0.08,2.14541949713403,2.1664548,1.96351258328768,-0.20294221671232,0.889106435582605,-1.27734836441739
90,0.09,2.40823548520156,2.3013524,2.20042224161635,-0.100930158383653,0.973004210687416,-1.32834818931258
90,0.1,2.6698512660178,2.43625,2.43124616624073,-0.00500383375926505,1.05651884807375,-1.37973115192625
90,0.11,2.93026301672761,2.5059252,2.50593490076605,9.70076605266712e-06,1.1396491273857,-1.3662760726143
90,0.12,3.18946644011939,2.5756004,2.57560844389054,8.04389054254173e-06,1.22239367684033,-1.35320672315967
90,0.13,3.44745674249211,2.6354898,2.6354980624475,8.26244749818628e-06,1.30475096616219,-1.33073883383781
90,0.14,3.70422860912648,2.6855934,2.68560303310283,9.63310283452756e-06,1.38671929875312,-1.29887410124688
90,0.15,3.95977617726429,2.735697,2.73476766959317,-0.000929330406834961,1.46829680306651,-1.26740019693349
90,0.16,4.2140930064834,2.7743686,2.77437846404469,9.86404469083269e-06,1.54948142315025,-1.22488717684975
90,0.17,4.46717204633799,2.8130402,2.81305138901061,1.11890106122559e-05,1.6302709083166,-1.1827692916834
90,0.18,4.71900560111239,2.8500674,2.85034179773034,0.000274397730341214,1.71066280189074,-1.13940459810926
90,0.19,4.9695852915136,2.8854502,2.88613889635909,0.000688696359085306,1.79065442898198,-1.09479577101802
90,0.2,5.21890201310094,2.920833,2.92175557087156,0.000922570871563444,1.87024288321342,-1.05059011678658
90,0.21,5.46694589122116,2.9555854,2.95719041060302,0.00160501060302298,1.94942501233605,-1.00616038766395
90,0.22,5.71370623218337,2.9903378,2.99244188788334,0.00210408788333893,2.02819740264251,-0.962140397357487
90,0.23,5.9591714703698,3.0232648,3.0275083504814,0.00424355048140024,2.10655636208345,-0.916708437916549
90,0.24,6.20332911093452,3.0543664,3.06238801341922,0.00802161341921614,2.18449790197545,-0.869868498024553
90,0.25,6.44616566769307,3.085468,3.09707895009901,0.0116109500990107,2.26201771717376,-0.823450282826244
90,0.26,6.68766659574958,3.1125948,3.13157908267851,0.0189842826785109,2.3391111645651,-0.773483635434902
90,0.27,6.92781621834365,3.1397216,3.16588617162052,0.0261645716205217,2.41577323971528,-0.723948360284719
90,0.28,7.16659764732669,3.164878,3.19999780433238,0.0351198043323846,2.49199855148314,-0.672879448516863
90,0.29,7.4039926965929,3.188064,3.23391138279899,0.0458473827989865,2.56778129438542,-0.620282705614577
90,0.3,7.63998178769464,3.21125,3.26762411009923,0.0563741100992341,2.64311521846676,-0.568134781533236
90,0.31,7.87454384676067,3.231744,3.3011329756801,0.0693889756800963,2.71799359639325,-0.51375040360675
90,0.32,8.10765619170839,3.252238,3.33443473924406,0.0821967392440555,2.7924091874476,-0.459828812552399
90,0.33,8.33929440859261,3.2717356,3.36752591308466,0.0957903130846587,2.86635419805646,-0.405381401943539
90,0.34,8.56943221576175,3.2902368,3.40040274268025,0.11016594268025,2.93982023842547,-0.350416561574528
90,0.35,8.79804131429107,3.308738,3.4330611853273,0.124323185327295,3.01279827479363,-0.295939725206368
90,0.36,9.02509122292775,3.3242792,3.46549688656111,0.141217686561108,3.08527857674343,-0.239000623256572
90,0.37,9.25054909550623,3.3398204,3.49770515407232,0.157884754072319,3.15725065891499,-0.182569741085005
90,0.38,9.47437951846642,3.3520728,3.52968092878092,0.177608128780917,3.22870321636863,-0.123369583631371
90,0.39,9.69654428572181,3.3610364,3.56141875267454,0.200382352674545,3.29962405271674,-0.0614123472832566
90,0.4,9.91700214766549,3.37,3.59291273295221,0.222912732952213,3.37000000000001,7.54951656745106e-15
95,0.02,0.543478056855757,0.684112,0.527584695410252,-0.156527304589748,0.378278418313927,-0.305833581686073
95,0.03,0.813439353600688,1.0049248,0.77992390097247,-0.22500089902753,0.465071222511839,-0.539853577488161
95,0.04,1.08221437442742,1.3044944,1.03115426676556,-0.273340133234442,0.551482637915378,-0.753011762084622
95,0.05,1.34980180316696,1.604064,1.2812745621808,-0.322789437819204,0.637512241375009,-0.966551758624991
95,0.06,1.61619993555141,1.8343816,1.53028319374458,-0.304098406255421,0.723159484967038,-1.11122211503296
95,0.07,1.88140667013273,2.0646992,1.77817819761144,-0.286521002388558,0.808423693073995,-1.25627550692601
95,0.08,2.14541949713403,2.2469176,2.02495722834072,-0.221960371659283,0.893304058800315,-1.35361354119968
95,0.09,2.40823548520156,2.3810368,2.2706175454462,-0.110419254553798,0.977799639713079,-1.40323716028692
95,0.1,2.6698512660178,2.515156,2.50908705934884,-0.00606894065116315,1.06190935289512,-1.45324664710488
95,0.11,2.93026301672761,2.5800116,2.5800116269158,2.69157989229996e-08,1.14563196929501,-1.43437963070499
95,0.12,3.18946644011939,2.6448672,2.64487584305237,8.64305236536467e-06,1.22896610735528,-1.41590109264472
95,0.13,3.44745674249211,2.7004052,2.7004061407808,9.40780795932739e-07,1.31191022589665,-1.38849497410335
95,0.14,3.70422860912648,2.7466256,2.7466361920485,1.05920485027333e-05,1.39446261623202,-1.35216298376798
95,0.15,3.95977617726429,2.792846,2.79172379745788,-0.00112220254212048,1.47662139347924,-1.31622460652076
95,0.16,4.2140930064834,2.8287316,2.82917697564049,0.000445375640485857,1.5583844870367,-1.2703471129633
95,0.17,4.46717204633799,2.8646172,2.86533112419114,0.000713924191141579,1.6397496301796,-1.2248675698204
95,0.18,4.71900560111239,2.8994856,2.90130734630177,0.00182174630176979,1.72071434872831,-1.17877125127169
95,0.19,4.9695852915136,2.9333368,2.93710444493051,0.00376764493051374,1.80127594873246,-1.13206085126754
95,0.2,5.21890201310094,2.967188,2.97272111944299,0.00553311944299173,1.88143150310602,-1.08575649689398
95,0.21,5.46694589122116,3.0019692,3.00815595917445,0.00618675917445177,1.96117783713893,-1.04079136286107
95,0.22,5.71370623218338,3.0367504,3.04340743645477,0.00665703645476823,2.04051151279978,-0.996238887200221
95,0.23,5.9591714703698,3.0701782,3.07847389905283,0.0082956990528289,2.11942881173185,-0.950749388268154
95,0.24,6.20332911093451,3.1022526,3.11335356199065,0.0111009619906453,2.19792571683073,-0.904326883169274
95,0.25,6.44616566769307,3.134327,3.14804449867044,0.0137174986704394,2.27599789227577,-0.858329107724233
95,0.26,6.68766659574958,3.1621122,3.18254463124994,0.0204324312499398,2.35364066186961,-0.808471538130388
95,0.27,6.92781621834366,3.1898974,3.21685172019195,0.0269543201919511,2.43084898551944,-0.759048414480558
95,0.28,7.1665976473267,3.2148132,3.25096335290381,0.0361501529038137,2.50761743367001,-0.707195766329993
95,0.29,7.4039926965929,3.2368596,3.28487693137042,0.0480173313704153,2.58394015947164,-0.652919440528363
95,0.3,7.63998178769464,3.258906,3.31858965867066,0.0596836586706626,2.65981086843548,-0.599095131564521
95,0.31,7.87454384676067,3.2770728,3.35209852425153,0.0750257242515251,2.73522278529263,-0.541850014707369
95,0.32,8.10765619170839,3.2952396,3.38540028781548,0.090160687815485,2.81016861773275,-0.485070982267247
95,0.33,8.33929440859261,3.3124614,3.41849146165609,0.106030061656087,2.8846405166501,-0.427820883349897
95,0.34,8.56943221576175,3.3287382,3.45136829125168,0.122630091251678,2.95863003246963,-0.370108167530375
95,0.35,8.79804131429107,3.345015,3.48402673389872,0.139011733898724,3.03212806706109,-0.312886932938907
95,0.36,9.02509122292775,3.3580842,3.51646243513254,0.158378235132536,3.1051248206738,-0.252959379326195
95,0.37,9.25054909550623,3.3711534,3.54867070264375,0.177517302643747,3.17760973323544,-0.193543666764562
95,0.38,9.47437951846642,3.3805254,3.58064647735235,0.200121077352345,3.24957141925399,-0.13095398074601
95,0.39,9.69654428572181,3.3862002,3.61238430124597,0.226184101245972,3.32099759543765,-0.0652026045623537
95,0.4,9.91700214766549,3.391875,3.64387828152364,0.252003281523641,3.391875,-4.44089209850063e-16
100,0.02,0.543478056855758,0.7152504,0.536301551297616,-0.178948848702384,0.378484122667693,-0.336766277332307
100,0.03,0.813439353600688,1.050417,0.798305750138409,-0.252111249861591,0.465505005793152,-0.584911994206848
100,0.04,1.08221437442742,1.363125,1.05915863865558,-0.303966361344417,0.552143497889686,-0.810981502110314
100,0.05,1.34980180316696,1.675833,1.31885893929469,-0.35697406070531,0.638399174695784,-1.03743382530422
100,0.06,1.61619993555141,1.913375,1.57740499802101,-0.335970001978985,0.724271486847889,-1.18910351315211
100,0.07,1.88140667013273,2.150917,1.83479477532658,-0.316122224673418,0.809759756953106,-1.34115724304689
100,0.08,2.14541949713403,2.3357504,2.09102583541004,-0.244724564589957,0.894863175995464,-1.44088722400454
100,0.09,2.40823548520156,2.4678752,2.34609533331912,-0.121779866680876,0.979580799065469,-1.48829440093453
100,0.1,2.6698512660178,2.6,2.60000000000393,3.93018950717305e-12,1.0639115404002,-1.5360884595998
100,0.11,2.93026301672761,2.6575716,2.65757655690252,4.95690251645087e-06,1.14785416771846,-1.50971743228154
100,0.12,3.18946644011939,2.7151432,2.71515182013912,8.62013912072968e-06,1.23140729583226,-1.48373590416774
100,0.13,3.44745674249211,2.7639052,2.76391264383559,7.4438355941453e-06,1.31456937951231,-1.44933582048769
100,0.14,3.70422860912648,2.8038576,2.80386504569223,7.44569223298797e-06,1.39733870558133,-1.40651889441867
100,0.15,3.95977617726429,2.84381,2.84353606879926,-0.000273931200744038,1.47971338420397,-1.36409661579603
100,0.16,4.2140930064834,2.8750004,2.88014097564049,0.00514057564048587,1.56169133933738,-1.31330906066262
100,0.17,4.46717204633799,2.9061908,2.91629512419114,0.0101043241911416,1.64327029830015,-1.26292050169985
100,0.18,4.71900560111239,2.9374288,2.95227134630177,0.0148425463017694,1.72444778041084,-1.21298101958916
100,0.19,4.9695852915136,2.9687144,2.98806844493051,0.0193540449305147,1.80522108463978,-1.16349331536022
100,0.2,5.21890201310094,3,3.02368511944299,0.0236851194429923,1.88558727620899,-1.11441272379101
100,0.21,5.46694589122116,3.0352232,3.05911995917445,0.0238967591744519,1.96554317206572,-1.06968002793428
100,0.22,5.71370623218337,3.0704464,3.09437143645477,0.0239250364547678,2.04508532514391,-1.02536107485609
100,0.23,5.9591714703698,3.1052678,3.12943789905283,0.0241700990528275,2.12421000731554,-0.981057792684465
100,0.24,6.20332911093452,3.1396874,3.16431756199065,0.0246301619906455,2.20291319091983,-0.936774209080168
100,0.25,6.44616566769307,3.174107,3.19900849867044,0.024901498670439,2.28119052874223,-0.89291647125777
100,0.26,6.68766659574958,3.2037054,3.23350863124994,0.0298032312499408,2.35903733229701,-0.844668067702994
100,0.27,6.92781621834366,3.2333038,3.26781572019195,0.0345119201919517,2.4364485482467,-0.796855251753296
100,0.28,7.1665976473267,3.2584824,3.30192735290381,0.0434449529038137,2.51341873276799,-0.745063667232011
100,0.29,7.4039926965929,3.2792412,3.33584093137041,0.0565997313704152,2.58994202364652,-0.689299176353481
100,0.3,7.63998178769464,3.3,3.36955365867066,0.0695536586706633,2.66601210985243,-0.633987890147566
100,0.31,7.87454384676067,3.3146876,3.40306252425153,0.088374924251525,2.7416221983124,-0.573065401687598
100,0.32,8.10765619170839,3.3293752,3.43636428781548,0.106989087815484,2.81676497755295,-0.512610222447048
100,0.33,8.33929440859261,3.3431252,3.46945546165609,0.126330261656086,2.89143257784203,-0.451692622157972
100,0.34,8.56943221576174,3.3559376,3.50233229125168,0.146394691251678,2.96561652740031,-0.390321072599688
100,0.35,8.79804131429107,3.36875,3.53499073389872,0.166240733898724,3.03930770418901,-0.329442295810991
100,0.36,9.02509122292775,3.3778124,3.56742643513254,0.189614035132536,3.11249628270509,-0.26531611729491
100,0.37,9.25054909550623,3.3868748,3.59963470264375,0.212759902643747,3.18517167512589,-0.201703124874109
100,0.38,9.47437951846642,3.3931248,3.63161047735234,0.238485677352345,3.25732246603998,-0.135802333960018
100,0.39,9.69654428572181,3.3965624,3.66334830124597,0.266785901245973,3.32893633987684,-0.0676260601231586
100,0.4,9.91700214766549,3.4,3.69484228152364,0.294842281523641,3.40000000000001,7.105427357601e-15
