Kv,PM_10ms_nocomp_deg,PM_1ms_nocomp_deg,PM_1ms_lead_low_deg,PM_1ms_lead_high_deg,stable_10ms_nocomp,stable_1ms_nocomp,stable_1ms_lead_low,stable_1ms_lead_high
0.5,40.1913412372581,50.9795720029728,73.9617363781128,72.9243842663226,1,1,1,1
0.692307692307692,22.906494001322,34.7725202678873,63.5704175570674,62.4250090744676,1,1,1,1
0.884615384615385,13.9115362059418,26.5796327998422,58.5983349058842,57.3599777251038,1,1,1,1
1.07692307692308,8.05182630305778,21.4148461361884,55.7919641807612,54.4663386475357,1,1,1,1
1.26923076923077,3.78629488732424,17.7750057664787,54.0781893437192,52.6688271630016,1,1,1,1
1.46153846153846,0.460671376321249,15.0491260779607,52.9740179988574,51.4826993067702,1,1,1,1
1.65384615384615,-2.25615864134482,12.8950432485754,52.2400705162581,50.6680988842211,0,1,1,1
1.84615384615385,-4.5520611232596,11.1343066608235,51.7404916867544,50.0888333711714,0,1,1,1
2.03846153846154,-6.54986551421414,9.65653938531717,51.3932212977109,49.6626222186575,0,1,1,1
2.23076923076923,-8.30526014754568,8.38979055778588,51.1462368367836,49.3373296592439,0,1,1,1
2.42307692307692,-9.88407533135123,7.28514578006785,50.96512664743,49.0784463257367,0,1,1,1
2.61538461538462,-11.3209565890151,6.30307467372716,50.8259088114243,48.8614823552067,0,1,1,1
2.80769230769231,-12.641819321948,5.43139662580588,50.7140237442322,48.6730199473489,0,1,1,1
3,-13.8663229279641,4.64202500639315,50.6167702073634,48.4995367657871,0,1,1,1
3.19230769230769,-15.0096320179171,3.92161662575847,50.5261091393686,48.3330657009712,0,1,1,1
3.38461538461538,-16.0836399981718,3.25935737480026,50.4362119071215,48.1678238384292,0,1,1,1
3.57692307692308,-17.0978208084449,2.64682694734377,50.3428701632406,47.9996398389941,0,1,1,1
3.76923076923077,-18.0598305752041,2.07715897032142,50.2430664325887,47.8255316361393,0,1,1,1
3.96153846153846,-18.9759323879481,1.54400564714737,50.1346673983345,47.6433970951206,0,1,1,1
4.15384615384615,-19.8513119899903,1.04445507856084,50.0162034076871,47.4518051862214,0,1,1,1
4.34615384615385,-20.6903095173384,0.573444145501161,49.8866982961795,47.2498141792493,0,1,1,1
4.53846153846154,-21.4968595837986,0.127763254813906,49.7455519017488,47.0368582941298,0,1,1,1
4.73076923076923,-22.273448840973,-0.29529506325747,49.5924494659796,46.8126567063004,0,0,1,1
4.92307692307692,-23.0231676785742,-0.698038939848092,49.427293065748,46.5771445820859,0,0,1,1
5.11538461538461,-23.7483211727639,-1.08245164835788,49.2501491993824,46.3304203181929,0,0,1,1
5.30769230769231,-24.4509209538199,-1.45024844080781,49.059892608894,46.0708375432847,0,0,1,1
5.5,-25.1327321409876,-1.80292131318391,48.8596942322221,45.8028159017637,0,0,1,1
5.69230769230769,-25.7953115719347,-2.1417749202284,48.6483059786353,45.5244462792319,0,0,1,1
5.88461538461539,-26.4400391353277,-2.46795572331666,48.4261242320678,45.2361517037367,0,0,1,1
6.07692307692308,-27.0681435752493,-2.7824758405318,48.1935830832965,NaN,0,0,1,0
6.26923076923077,-27.6807238480493,-3.08623269128715,47.9511418352815,NaN,0,0,1,0
6.46153846153846,-28.2787668898389,-3.38002527227768,47.6992749469603,NaN,0,0,1,0
6.65384615384615,-28.8631624761075,-3.6645677165309,47.4384640112609,NaN,0,0,1,0
6.84615384615385,-29.4484278321763,-3.94306015940647,47.1691914258852,NaN,0,0,1,0
7.03846153846154,-30.0056800513643,-4.21039919218855,46.891487839582,NaN,0,0,1,0
7.23076923076923,-30.5518856724745,-4.47035893165993,46.6071567167673,NaN,0,0,1,0
7.42307692307692,-31.0875714945806,-4.72337772478659,46.3153137814309,NaN,0,0,1,0
7.61538461538461,-31.6132318279784,-4.96986675069864,46.0168632162095,NaN,0,0,1,0
7.80769230769231,-32.129329593002,-5.21032149934821,45.7122364400822,NaN,0,0,1,0
8,-32.6362978672967,-5.44502534916365,45.4018499984914,NaN,0,0,1,0
