episode,reward,steps,wall_s
1,-1018.41,5000,200.0
2,-1134.17,5000,200.0
3,-385.75,5000,200.0
4,-33.7662,5000,200.0
5,-63.3339,5000,200.0
6,-120.1,5000,406.1
7,-69.1183,5000,406.1
8,-60.6763,5000,406.1
9,-34.312,5000,406.1
10,-28.59,5000,406.1
11,-87.1481,5000,609.3
12,-48.0771,5000,609.3
13,-81.1354,5000,609.3
14,-111.709,5000,609.3
15,-55.5758,5000,609.3
16,-50.1927,5000,831.5
17,-54.5742,5000,831.5
18,-33.7648,5000,831.5
19,-24.6775,5000,831.5
20,-18.1344,5000,831.5
21,-12.4904,5000,1096.8
22,-12.0274,5000,1096.8
23,-12.7365,5000,1096.8
24,-11.1001,5000,1096.8
25,-12.5713,5000,1096.8
26,-18.3704,5000,1363.4
27,-12.3169,5000,1363.4
28,-14.4957,5000,1363.4
29,-11.6981,5000,1363.4
30,-12.1231,5000,1363.4
31,-14.8489,5000,1663.3
32,-14.5449,5000,1663.3
33,-13.8915,5000,1663.3
34,-16.2166,5000,1663.3
35,-16.6971,5000,1663.3
36,-15.5085,5000,1975.5
37,-13.0356,5000,1975.5
38,-11.1583,5000,1975.5
39,-13.0225,5000,1975.5
40,-13.2752,5000,1975.5
