wc_design_rad_s,seed,Kp,Ki_1_per_s,R_RMS_eT_Nm,S_HF_RMS_Ta_Nm,TV_Ta_Nm_per_s,e_rel_pct,MaxAbs_Ta_Nm
0.5,91001,0.120328475942318,0.601642379711591,2.43175099301069,0.0601166433006172,1.93062179128614,8.33727894396948,7.1749594844697
0.5,91002,0.120328475942318,0.601642379711591,2.43181961704454,0.0600019139021005,1.91697086826215,8.33349346633397,7.17414370096258
0.5,91003,0.120328475942318,0.601642379711591,2.43177589466256,0.0599530456800633,1.90311118453591,8.32567979341658,7.17515659635472
1,91001,0.120276998986987,1.20276998986987,2.34275495266246,0.0893562586278074,2.51769513159663,10.4566483626857,7.54079407079705
1,91002,0.120276998986987,1.20276998986987,2.34268322652355,0.089236259023631,2.50546602785799,10.359866629088,7.54993515713287
1,91003,0.120276998986987,1.20276998986987,2.34267815826518,0.089262036148549,2.493899453027,10.3911631168535,7.55338064179825
1.5,91001,0.120189220340107,1.8028383051016,2.20979639131255,0.116763306956122,3.05962931940917,3.48871763418335,7.80392709425749
1.5,91002,0.120189220340107,1.8028383051016,2.20967979502649,0.116640441589513,3.04741651352709,3.4571559705419,7.80392709425749
1.5,91003,0.120189220340107,1.8028383051016,2.20956507519577,0.116736550964348,3.04686329657686,3.43249579100325,7.80392709425749
2,91001,0.120065145497454,2.40130290994908,2.05719259340991,0.139851492394637,3.51851840061194,4.0753137280558,7.80392709425749
2,91002,0.120065145497454,2.40130290994908,2.05839776952997,0.139868598114958,3.5016262199399,4.1886371699804,7.80392709425749
2,91003,0.120065145497454,2.40130290994908,2.05739347750798,0.139861578257463,3.50548211534109,3.88218093307055,7.80392709425749
2.5,91001,0.119904783286565,2.99761958216411,1.89546848600872,0.158261370728842,3.93610112413644,3.37735972453515,7.80392709425749
2.5,91002,0.119904783286565,2.99761958216411,1.89679320654653,0.158296916757443,3.89649720796401,3.54020421484031,7.80392709425749
2.5,91003,0.119904783286565,2.99761958216411,1.89511086384728,0.158211314502253,3.89405470304004,3.41212869127914,7.80392709425749
3,91001,0.119708145922585,3.59124437767754,1.74802422511658,0.172682398361606,4.21073269855456,2.30666327747245,7.80392709425749
3,91002,0.119708145922585,3.59124437767754,1.74894645576859,0.172790567334723,4.17437731182898,2.32961276349626,7.80392709425749
3,91003,0.119708145922585,3.59124437767754,1.74764732111476,0.172700478641711,4.1601163461731,2.34539588505616,7.80392709425749
3.5,91001,0.119475249079964,4.18163371779875,1.62012415874866,0.18448807028186,4.41564414359949,1.59548961607905,7.80392709425749
3.5,91002,0.119475249079964,4.18163371779875,1.62107111195868,0.184585498448897,4.39331064762513,1.62856837741712,7.80392709425749
3.5,91003,0.119475249079964,4.18163371779875,1.61959897510236,0.184424273194914,4.35626696115578,1.62316839665503,7.80392709425749
4,91001,0.119206111981458,4.76824447925832,1.51311166555195,0.194675641588556,4.57611208423022,0.706746563034543,7.80392709425749
4,91002,0.119206111981458,4.76824447925832,1.51422121511832,0.194886801388244,4.56773030250102,0.740968438651137,7.80392709425749
4,91003,0.119206111981458,4.76824447925832,1.51266564917228,0.194608689607139,4.52272606385325,0.736027431346558,7.80392709425749
4.5,91001,0.11890075750555,5.35053408774977,1.42315287853839,0.203768614899393,4.71857662122573,0.67556171084469,7.80392709425749
4.5,91002,0.11890075750555,5.35053408774977,1.42410592804636,0.20393623027831,4.70906683183929,0.603519138018208,7.80392709425749
4.5,91003,0.11890075750555,5.35053408774977,1.42262310631106,0.203765700093309,4.66324842765502,0.548439846524067,7.80392709425749
5,91001,0.118559212311702,5.92796061558508,1.34745035215015,0.211687008437236,4.84997099575307,1.07461791279287,7.80392709425749
5,91002,0.118559212311702,5.92796061558508,1.34813098831359,0.21203814633047,4.83342348947245,0.993276514030601,7.80392709425749
5,91003,0.118559212311702,5.92796061558508,1.3467297570136,0.211725413827513,4.7796668395093,0.938218207573591,7.80392709425749
6,91001,0.124244616176033,7.06218184812098,1.22536888425159,0.224790516718438,5.07386257779898,1.21377916918377,7.80392709425749
6,91002,0.124244616176033,7.06218184812098,1.22602169128504,0.225314386711093,5.04136747874855,1.16215141551201,7.80392709425749
6,91003,0.124244616176033,7.06218184812098,1.22501887655388,0.224740255027071,5.00666905765076,1.12711282865194,7.80392709425749
6.5,91001,0.189384286000101,7.56567883814777,1.16021397732259,0.229278457809818,5.45408915487774,1.06011230026213,7.80392709425749
6.5,91002,0.189384286000101,7.56567883814777,1.16080964859258,0.229793357409542,5.41210801231083,1.05134470582575,7.80392709425749
6.5,91003,0.189384286000101,7.56567883814777,1.1596712991137,0.229241565216709,5.40515859220851,1.0844510863237,7.80392709425749
7,91001,0.257937342057882,8.02164183714413,1.1043854528933,0.233764188172101,5.88012811562312,0.924548302044358,7.80392709425749
7,91002,0.257937342057882,8.02164183714413,1.105241744636,0.234361284108821,5.82590898983867,0.917364220159731,7.80392709425749
7,91003,0.257937342057882,8.02164183714413,1.10389236723545,0.233831010573584,5.8348800106989,0.961164775959816,7.80392709425749
